date_key,date,year,quarter,quarter_label,month_num,month_name,month_label,month_sort_key,day,day_of_week_num,day_name,is_weekend
20090101,2009-01-01,2009,1,Q1 2009,1,January,Jan 2009,200901,1,3,Thursday,False
20090102,2009-01-02,2009,1,Q1 2009,1,January,Jan 2009,200901,2,4,Friday,False
20090103,2009-01-03,2009,1,Q1 2009,1,January,Jan 2009,200901,3,5,Saturday,True
20090104,2009-01-04,2009,1,Q1 2009,1,January,Jan 2009,200901,4,6,Sunday,True
20090105,2009-01-05,2009,1,Q1 2009,1,January,Jan 2009,200901,5,0,Monday,False
20090106,2009-01-06,2009,1,Q1 2009,1,January,Jan 2009,200901,6,1,Tuesday,False
20090107,2009-01-07,2009,1,Q1 2009,1,January,Jan 2009,200901,7,2,Wednesday,False
20090108,2009-01-08,2009,1,Q1 2009,1,January,Jan 2009,200901,8,3,Thursday,False
20090109,2009-01-09,2009,1,Q1 2009,1,January,Jan 2009,200901,9,4,Friday,False
20090110,2009-01-10,2009,1,Q1 2009,1,January,Jan 2009,200901,10,5,Saturday,True
20090111,2009-01-11,2009,1,Q1 2009,1,January,Jan 2009,200901,11,6,Sunday,True
20090112,2009-01-12,2009,1,Q1 2009,1,January,Jan 2009,200901,12,0,Monday,False
20090113,2009-01-13,2009,1,Q1 2009,1,January,Jan 2009,200901,13,1,Tuesday,False
20090114,2009-01-14,2009,1,Q1 2009,1,January,Jan 2009,200901,14,2,Wednesday,False
20090115,2009-01-15,2009,1,Q1 2009,1,January,Jan 2009,200901,15,3,Thursday,False
20090116,2009-01-16,2009,1,Q1 2009,1,January,Jan 2009,200901,16,4,Friday,False
20090117,2009-01-17,2009,1,Q1 2009,1,January,Jan 2009,200901,17,5,Saturday,True
20090118,2009-01-18,2009,1,Q1 2009,1,January,Jan 2009,200901,18,6,Sunday,True
20090119,2009-01-19,2009,1,Q1 2009,1,January,Jan 2009,200901,19,0,Monday,False
20090120,2009-01-20,2009,1,Q1 2009,1,January,Jan 2009,200901,20,1,Tuesday,False
20090121,2009-01-21,2009,1,Q1 2009,1,January,Jan 2009,200901,21,2,Wednesday,False
20090122,2009-01-22,2009,1,Q1 2009,1,January,Jan 2009,200901,22,3,Thursday,False
20090123,2009-01-23,2009,1,Q1 2009,1,January,Jan 2009,200901,23,4,Friday,False
20090124,2009-01-24,2009,1,Q1 2009,1,January,Jan 2009,200901,24,5,Saturday,True
20090125,2009-01-25,2009,1,Q1 2009,1,January,Jan 2009,200901,25,6,Sunday,True
20090126,2009-01-26,2009,1,Q1 2009,1,January,Jan 2009,200901,26,0,Monday,False
20090127,2009-01-27,2009,1,Q1 2009,1,January,Jan 2009,200901,27,1,Tuesday,False
20090128,2009-01-28,2009,1,Q1 2009,1,January,Jan 2009,200901,28,2,Wednesday,False
20090129,2009-01-29,2009,1,Q1 2009,1,January,Jan 2009,200901,29,3,Thursday,False
20090130,2009-01-30,2009,1,Q1 2009,1,January,Jan 2009,200901,30,4,Friday,False
20090131,2009-01-31,2009,1,Q1 2009,1,January,Jan 2009,200901,31,5,Saturday,True
20090201,2009-02-01,2009,1,Q1 2009,2,February,Feb 2009,200902,1,6,Sunday,True
20090202,2009-02-02,2009,1,Q1 2009,2,February,Feb 2009,200902,2,0,Monday,False
20090203,2009-02-03,2009,1,Q1 2009,2,February,Feb 2009,200902,3,1,Tuesday,False
20090204,2009-02-04,2009,1,Q1 2009,2,February,Feb 2009,200902,4,2,Wednesday,False
20090205,2009-02-05,2009,1,Q1 2009,2,February,Feb 2009,200902,5,3,Thursday,False
20090206,2009-02-06,2009,1,Q1 2009,2,February,Feb 2009,200902,6,4,Friday,False
20090207,2009-02-07,2009,1,Q1 2009,2,February,Feb 2009,200902,7,5,Saturday,True
20090208,2009-02-08,2009,1,Q1 2009,2,February,Feb 2009,200902,8,6,Sunday,True
20090209,2009-02-09,2009,1,Q1 2009,2,February,Feb 2009,200902,9,0,Monday,False
20090210,2009-02-10,2009,1,Q1 2009,2,February,Feb 2009,200902,10,1,Tuesday,False
20090211,2009-02-11,2009,1,Q1 2009,2,February,Feb 2009,200902,11,2,Wednesday,False
20090212,2009-02-12,2009,1,Q1 2009,2,February,Feb 2009,200902,12,3,Thursday,False
20090213,2009-02-13,2009,1,Q1 2009,2,February,Feb 2009,200902,13,4,Friday,False
20090214,2009-02-14,2009,1,Q1 2009,2,February,Feb 2009,200902,14,5,Saturday,True
20090215,2009-02-15,2009,1,Q1 2009,2,February,Feb 2009,200902,15,6,Sunday,True
20090216,2009-02-16,2009,1,Q1 2009,2,February,Feb 2009,200902,16,0,Monday,False
20090217,2009-02-17,2009,1,Q1 2009,2,February,Feb 2009,200902,17,1,Tuesday,False
20090218,2009-02-18,2009,1,Q1 2009,2,February,Feb 2009,200902,18,2,Wednesday,False
20090219,2009-02-19,2009,1,Q1 2009,2,February,Feb 2009,200902,19,3,Thursday,False
20090220,2009-02-20,2009,1,Q1 2009,2,February,Feb 2009,200902,20,4,Friday,False
20090221,2009-02-21,2009,1,Q1 2009,2,February,Feb 2009,200902,21,5,Saturday,True
20090222,2009-02-22,2009,1,Q1 2009,2,February,Feb 2009,200902,22,6,Sunday,True
20090223,2009-02-23,2009,1,Q1 2009,2,February,Feb 2009,200902,23,0,Monday,False
20090224,2009-02-24,2009,1,Q1 2009,2,February,Feb 2009,200902,24,1,Tuesday,False
20090225,2009-02-25,2009,1,Q1 2009,2,February,Feb 2009,200902,25,2,Wednesday,False
20090226,2009-02-26,2009,1,Q1 2009,2,February,Feb 2009,200902,26,3,Thursday,False
20090227,2009-02-27,2009,1,Q1 2009,2,February,Feb 2009,200902,27,4,Friday,False
20090228,2009-02-28,2009,1,Q1 2009,2,February,Feb 2009,200902,28,5,Saturday,True
20090301,2009-03-01,2009,1,Q1 2009,3,March,Mar 2009,200903,1,6,Sunday,True
20090302,2009-03-02,2009,1,Q1 2009,3,March,Mar 2009,200903,2,0,Monday,False
20090303,2009-03-03,2009,1,Q1 2009,3,March,Mar 2009,200903,3,1,Tuesday,False
20090304,2009-03-04,2009,1,Q1 2009,3,March,Mar 2009,200903,4,2,Wednesday,False
20090305,2009-03-05,2009,1,Q1 2009,3,March,Mar 2009,200903,5,3,Thursday,False
20090306,2009-03-06,2009,1,Q1 2009,3,March,Mar 2009,200903,6,4,Friday,False
20090307,2009-03-07,2009,1,Q1 2009,3,March,Mar 2009,200903,7,5,Saturday,True
20090308,2009-03-08,2009,1,Q1 2009,3,March,Mar 2009,200903,8,6,Sunday,True
20090309,2009-03-09,2009,1,Q1 2009,3,March,Mar 2009,200903,9,0,Monday,False
20090310,2009-03-10,2009,1,Q1 2009,3,March,Mar 2009,200903,10,1,Tuesday,False
20090311,2009-03-11,2009,1,Q1 2009,3,March,Mar 2009,200903,11,2,Wednesday,False
20090312,2009-03-12,2009,1,Q1 2009,3,March,Mar 2009,200903,12,3,Thursday,False
20090313,2009-03-13,2009,1,Q1 2009,3,March,Mar 2009,200903,13,4,Friday,False
20090314,2009-03-14,2009,1,Q1 2009,3,March,Mar 2009,200903,14,5,Saturday,True
20090315,2009-03-15,2009,1,Q1 2009,3,March,Mar 2009,200903,15,6,Sunday,True
20090316,2009-03-16,2009,1,Q1 2009,3,March,Mar 2009,200903,16,0,Monday,False
20090317,2009-03-17,2009,1,Q1 2009,3,March,Mar 2009,200903,17,1,Tuesday,False
20090318,2009-03-18,2009,1,Q1 2009,3,March,Mar 2009,200903,18,2,Wednesday,False
20090319,2009-03-19,2009,1,Q1 2009,3,March,Mar 2009,200903,19,3,Thursday,False
20090320,2009-03-20,2009,1,Q1 2009,3,March,Mar 2009,200903,20,4,Friday,False
20090321,2009-03-21,2009,1,Q1 2009,3,March,Mar 2009,200903,21,5,Saturday,True
20090322,2009-03-22,2009,1,Q1 2009,3,March,Mar 2009,200903,22,6,Sunday,True
20090323,2009-03-23,2009,1,Q1 2009,3,March,Mar 2009,200903,23,0,Monday,False
20090324,2009-03-24,2009,1,Q1 2009,3,March,Mar 2009,200903,24,1,Tuesday,False
20090325,2009-03-25,2009,1,Q1 2009,3,March,Mar 2009,200903,25,2,Wednesday,False
20090326,2009-03-26,2009,1,Q1 2009,3,March,Mar 2009,200903,26,3,Thursday,False
20090327,2009-03-27,2009,1,Q1 2009,3,March,Mar 2009,200903,27,4,Friday,False
20090328,2009-03-28,2009,1,Q1 2009,3,March,Mar 2009,200903,28,5,Saturday,True
20090329,2009-03-29,2009,1,Q1 2009,3,March,Mar 2009,200903,29,6,Sunday,True
20090330,2009-03-30,2009,1,Q1 2009,3,March,Mar 2009,200903,30,0,Monday,False
20090331,2009-03-31,2009,1,Q1 2009,3,March,Mar 2009,200903,31,1,Tuesday,False
20090401,2009-04-01,2009,2,Q2 2009,4,April,Apr 2009,200904,1,2,Wednesday,False
20090402,2009-04-02,2009,2,Q2 2009,4,April,Apr 2009,200904,2,3,Thursday,False
20090403,2009-04-03,2009,2,Q2 2009,4,April,Apr 2009,200904,3,4,Friday,False
20090404,2009-04-04,2009,2,Q2 2009,4,April,Apr 2009,200904,4,5,Saturday,True
20090405,2009-04-05,2009,2,Q2 2009,4,April,Apr 2009,200904,5,6,Sunday,True
20090406,2009-04-06,2009,2,Q2 2009,4,April,Apr 2009,200904,6,0,Monday,False
20090407,2009-04-07,2009,2,Q2 2009,4,April,Apr 2009,200904,7,1,Tuesday,False
20090408,2009-04-08,2009,2,Q2 2009,4,April,Apr 2009,200904,8,2,Wednesday,False
20090409,2009-04-09,2009,2,Q2 2009,4,April,Apr 2009,200904,9,3,Thursday,False
20090410,2009-04-10,2009,2,Q2 2009,4,April,Apr 2009,200904,10,4,Friday,False
20090411,2009-04-11,2009,2,Q2 2009,4,April,Apr 2009,200904,11,5,Saturday,True
20090412,2009-04-12,2009,2,Q2 2009,4,April,Apr 2009,200904,12,6,Sunday,True
20090413,2009-04-13,2009,2,Q2 2009,4,April,Apr 2009,200904,13,0,Monday,False
20090414,2009-04-14,2009,2,Q2 2009,4,April,Apr 2009,200904,14,1,Tuesday,False
20090415,2009-04-15,2009,2,Q2 2009,4,April,Apr 2009,200904,15,2,Wednesday,False
20090416,2009-04-16,2009,2,Q2 2009,4,April,Apr 2009,200904,16,3,Thursday,False
20090417,2009-04-17,2009,2,Q2 2009,4,April,Apr 2009,200904,17,4,Friday,False
20090418,2009-04-18,2009,2,Q2 2009,4,April,Apr 2009,200904,18,5,Saturday,True
20090419,2009-04-19,2009,2,Q2 2009,4,April,Apr 2009,200904,19,6,Sunday,True
20090420,2009-04-20,2009,2,Q2 2009,4,April,Apr 2009,200904,20,0,Monday,False
20090421,2009-04-21,2009,2,Q2 2009,4,April,Apr 2009,200904,21,1,Tuesday,False
20090422,2009-04-22,2009,2,Q2 2009,4,April,Apr 2009,200904,22,2,Wednesday,False
20090423,2009-04-23,2009,2,Q2 2009,4,April,Apr 2009,200904,23,3,Thursday,False
20090424,2009-04-24,2009,2,Q2 2009,4,April,Apr 2009,200904,24,4,Friday,False
20090425,2009-04-25,2009,2,Q2 2009,4,April,Apr 2009,200904,25,5,Saturday,True
20090426,2009-04-26,2009,2,Q2 2009,4,April,Apr 2009,200904,26,6,Sunday,True
20090427,2009-04-27,2009,2,Q2 2009,4,April,Apr 2009,200904,27,0,Monday,False
20090428,2009-04-28,2009,2,Q2 2009,4,April,Apr 2009,200904,28,1,Tuesday,False
20090429,2009-04-29,2009,2,Q2 2009,4,April,Apr 2009,200904,29,2,Wednesday,False
20090430,2009-04-30,2009,2,Q2 2009,4,April,Apr 2009,200904,30,3,Thursday,False
20090501,2009-05-01,2009,2,Q2 2009,5,May,May 2009,200905,1,4,Friday,False
20090502,2009-05-02,2009,2,Q2 2009,5,May,May 2009,200905,2,5,Saturday,True
20090503,2009-05-03,2009,2,Q2 2009,5,May,May 2009,200905,3,6,Sunday,True
20090504,2009-05-04,2009,2,Q2 2009,5,May,May 2009,200905,4,0,Monday,False
20090505,2009-05-05,2009,2,Q2 2009,5,May,May 2009,200905,5,1,Tuesday,False
20090506,2009-05-06,2009,2,Q2 2009,5,May,May 2009,200905,6,2,Wednesday,False
20090507,2009-05-07,2009,2,Q2 2009,5,May,May 2009,200905,7,3,Thursday,False
20090508,2009-05-08,2009,2,Q2 2009,5,May,May 2009,200905,8,4,Friday,False
20090509,2009-05-09,2009,2,Q2 2009,5,May,May 2009,200905,9,5,Saturday,True
20090510,2009-05-10,2009,2,Q2 2009,5,May,May 2009,200905,10,6,Sunday,True
20090511,2009-05-11,2009,2,Q2 2009,5,May,May 2009,200905,11,0,Monday,False
20090512,2009-05-12,2009,2,Q2 2009,5,May,May 2009,200905,12,1,Tuesday,False
20090513,2009-05-13,2009,2,Q2 2009,5,May,May 2009,200905,13,2,Wednesday,False
20090514,2009-05-14,2009,2,Q2 2009,5,May,May 2009,200905,14,3,Thursday,False
20090515,2009-05-15,2009,2,Q2 2009,5,May,May 2009,200905,15,4,Friday,False
20090516,2009-05-16,2009,2,Q2 2009,5,May,May 2009,200905,16,5,Saturday,True
20090517,2009-05-17,2009,2,Q2 2009,5,May,May 2009,200905,17,6,Sunday,True
20090518,2009-05-18,2009,2,Q2 2009,5,May,May 2009,200905,18,0,Monday,False
20090519,2009-05-19,2009,2,Q2 2009,5,May,May 2009,200905,19,1,Tuesday,False
20090520,2009-05-20,2009,2,Q2 2009,5,May,May 2009,200905,20,2,Wednesday,False
20090521,2009-05-21,2009,2,Q2 2009,5,May,May 2009,200905,21,3,Thursday,False
20090522,2009-05-22,2009,2,Q2 2009,5,May,May 2009,200905,22,4,Friday,False
20090523,2009-05-23,2009,2,Q2 2009,5,May,May 2009,200905,23,5,Saturday,True
20090524,2009-05-24,2009,2,Q2 2009,5,May,May 2009,200905,24,6,Sunday,True
20090525,2009-05-25,2009,2,Q2 2009,5,May,May 2009,200905,25,0,Monday,False
20090526,2009-05-26,2009,2,Q2 2009,5,May,May 2009,200905,26,1,Tuesday,False
20090527,2009-05-27,2009,2,Q2 2009,5,May,May 2009,200905,27,2,Wednesday,False
20090528,2009-05-28,2009,2,Q2 2009,5,May,May 2009,200905,28,3,Thursday,False
20090529,2009-05-29,2009,2,Q2 2009,5,May,May 2009,200905,29,4,Friday,False
20090530,2009-05-30,2009,2,Q2 2009,5,May,May 2009,200905,30,5,Saturday,True
20090531,2009-05-31,2009,2,Q2 2009,5,May,May 2009,200905,31,6,Sunday,True
20090601,2009-06-01,2009,2,Q2 2009,6,June,Jun 2009,200906,1,0,Monday,False
20090602,2009-06-02,2009,2,Q2 2009,6,June,Jun 2009,200906,2,1,Tuesday,False
20090603,2009-06-03,2009,2,Q2 2009,6,June,Jun 2009,200906,3,2,Wednesday,False
20090604,2009-06-04,2009,2,Q2 2009,6,June,Jun 2009,200906,4,3,Thursday,False
20090605,2009-06-05,2009,2,Q2 2009,6,June,Jun 2009,200906,5,4,Friday,False
20090606,2009-06-06,2009,2,Q2 2009,6,June,Jun 2009,200906,6,5,Saturday,True
20090607,2009-06-07,2009,2,Q2 2009,6,June,Jun 2009,200906,7,6,Sunday,True
20090608,2009-06-08,2009,2,Q2 2009,6,June,Jun 2009,200906,8,0,Monday,False
20090609,2009-06-09,2009,2,Q2 2009,6,June,Jun 2009,200906,9,1,Tuesday,False
20090610,2009-06-10,2009,2,Q2 2009,6,June,Jun 2009,200906,10,2,Wednesday,False
20090611,2009-06-11,2009,2,Q2 2009,6,June,Jun 2009,200906,11,3,Thursday,False
20090612,2009-06-12,2009,2,Q2 2009,6,June,Jun 2009,200906,12,4,Friday,False
20090613,2009-06-13,2009,2,Q2 2009,6,June,Jun 2009,200906,13,5,Saturday,True
20090614,2009-06-14,2009,2,Q2 2009,6,June,Jun 2009,200906,14,6,Sunday,True
20090615,2009-06-15,2009,2,Q2 2009,6,June,Jun 2009,200906,15,0,Monday,False
20090616,2009-06-16,2009,2,Q2 2009,6,June,Jun 2009,200906,16,1,Tuesday,False
20090617,2009-06-17,2009,2,Q2 2009,6,June,Jun 2009,200906,17,2,Wednesday,False
20090618,2009-06-18,2009,2,Q2 2009,6,June,Jun 2009,200906,18,3,Thursday,False
20090619,2009-06-19,2009,2,Q2 2009,6,June,Jun 2009,200906,19,4,Friday,False
20090620,2009-06-20,2009,2,Q2 2009,6,June,Jun 2009,200906,20,5,Saturday,True
20090621,2009-06-21,2009,2,Q2 2009,6,June,Jun 2009,200906,21,6,Sunday,True
20090622,2009-06-22,2009,2,Q2 2009,6,June,Jun 2009,200906,22,0,Monday,False
20090623,2009-06-23,2009,2,Q2 2009,6,June,Jun 2009,200906,23,1,Tuesday,False
20090624,2009-06-24,2009,2,Q2 2009,6,June,Jun 2009,200906,24,2,Wednesday,False
20090625,2009-06-25,2009,2,Q2 2009,6,June,Jun 2009,200906,25,3,Thursday,False
20090626,2009-06-26,2009,2,Q2 2009,6,June,Jun 2009,200906,26,4,Friday,False
20090627,2009-06-27,2009,2,Q2 2009,6,June,Jun 2009,200906,27,5,Saturday,True
20090628,2009-06-28,2009,2,Q2 2009,6,June,Jun 2009,200906,28,6,Sunday,True
20090629,2009-06-29,2009,2,Q2 2009,6,June,Jun 2009,200906,29,0,Monday,False
20090630,2009-06-30,2009,2,Q2 2009,6,June,Jun 2009,200906,30,1,Tuesday,False
20090701,2009-07-01,2009,3,Q3 2009,7,July,Jul 2009,200907,1,2,Wednesday,False
20090702,2009-07-02,2009,3,Q3 2009,7,July,Jul 2009,200907,2,3,Thursday,False
20090703,2009-07-03,2009,3,Q3 2009,7,July,Jul 2009,200907,3,4,Friday,False
20090704,2009-07-04,2009,3,Q3 2009,7,July,Jul 2009,200907,4,5,Saturday,True
20090705,2009-07-05,2009,3,Q3 2009,7,July,Jul 2009,200907,5,6,Sunday,True
20090706,2009-07-06,2009,3,Q3 2009,7,July,Jul 2009,200907,6,0,Monday,False
20090707,2009-07-07,2009,3,Q3 2009,7,July,Jul 2009,200907,7,1,Tuesday,False
20090708,2009-07-08,2009,3,Q3 2009,7,July,Jul 2009,200907,8,2,Wednesday,False
20090709,2009-07-09,2009,3,Q3 2009,7,July,Jul 2009,200907,9,3,Thursday,False
20090710,2009-07-10,2009,3,Q3 2009,7,July,Jul 2009,200907,10,4,Friday,False
20090711,2009-07-11,2009,3,Q3 2009,7,July,Jul 2009,200907,11,5,Saturday,True
20090712,2009-07-12,2009,3,Q3 2009,7,July,Jul 2009,200907,12,6,Sunday,True
20090713,2009-07-13,2009,3,Q3 2009,7,July,Jul 2009,200907,13,0,Monday,False
20090714,2009-07-14,2009,3,Q3 2009,7,July,Jul 2009,200907,14,1,Tuesday,False
20090715,2009-07-15,2009,3,Q3 2009,7,July,Jul 2009,200907,15,2,Wednesday,False
20090716,2009-07-16,2009,3,Q3 2009,7,July,Jul 2009,200907,16,3,Thursday,False
20090717,2009-07-17,2009,3,Q3 2009,7,July,Jul 2009,200907,17,4,Friday,False
20090718,2009-07-18,2009,3,Q3 2009,7,July,Jul 2009,200907,18,5,Saturday,True
20090719,2009-07-19,2009,3,Q3 2009,7,July,Jul 2009,200907,19,6,Sunday,True
20090720,2009-07-20,2009,3,Q3 2009,7,July,Jul 2009,200907,20,0,Monday,False
20090721,2009-07-21,2009,3,Q3 2009,7,July,Jul 2009,200907,21,1,Tuesday,False
20090722,2009-07-22,2009,3,Q3 2009,7,July,Jul 2009,200907,22,2,Wednesday,False
20090723,2009-07-23,2009,3,Q3 2009,7,July,Jul 2009,200907,23,3,Thursday,False
20090724,2009-07-24,2009,3,Q3 2009,7,July,Jul 2009,200907,24,4,Friday,False
20090725,2009-07-25,2009,3,Q3 2009,7,July,Jul 2009,200907,25,5,Saturday,True
20090726,2009-07-26,2009,3,Q3 2009,7,July,Jul 2009,200907,26,6,Sunday,True
20090727,2009-07-27,2009,3,Q3 2009,7,July,Jul 2009,200907,27,0,Monday,False
20090728,2009-07-28,2009,3,Q3 2009,7,July,Jul 2009,200907,28,1,Tuesday,False
20090729,2009-07-29,2009,3,Q3 2009,7,July,Jul 2009,200907,29,2,Wednesday,False
20090730,2009-07-30,2009,3,Q3 2009,7,July,Jul 2009,200907,30,3,Thursday,False
20090731,2009-07-31,2009,3,Q3 2009,7,July,Jul 2009,200907,31,4,Friday,False
20090801,2009-08-01,2009,3,Q3 2009,8,August,Aug 2009,200908,1,5,Saturday,True
20090802,2009-08-02,2009,3,Q3 2009,8,August,Aug 2009,200908,2,6,Sunday,True
20090803,2009-08-03,2009,3,Q3 2009,8,August,Aug 2009,200908,3,0,Monday,False
20090804,2009-08-04,2009,3,Q3 2009,8,August,Aug 2009,200908,4,1,Tuesday,False
20090805,2009-08-05,2009,3,Q3 2009,8,August,Aug 2009,200908,5,2,Wednesday,False
20090806,2009-08-06,2009,3,Q3 2009,8,August,Aug 2009,200908,6,3,Thursday,False
20090807,2009-08-07,2009,3,Q3 2009,8,August,Aug 2009,200908,7,4,Friday,False
20090808,2009-08-08,2009,3,Q3 2009,8,August,Aug 2009,200908,8,5,Saturday,True
20090809,2009-08-09,2009,3,Q3 2009,8,August,Aug 2009,200908,9,6,Sunday,True
20090810,2009-08-10,2009,3,Q3 2009,8,August,Aug 2009,200908,10,0,Monday,False
20090811,2009-08-11,2009,3,Q3 2009,8,August,Aug 2009,200908,11,1,Tuesday,False
20090812,2009-08-12,2009,3,Q3 2009,8,August,Aug 2009,200908,12,2,Wednesday,False
20090813,2009-08-13,2009,3,Q3 2009,8,August,Aug 2009,200908,13,3,Thursday,False
20090814,2009-08-14,2009,3,Q3 2009,8,August,Aug 2009,200908,14,4,Friday,False
20090815,2009-08-15,2009,3,Q3 2009,8,August,Aug 2009,200908,15,5,Saturday,True
20090816,2009-08-16,2009,3,Q3 2009,8,August,Aug 2009,200908,16,6,Sunday,True
20090817,2009-08-17,2009,3,Q3 2009,8,August,Aug 2009,200908,17,0,Monday,False
20090818,2009-08-18,2009,3,Q3 2009,8,August,Aug 2009,200908,18,1,Tuesday,False
20090819,2009-08-19,2009,3,Q3 2009,8,August,Aug 2009,200908,19,2,Wednesday,False
20090820,2009-08-20,2009,3,Q3 2009,8,August,Aug 2009,200908,20,3,Thursday,False
20090821,2009-08-21,2009,3,Q3 2009,8,August,Aug 2009,200908,21,4,Friday,False
20090822,2009-08-22,2009,3,Q3 2009,8,August,Aug 2009,200908,22,5,Saturday,True
20090823,2009-08-23,2009,3,Q3 2009,8,August,Aug 2009,200908,23,6,Sunday,True
20090824,2009-08-24,2009,3,Q3 2009,8,August,Aug 2009,200908,24,0,Monday,False
20090825,2009-08-25,2009,3,Q3 2009,8,August,Aug 2009,200908,25,1,Tuesday,False
20090826,2009-08-26,2009,3,Q3 2009,8,August,Aug 2009,200908,26,2,Wednesday,False
20090827,2009-08-27,2009,3,Q3 2009,8,August,Aug 2009,200908,27,3,Thursday,False
20090828,2009-08-28,2009,3,Q3 2009,8,August,Aug 2009,200908,28,4,Friday,False
20090829,2009-08-29,2009,3,Q3 2009,8,August,Aug 2009,200908,29,5,Saturday,True
20090830,2009-08-30,2009,3,Q3 2009,8,August,Aug 2009,200908,30,6,Sunday,True
20090831,2009-08-31,2009,3,Q3 2009,8,August,Aug 2009,200908,31,0,Monday,False
20090901,2009-09-01,2009,3,Q3 2009,9,September,Sep 2009,200909,1,1,Tuesday,False
20090902,2009-09-02,2009,3,Q3 2009,9,September,Sep 2009,200909,2,2,Wednesday,False
20090903,2009-09-03,2009,3,Q3 2009,9,September,Sep 2009,200909,3,3,Thursday,False
20090904,2009-09-04,2009,3,Q3 2009,9,September,Sep 2009,200909,4,4,Friday,False
20090905,2009-09-05,2009,3,Q3 2009,9,September,Sep 2009,200909,5,5,Saturday,True
20090906,2009-09-06,2009,3,Q3 2009,9,September,Sep 2009,200909,6,6,Sunday,True
20090907,2009-09-07,2009,3,Q3 2009,9,September,Sep 2009,200909,7,0,Monday,False
20090908,2009-09-08,2009,3,Q3 2009,9,September,Sep 2009,200909,8,1,Tuesday,False
20090909,2009-09-09,2009,3,Q3 2009,9,September,Sep 2009,200909,9,2,Wednesday,False
20090910,2009-09-10,2009,3,Q3 2009,9,September,Sep 2009,200909,10,3,Thursday,False
20090911,2009-09-11,2009,3,Q3 2009,9,September,Sep 2009,200909,11,4,Friday,False
20090912,2009-09-12,2009,3,Q3 2009,9,September,Sep 2009,200909,12,5,Saturday,True
20090913,2009-09-13,2009,3,Q3 2009,9,September,Sep 2009,200909,13,6,Sunday,True
20090914,2009-09-14,2009,3,Q3 2009,9,September,Sep 2009,200909,14,0,Monday,False
20090915,2009-09-15,2009,3,Q3 2009,9,September,Sep 2009,200909,15,1,Tuesday,False
20090916,2009-09-16,2009,3,Q3 2009,9,September,Sep 2009,200909,16,2,Wednesday,False
20090917,2009-09-17,2009,3,Q3 2009,9,September,Sep 2009,200909,17,3,Thursday,False
20090918,2009-09-18,2009,3,Q3 2009,9,September,Sep 2009,200909,18,4,Friday,False
20090919,2009-09-19,2009,3,Q3 2009,9,September,Sep 2009,200909,19,5,Saturday,True
20090920,2009-09-20,2009,3,Q3 2009,9,September,Sep 2009,200909,20,6,Sunday,True
20090921,2009-09-21,2009,3,Q3 2009,9,September,Sep 2009,200909,21,0,Monday,False
20090922,2009-09-22,2009,3,Q3 2009,9,September,Sep 2009,200909,22,1,Tuesday,False
20090923,2009-09-23,2009,3,Q3 2009,9,September,Sep 2009,200909,23,2,Wednesday,False
20090924,2009-09-24,2009,3,Q3 2009,9,September,Sep 2009,200909,24,3,Thursday,False
20090925,2009-09-25,2009,3,Q3 2009,9,September,Sep 2009,200909,25,4,Friday,False
20090926,2009-09-26,2009,3,Q3 2009,9,September,Sep 2009,200909,26,5,Saturday,True
20090927,2009-09-27,2009,3,Q3 2009,9,September,Sep 2009,200909,27,6,Sunday,True
20090928,2009-09-28,2009,3,Q3 2009,9,September,Sep 2009,200909,28,0,Monday,False
20090929,2009-09-29,2009,3,Q3 2009,9,September,Sep 2009,200909,29,1,Tuesday,False
20090930,2009-09-30,2009,3,Q3 2009,9,September,Sep 2009,200909,30,2,Wednesday,False
20091001,2009-10-01,2009,4,Q4 2009,10,October,Oct 2009,200910,1,3,Thursday,False
20091002,2009-10-02,2009,4,Q4 2009,10,October,Oct 2009,200910,2,4,Friday,False
20091003,2009-10-03,2009,4,Q4 2009,10,October,Oct 2009,200910,3,5,Saturday,True
20091004,2009-10-04,2009,4,Q4 2009,10,October,Oct 2009,200910,4,6,Sunday,True
20091005,2009-10-05,2009,4,Q4 2009,10,October,Oct 2009,200910,5,0,Monday,False
20091006,2009-10-06,2009,4,Q4 2009,10,October,Oct 2009,200910,6,1,Tuesday,False
20091007,2009-10-07,2009,4,Q4 2009,10,October,Oct 2009,200910,7,2,Wednesday,False
20091008,2009-10-08,2009,4,Q4 2009,10,October,Oct 2009,200910,8,3,Thursday,False
20091009,2009-10-09,2009,4,Q4 2009,10,October,Oct 2009,200910,9,4,Friday,False
20091010,2009-10-10,2009,4,Q4 2009,10,October,Oct 2009,200910,10,5,Saturday,True
20091011,2009-10-11,2009,4,Q4 2009,10,October,Oct 2009,200910,11,6,Sunday,True
20091012,2009-10-12,2009,4,Q4 2009,10,October,Oct 2009,200910,12,0,Monday,False
20091013,2009-10-13,2009,4,Q4 2009,10,October,Oct 2009,200910,13,1,Tuesday,False
20091014,2009-10-14,2009,4,Q4 2009,10,October,Oct 2009,200910,14,2,Wednesday,False
20091015,2009-10-15,2009,4,Q4 2009,10,October,Oct 2009,200910,15,3,Thursday,False
20091016,2009-10-16,2009,4,Q4 2009,10,October,Oct 2009,200910,16,4,Friday,False
20091017,2009-10-17,2009,4,Q4 2009,10,October,Oct 2009,200910,17,5,Saturday,True
20091018,2009-10-18,2009,4,Q4 2009,10,October,Oct 2009,200910,18,6,Sunday,True
20091019,2009-10-19,2009,4,Q4 2009,10,October,Oct 2009,200910,19,0,Monday,False
20091020,2009-10-20,2009,4,Q4 2009,10,October,Oct 2009,200910,20,1,Tuesday,False
20091021,2009-10-21,2009,4,Q4 2009,10,October,Oct 2009,200910,21,2,Wednesday,False
20091022,2009-10-22,2009,4,Q4 2009,10,October,Oct 2009,200910,22,3,Thursday,False
20091023,2009-10-23,2009,4,Q4 2009,10,October,Oct 2009,200910,23,4,Friday,False
20091024,2009-10-24,2009,4,Q4 2009,10,October,Oct 2009,200910,24,5,Saturday,True
20091025,2009-10-25,2009,4,Q4 2009,10,October,Oct 2009,200910,25,6,Sunday,True
20091026,2009-10-26,2009,4,Q4 2009,10,October,Oct 2009,200910,26,0,Monday,False
20091027,2009-10-27,2009,4,Q4 2009,10,October,Oct 2009,200910,27,1,Tuesday,False
20091028,2009-10-28,2009,4,Q4 2009,10,October,Oct 2009,200910,28,2,Wednesday,False
20091029,2009-10-29,2009,4,Q4 2009,10,October,Oct 2009,200910,29,3,Thursday,False
20091030,2009-10-30,2009,4,Q4 2009,10,October,Oct 2009,200910,30,4,Friday,False
20091031,2009-10-31,2009,4,Q4 2009,10,October,Oct 2009,200910,31,5,Saturday,True
20091101,2009-11-01,2009,4,Q4 2009,11,November,Nov 2009,200911,1,6,Sunday,True
20091102,2009-11-02,2009,4,Q4 2009,11,November,Nov 2009,200911,2,0,Monday,False
20091103,2009-11-03,2009,4,Q4 2009,11,November,Nov 2009,200911,3,1,Tuesday,False
20091104,2009-11-04,2009,4,Q4 2009,11,November,Nov 2009,200911,4,2,Wednesday,False
20091105,2009-11-05,2009,4,Q4 2009,11,November,Nov 2009,200911,5,3,Thursday,False
20091106,2009-11-06,2009,4,Q4 2009,11,November,Nov 2009,200911,6,4,Friday,False
20091107,2009-11-07,2009,4,Q4 2009,11,November,Nov 2009,200911,7,5,Saturday,True
20091108,2009-11-08,2009,4,Q4 2009,11,November,Nov 2009,200911,8,6,Sunday,True
20091109,2009-11-09,2009,4,Q4 2009,11,November,Nov 2009,200911,9,0,Monday,False
20091110,2009-11-10,2009,4,Q4 2009,11,November,Nov 2009,200911,10,1,Tuesday,False
20091111,2009-11-11,2009,4,Q4 2009,11,November,Nov 2009,200911,11,2,Wednesday,False
20091112,2009-11-12,2009,4,Q4 2009,11,November,Nov 2009,200911,12,3,Thursday,False
20091113,2009-11-13,2009,4,Q4 2009,11,November,Nov 2009,200911,13,4,Friday,False
20091114,2009-11-14,2009,4,Q4 2009,11,November,Nov 2009,200911,14,5,Saturday,True
20091115,2009-11-15,2009,4,Q4 2009,11,November,Nov 2009,200911,15,6,Sunday,True
20091116,2009-11-16,2009,4,Q4 2009,11,November,Nov 2009,200911,16,0,Monday,False
20091117,2009-11-17,2009,4,Q4 2009,11,November,Nov 2009,200911,17,1,Tuesday,False
20091118,2009-11-18,2009,4,Q4 2009,11,November,Nov 2009,200911,18,2,Wednesday,False
20091119,2009-11-19,2009,4,Q4 2009,11,November,Nov 2009,200911,19,3,Thursday,False
20091120,2009-11-20,2009,4,Q4 2009,11,November,Nov 2009,200911,20,4,Friday,False
20091121,2009-11-21,2009,4,Q4 2009,11,November,Nov 2009,200911,21,5,Saturday,True
20091122,2009-11-22,2009,4,Q4 2009,11,November,Nov 2009,200911,22,6,Sunday,True
20091123,2009-11-23,2009,4,Q4 2009,11,November,Nov 2009,200911,23,0,Monday,False
20091124,2009-11-24,2009,4,Q4 2009,11,November,Nov 2009,200911,24,1,Tuesday,False
20091125,2009-11-25,2009,4,Q4 2009,11,November,Nov 2009,200911,25,2,Wednesday,False
20091126,2009-11-26,2009,4,Q4 2009,11,November,Nov 2009,200911,26,3,Thursday,False
20091127,2009-11-27,2009,4,Q4 2009,11,November,Nov 2009,200911,27,4,Friday,False
20091128,2009-11-28,2009,4,Q4 2009,11,November,Nov 2009,200911,28,5,Saturday,True
20091129,2009-11-29,2009,4,Q4 2009,11,November,Nov 2009,200911,29,6,Sunday,True
20091130,2009-11-30,2009,4,Q4 2009,11,November,Nov 2009,200911,30,0,Monday,False
20091201,2009-12-01,2009,4,Q4 2009,12,December,Dec 2009,200912,1,1,Tuesday,False
20091202,2009-12-02,2009,4,Q4 2009,12,December,Dec 2009,200912,2,2,Wednesday,False
20091203,2009-12-03,2009,4,Q4 2009,12,December,Dec 2009,200912,3,3,Thursday,False
20091204,2009-12-04,2009,4,Q4 2009,12,December,Dec 2009,200912,4,4,Friday,False
20091205,2009-12-05,2009,4,Q4 2009,12,December,Dec 2009,200912,5,5,Saturday,True
20091206,2009-12-06,2009,4,Q4 2009,12,December,Dec 2009,200912,6,6,Sunday,True
20091207,2009-12-07,2009,4,Q4 2009,12,December,Dec 2009,200912,7,0,Monday,False
20091208,2009-12-08,2009,4,Q4 2009,12,December,Dec 2009,200912,8,1,Tuesday,False
20091209,2009-12-09,2009,4,Q4 2009,12,December,Dec 2009,200912,9,2,Wednesday,False
20091210,2009-12-10,2009,4,Q4 2009,12,December,Dec 2009,200912,10,3,Thursday,False
20091211,2009-12-11,2009,4,Q4 2009,12,December,Dec 2009,200912,11,4,Friday,False
20091212,2009-12-12,2009,4,Q4 2009,12,December,Dec 2009,200912,12,5,Saturday,True
20091213,2009-12-13,2009,4,Q4 2009,12,December,Dec 2009,200912,13,6,Sunday,True
20091214,2009-12-14,2009,4,Q4 2009,12,December,Dec 2009,200912,14,0,Monday,False
20091215,2009-12-15,2009,4,Q4 2009,12,December,Dec 2009,200912,15,1,Tuesday,False
20091216,2009-12-16,2009,4,Q4 2009,12,December,Dec 2009,200912,16,2,Wednesday,False
20091217,2009-12-17,2009,4,Q4 2009,12,December,Dec 2009,200912,17,3,Thursday,False
20091218,2009-12-18,2009,4,Q4 2009,12,December,Dec 2009,200912,18,4,Friday,False
20091219,2009-12-19,2009,4,Q4 2009,12,December,Dec 2009,200912,19,5,Saturday,True
20091220,2009-12-20,2009,4,Q4 2009,12,December,Dec 2009,200912,20,6,Sunday,True
20091221,2009-12-21,2009,4,Q4 2009,12,December,Dec 2009,200912,21,0,Monday,False
20091222,2009-12-22,2009,4,Q4 2009,12,December,Dec 2009,200912,22,1,Tuesday,False
20091223,2009-12-23,2009,4,Q4 2009,12,December,Dec 2009,200912,23,2,Wednesday,False
20091224,2009-12-24,2009,4,Q4 2009,12,December,Dec 2009,200912,24,3,Thursday,False
20091225,2009-12-25,2009,4,Q4 2009,12,December,Dec 2009,200912,25,4,Friday,False
20091226,2009-12-26,2009,4,Q4 2009,12,December,Dec 2009,200912,26,5,Saturday,True
20091227,2009-12-27,2009,4,Q4 2009,12,December,Dec 2009,200912,27,6,Sunday,True
20091228,2009-12-28,2009,4,Q4 2009,12,December,Dec 2009,200912,28,0,Monday,False
20091229,2009-12-29,2009,4,Q4 2009,12,December,Dec 2009,200912,29,1,Tuesday,False
20091230,2009-12-30,2009,4,Q4 2009,12,December,Dec 2009,200912,30,2,Wednesday,False
20091231,2009-12-31,2009,4,Q4 2009,12,December,Dec 2009,200912,31,3,Thursday,False
20100101,2010-01-01,2010,1,Q1 2010,1,January,Jan 2010,201001,1,4,Friday,False
20100102,2010-01-02,2010,1,Q1 2010,1,January,Jan 2010,201001,2,5,Saturday,True
20100103,2010-01-03,2010,1,Q1 2010,1,January,Jan 2010,201001,3,6,Sunday,True
20100104,2010-01-04,2010,1,Q1 2010,1,January,Jan 2010,201001,4,0,Monday,False
20100105,2010-01-05,2010,1,Q1 2010,1,January,Jan 2010,201001,5,1,Tuesday,False
20100106,2010-01-06,2010,1,Q1 2010,1,January,Jan 2010,201001,6,2,Wednesday,False
20100107,2010-01-07,2010,1,Q1 2010,1,January,Jan 2010,201001,7,3,Thursday,False
20100108,2010-01-08,2010,1,Q1 2010,1,January,Jan 2010,201001,8,4,Friday,False
20100109,2010-01-09,2010,1,Q1 2010,1,January,Jan 2010,201001,9,5,Saturday,True
20100110,2010-01-10,2010,1,Q1 2010,1,January,Jan 2010,201001,10,6,Sunday,True
20100111,2010-01-11,2010,1,Q1 2010,1,January,Jan 2010,201001,11,0,Monday,False
20100112,2010-01-12,2010,1,Q1 2010,1,January,Jan 2010,201001,12,1,Tuesday,False
20100113,2010-01-13,2010,1,Q1 2010,1,January,Jan 2010,201001,13,2,Wednesday,False
20100114,2010-01-14,2010,1,Q1 2010,1,January,Jan 2010,201001,14,3,Thursday,False
20100115,2010-01-15,2010,1,Q1 2010,1,January,Jan 2010,201001,15,4,Friday,False
20100116,2010-01-16,2010,1,Q1 2010,1,January,Jan 2010,201001,16,5,Saturday,True
20100117,2010-01-17,2010,1,Q1 2010,1,January,Jan 2010,201001,17,6,Sunday,True
20100118,2010-01-18,2010,1,Q1 2010,1,January,Jan 2010,201001,18,0,Monday,False
20100119,2010-01-19,2010,1,Q1 2010,1,January,Jan 2010,201001,19,1,Tuesday,False
20100120,2010-01-20,2010,1,Q1 2010,1,January,Jan 2010,201001,20,2,Wednesday,False
20100121,2010-01-21,2010,1,Q1 2010,1,January,Jan 2010,201001,21,3,Thursday,False
20100122,2010-01-22,2010,1,Q1 2010,1,January,Jan 2010,201001,22,4,Friday,False
20100123,2010-01-23,2010,1,Q1 2010,1,January,Jan 2010,201001,23,5,Saturday,True
20100124,2010-01-24,2010,1,Q1 2010,1,January,Jan 2010,201001,24,6,Sunday,True
20100125,2010-01-25,2010,1,Q1 2010,1,January,Jan 2010,201001,25,0,Monday,False
20100126,2010-01-26,2010,1,Q1 2010,1,January,Jan 2010,201001,26,1,Tuesday,False
20100127,2010-01-27,2010,1,Q1 2010,1,January,Jan 2010,201001,27,2,Wednesday,False
20100128,2010-01-28,2010,1,Q1 2010,1,January,Jan 2010,201001,28,3,Thursday,False
20100129,2010-01-29,2010,1,Q1 2010,1,January,Jan 2010,201001,29,4,Friday,False
20100130,2010-01-30,2010,1,Q1 2010,1,January,Jan 2010,201001,30,5,Saturday,True
20100131,2010-01-31,2010,1,Q1 2010,1,January,Jan 2010,201001,31,6,Sunday,True
20100201,2010-02-01,2010,1,Q1 2010,2,February,Feb 2010,201002,1,0,Monday,False
20100202,2010-02-02,2010,1,Q1 2010,2,February,Feb 2010,201002,2,1,Tuesday,False
20100203,2010-02-03,2010,1,Q1 2010,2,February,Feb 2010,201002,3,2,Wednesday,False
20100204,2010-02-04,2010,1,Q1 2010,2,February,Feb 2010,201002,4,3,Thursday,False
20100205,2010-02-05,2010,1,Q1 2010,2,February,Feb 2010,201002,5,4,Friday,False
20100206,2010-02-06,2010,1,Q1 2010,2,February,Feb 2010,201002,6,5,Saturday,True
20100207,2010-02-07,2010,1,Q1 2010,2,February,Feb 2010,201002,7,6,Sunday,True
20100208,2010-02-08,2010,1,Q1 2010,2,February,Feb 2010,201002,8,0,Monday,False
20100209,2010-02-09,2010,1,Q1 2010,2,February,Feb 2010,201002,9,1,Tuesday,False
20100210,2010-02-10,2010,1,Q1 2010,2,February,Feb 2010,201002,10,2,Wednesday,False
20100211,2010-02-11,2010,1,Q1 2010,2,February,Feb 2010,201002,11,3,Thursday,False
20100212,2010-02-12,2010,1,Q1 2010,2,February,Feb 2010,201002,12,4,Friday,False
20100213,2010-02-13,2010,1,Q1 2010,2,February,Feb 2010,201002,13,5,Saturday,True
20100214,2010-02-14,2010,1,Q1 2010,2,February,Feb 2010,201002,14,6,Sunday,True
20100215,2010-02-15,2010,1,Q1 2010,2,February,Feb 2010,201002,15,0,Monday,False
20100216,2010-02-16,2010,1,Q1 2010,2,February,Feb 2010,201002,16,1,Tuesday,False
20100217,2010-02-17,2010,1,Q1 2010,2,February,Feb 2010,201002,17,2,Wednesday,False
20100218,2010-02-18,2010,1,Q1 2010,2,February,Feb 2010,201002,18,3,Thursday,False
20100219,2010-02-19,2010,1,Q1 2010,2,February,Feb 2010,201002,19,4,Friday,False
20100220,2010-02-20,2010,1,Q1 2010,2,February,Feb 2010,201002,20,5,Saturday,True
20100221,2010-02-21,2010,1,Q1 2010,2,February,Feb 2010,201002,21,6,Sunday,True
20100222,2010-02-22,2010,1,Q1 2010,2,February,Feb 2010,201002,22,0,Monday,False
20100223,2010-02-23,2010,1,Q1 2010,2,February,Feb 2010,201002,23,1,Tuesday,False
20100224,2010-02-24,2010,1,Q1 2010,2,February,Feb 2010,201002,24,2,Wednesday,False
20100225,2010-02-25,2010,1,Q1 2010,2,February,Feb 2010,201002,25,3,Thursday,False
20100226,2010-02-26,2010,1,Q1 2010,2,February,Feb 2010,201002,26,4,Friday,False
20100227,2010-02-27,2010,1,Q1 2010,2,February,Feb 2010,201002,27,5,Saturday,True
20100228,2010-02-28,2010,1,Q1 2010,2,February,Feb 2010,201002,28,6,Sunday,True
20100301,2010-03-01,2010,1,Q1 2010,3,March,Mar 2010,201003,1,0,Monday,False
20100302,2010-03-02,2010,1,Q1 2010,3,March,Mar 2010,201003,2,1,Tuesday,False
20100303,2010-03-03,2010,1,Q1 2010,3,March,Mar 2010,201003,3,2,Wednesday,False
20100304,2010-03-04,2010,1,Q1 2010,3,March,Mar 2010,201003,4,3,Thursday,False
20100305,2010-03-05,2010,1,Q1 2010,3,March,Mar 2010,201003,5,4,Friday,False
20100306,2010-03-06,2010,1,Q1 2010,3,March,Mar 2010,201003,6,5,Saturday,True
20100307,2010-03-07,2010,1,Q1 2010,3,March,Mar 2010,201003,7,6,Sunday,True
20100308,2010-03-08,2010,1,Q1 2010,3,March,Mar 2010,201003,8,0,Monday,False
20100309,2010-03-09,2010,1,Q1 2010,3,March,Mar 2010,201003,9,1,Tuesday,False
20100310,2010-03-10,2010,1,Q1 2010,3,March,Mar 2010,201003,10,2,Wednesday,False
20100311,2010-03-11,2010,1,Q1 2010,3,March,Mar 2010,201003,11,3,Thursday,False
20100312,2010-03-12,2010,1,Q1 2010,3,March,Mar 2010,201003,12,4,Friday,False
20100313,2010-03-13,2010,1,Q1 2010,3,March,Mar 2010,201003,13,5,Saturday,True
20100314,2010-03-14,2010,1,Q1 2010,3,March,Mar 2010,201003,14,6,Sunday,True
20100315,2010-03-15,2010,1,Q1 2010,3,March,Mar 2010,201003,15,0,Monday,False
20100316,2010-03-16,2010,1,Q1 2010,3,March,Mar 2010,201003,16,1,Tuesday,False
20100317,2010-03-17,2010,1,Q1 2010,3,March,Mar 2010,201003,17,2,Wednesday,False
20100318,2010-03-18,2010,1,Q1 2010,3,March,Mar 2010,201003,18,3,Thursday,False
20100319,2010-03-19,2010,1,Q1 2010,3,March,Mar 2010,201003,19,4,Friday,False
20100320,2010-03-20,2010,1,Q1 2010,3,March,Mar 2010,201003,20,5,Saturday,True
20100321,2010-03-21,2010,1,Q1 2010,3,March,Mar 2010,201003,21,6,Sunday,True
20100322,2010-03-22,2010,1,Q1 2010,3,March,Mar 2010,201003,22,0,Monday,False
20100323,2010-03-23,2010,1,Q1 2010,3,March,Mar 2010,201003,23,1,Tuesday,False
20100324,2010-03-24,2010,1,Q1 2010,3,March,Mar 2010,201003,24,2,Wednesday,False
20100325,2010-03-25,2010,1,Q1 2010,3,March,Mar 2010,201003,25,3,Thursday,False
20100326,2010-03-26,2010,1,Q1 2010,3,March,Mar 2010,201003,26,4,Friday,False
20100327,2010-03-27,2010,1,Q1 2010,3,March,Mar 2010,201003,27,5,Saturday,True
20100328,2010-03-28,2010,1,Q1 2010,3,March,Mar 2010,201003,28,6,Sunday,True
20100329,2010-03-29,2010,1,Q1 2010,3,March,Mar 2010,201003,29,0,Monday,False
20100330,2010-03-30,2010,1,Q1 2010,3,March,Mar 2010,201003,30,1,Tuesday,False
20100331,2010-03-31,2010,1,Q1 2010,3,March,Mar 2010,201003,31,2,Wednesday,False
20100401,2010-04-01,2010,2,Q2 2010,4,April,Apr 2010,201004,1,3,Thursday,False
20100402,2010-04-02,2010,2,Q2 2010,4,April,Apr 2010,201004,2,4,Friday,False
20100403,2010-04-03,2010,2,Q2 2010,4,April,Apr 2010,201004,3,5,Saturday,True
20100404,2010-04-04,2010,2,Q2 2010,4,April,Apr 2010,201004,4,6,Sunday,True
20100405,2010-04-05,2010,2,Q2 2010,4,April,Apr 2010,201004,5,0,Monday,False
20100406,2010-04-06,2010,2,Q2 2010,4,April,Apr 2010,201004,6,1,Tuesday,False
20100407,2010-04-07,2010,2,Q2 2010,4,April,Apr 2010,201004,7,2,Wednesday,False
20100408,2010-04-08,2010,2,Q2 2010,4,April,Apr 2010,201004,8,3,Thursday,False
20100409,2010-04-09,2010,2,Q2 2010,4,April,Apr 2010,201004,9,4,Friday,False
20100410,2010-04-10,2010,2,Q2 2010,4,April,Apr 2010,201004,10,5,Saturday,True
20100411,2010-04-11,2010,2,Q2 2010,4,April,Apr 2010,201004,11,6,Sunday,True
20100412,2010-04-12,2010,2,Q2 2010,4,April,Apr 2010,201004,12,0,Monday,False
20100413,2010-04-13,2010,2,Q2 2010,4,April,Apr 2010,201004,13,1,Tuesday,False
20100414,2010-04-14,2010,2,Q2 2010,4,April,Apr 2010,201004,14,2,Wednesday,False
20100415,2010-04-15,2010,2,Q2 2010,4,April,Apr 2010,201004,15,3,Thursday,False
20100416,2010-04-16,2010,2,Q2 2010,4,April,Apr 2010,201004,16,4,Friday,False
20100417,2010-04-17,2010,2,Q2 2010,4,April,Apr 2010,201004,17,5,Saturday,True
20100418,2010-04-18,2010,2,Q2 2010,4,April,Apr 2010,201004,18,6,Sunday,True
20100419,2010-04-19,2010,2,Q2 2010,4,April,Apr 2010,201004,19,0,Monday,False
20100420,2010-04-20,2010,2,Q2 2010,4,April,Apr 2010,201004,20,1,Tuesday,False
20100421,2010-04-21,2010,2,Q2 2010,4,April,Apr 2010,201004,21,2,Wednesday,False
20100422,2010-04-22,2010,2,Q2 2010,4,April,Apr 2010,201004,22,3,Thursday,False
20100423,2010-04-23,2010,2,Q2 2010,4,April,Apr 2010,201004,23,4,Friday,False
20100424,2010-04-24,2010,2,Q2 2010,4,April,Apr 2010,201004,24,5,Saturday,True
20100425,2010-04-25,2010,2,Q2 2010,4,April,Apr 2010,201004,25,6,Sunday,True
20100426,2010-04-26,2010,2,Q2 2010,4,April,Apr 2010,201004,26,0,Monday,False
20100427,2010-04-27,2010,2,Q2 2010,4,April,Apr 2010,201004,27,1,Tuesday,False
20100428,2010-04-28,2010,2,Q2 2010,4,April,Apr 2010,201004,28,2,Wednesday,False
20100429,2010-04-29,2010,2,Q2 2010,4,April,Apr 2010,201004,29,3,Thursday,False
20100430,2010-04-30,2010,2,Q2 2010,4,April,Apr 2010,201004,30,4,Friday,False
20100501,2010-05-01,2010,2,Q2 2010,5,May,May 2010,201005,1,5,Saturday,True
20100502,2010-05-02,2010,2,Q2 2010,5,May,May 2010,201005,2,6,Sunday,True
20100503,2010-05-03,2010,2,Q2 2010,5,May,May 2010,201005,3,0,Monday,False
20100504,2010-05-04,2010,2,Q2 2010,5,May,May 2010,201005,4,1,Tuesday,False
20100505,2010-05-05,2010,2,Q2 2010,5,May,May 2010,201005,5,2,Wednesday,False
20100506,2010-05-06,2010,2,Q2 2010,5,May,May 2010,201005,6,3,Thursday,False
20100507,2010-05-07,2010,2,Q2 2010,5,May,May 2010,201005,7,4,Friday,False
20100508,2010-05-08,2010,2,Q2 2010,5,May,May 2010,201005,8,5,Saturday,True
20100509,2010-05-09,2010,2,Q2 2010,5,May,May 2010,201005,9,6,Sunday,True
20100510,2010-05-10,2010,2,Q2 2010,5,May,May 2010,201005,10,0,Monday,False
20100511,2010-05-11,2010,2,Q2 2010,5,May,May 2010,201005,11,1,Tuesday,False
20100512,2010-05-12,2010,2,Q2 2010,5,May,May 2010,201005,12,2,Wednesday,False
20100513,2010-05-13,2010,2,Q2 2010,5,May,May 2010,201005,13,3,Thursday,False
20100514,2010-05-14,2010,2,Q2 2010,5,May,May 2010,201005,14,4,Friday,False
20100515,2010-05-15,2010,2,Q2 2010,5,May,May 2010,201005,15,5,Saturday,True
20100516,2010-05-16,2010,2,Q2 2010,5,May,May 2010,201005,16,6,Sunday,True
20100517,2010-05-17,2010,2,Q2 2010,5,May,May 2010,201005,17,0,Monday,False
20100518,2010-05-18,2010,2,Q2 2010,5,May,May 2010,201005,18,1,Tuesday,False
20100519,2010-05-19,2010,2,Q2 2010,5,May,May 2010,201005,19,2,Wednesday,False
20100520,2010-05-20,2010,2,Q2 2010,5,May,May 2010,201005,20,3,Thursday,False
20100521,2010-05-21,2010,2,Q2 2010,5,May,May 2010,201005,21,4,Friday,False
20100522,2010-05-22,2010,2,Q2 2010,5,May,May 2010,201005,22,5,Saturday,True
20100523,2010-05-23,2010,2,Q2 2010,5,May,May 2010,201005,23,6,Sunday,True
20100524,2010-05-24,2010,2,Q2 2010,5,May,May 2010,201005,24,0,Monday,False
20100525,2010-05-25,2010,2,Q2 2010,5,May,May 2010,201005,25,1,Tuesday,False
20100526,2010-05-26,2010,2,Q2 2010,5,May,May 2010,201005,26,2,Wednesday,False
20100527,2010-05-27,2010,2,Q2 2010,5,May,May 2010,201005,27,3,Thursday,False
20100528,2010-05-28,2010,2,Q2 2010,5,May,May 2010,201005,28,4,Friday,False
20100529,2010-05-29,2010,2,Q2 2010,5,May,May 2010,201005,29,5,Saturday,True
20100530,2010-05-30,2010,2,Q2 2010,5,May,May 2010,201005,30,6,Sunday,True
20100531,2010-05-31,2010,2,Q2 2010,5,May,May 2010,201005,31,0,Monday,False
20100601,2010-06-01,2010,2,Q2 2010,6,June,Jun 2010,201006,1,1,Tuesday,False
20100602,2010-06-02,2010,2,Q2 2010,6,June,Jun 2010,201006,2,2,Wednesday,False
20100603,2010-06-03,2010,2,Q2 2010,6,June,Jun 2010,201006,3,3,Thursday,False
20100604,2010-06-04,2010,2,Q2 2010,6,June,Jun 2010,201006,4,4,Friday,False
20100605,2010-06-05,2010,2,Q2 2010,6,June,Jun 2010,201006,5,5,Saturday,True
20100606,2010-06-06,2010,2,Q2 2010,6,June,Jun 2010,201006,6,6,Sunday,True
20100607,2010-06-07,2010,2,Q2 2010,6,June,Jun 2010,201006,7,0,Monday,False
20100608,2010-06-08,2010,2,Q2 2010,6,June,Jun 2010,201006,8,1,Tuesday,False
20100609,2010-06-09,2010,2,Q2 2010,6,June,Jun 2010,201006,9,2,Wednesday,False
20100610,2010-06-10,2010,2,Q2 2010,6,June,Jun 2010,201006,10,3,Thursday,False
20100611,2010-06-11,2010,2,Q2 2010,6,June,Jun 2010,201006,11,4,Friday,False
20100612,2010-06-12,2010,2,Q2 2010,6,June,Jun 2010,201006,12,5,Saturday,True
20100613,2010-06-13,2010,2,Q2 2010,6,June,Jun 2010,201006,13,6,Sunday,True
20100614,2010-06-14,2010,2,Q2 2010,6,June,Jun 2010,201006,14,0,Monday,False
20100615,2010-06-15,2010,2,Q2 2010,6,June,Jun 2010,201006,15,1,Tuesday,False
20100616,2010-06-16,2010,2,Q2 2010,6,June,Jun 2010,201006,16,2,Wednesday,False
20100617,2010-06-17,2010,2,Q2 2010,6,June,Jun 2010,201006,17,3,Thursday,False
20100618,2010-06-18,2010,2,Q2 2010,6,June,Jun 2010,201006,18,4,Friday,False
20100619,2010-06-19,2010,2,Q2 2010,6,June,Jun 2010,201006,19,5,Saturday,True
20100620,2010-06-20,2010,2,Q2 2010,6,June,Jun 2010,201006,20,6,Sunday,True
20100621,2010-06-21,2010,2,Q2 2010,6,June,Jun 2010,201006,21,0,Monday,False
20100622,2010-06-22,2010,2,Q2 2010,6,June,Jun 2010,201006,22,1,Tuesday,False
20100623,2010-06-23,2010,2,Q2 2010,6,June,Jun 2010,201006,23,2,Wednesday,False
20100624,2010-06-24,2010,2,Q2 2010,6,June,Jun 2010,201006,24,3,Thursday,False
20100625,2010-06-25,2010,2,Q2 2010,6,June,Jun 2010,201006,25,4,Friday,False
20100626,2010-06-26,2010,2,Q2 2010,6,June,Jun 2010,201006,26,5,Saturday,True
20100627,2010-06-27,2010,2,Q2 2010,6,June,Jun 2010,201006,27,6,Sunday,True
20100628,2010-06-28,2010,2,Q2 2010,6,June,Jun 2010,201006,28,0,Monday,False
20100629,2010-06-29,2010,2,Q2 2010,6,June,Jun 2010,201006,29,1,Tuesday,False
20100630,2010-06-30,2010,2,Q2 2010,6,June,Jun 2010,201006,30,2,Wednesday,False
20100701,2010-07-01,2010,3,Q3 2010,7,July,Jul 2010,201007,1,3,Thursday,False
20100702,2010-07-02,2010,3,Q3 2010,7,July,Jul 2010,201007,2,4,Friday,False
20100703,2010-07-03,2010,3,Q3 2010,7,July,Jul 2010,201007,3,5,Saturday,True
20100704,2010-07-04,2010,3,Q3 2010,7,July,Jul 2010,201007,4,6,Sunday,True
20100705,2010-07-05,2010,3,Q3 2010,7,July,Jul 2010,201007,5,0,Monday,False
20100706,2010-07-06,2010,3,Q3 2010,7,July,Jul 2010,201007,6,1,Tuesday,False
20100707,2010-07-07,2010,3,Q3 2010,7,July,Jul 2010,201007,7,2,Wednesday,False
20100708,2010-07-08,2010,3,Q3 2010,7,July,Jul 2010,201007,8,3,Thursday,False
20100709,2010-07-09,2010,3,Q3 2010,7,July,Jul 2010,201007,9,4,Friday,False
20100710,2010-07-10,2010,3,Q3 2010,7,July,Jul 2010,201007,10,5,Saturday,True
20100711,2010-07-11,2010,3,Q3 2010,7,July,Jul 2010,201007,11,6,Sunday,True
20100712,2010-07-12,2010,3,Q3 2010,7,July,Jul 2010,201007,12,0,Monday,False
20100713,2010-07-13,2010,3,Q3 2010,7,July,Jul 2010,201007,13,1,Tuesday,False
20100714,2010-07-14,2010,3,Q3 2010,7,July,Jul 2010,201007,14,2,Wednesday,False
20100715,2010-07-15,2010,3,Q3 2010,7,July,Jul 2010,201007,15,3,Thursday,False
20100716,2010-07-16,2010,3,Q3 2010,7,July,Jul 2010,201007,16,4,Friday,False
20100717,2010-07-17,2010,3,Q3 2010,7,July,Jul 2010,201007,17,5,Saturday,True
20100718,2010-07-18,2010,3,Q3 2010,7,July,Jul 2010,201007,18,6,Sunday,True
20100719,2010-07-19,2010,3,Q3 2010,7,July,Jul 2010,201007,19,0,Monday,False
20100720,2010-07-20,2010,3,Q3 2010,7,July,Jul 2010,201007,20,1,Tuesday,False
20100721,2010-07-21,2010,3,Q3 2010,7,July,Jul 2010,201007,21,2,Wednesday,False
20100722,2010-07-22,2010,3,Q3 2010,7,July,Jul 2010,201007,22,3,Thursday,False
20100723,2010-07-23,2010,3,Q3 2010,7,July,Jul 2010,201007,23,4,Friday,False
20100724,2010-07-24,2010,3,Q3 2010,7,July,Jul 2010,201007,24,5,Saturday,True
20100725,2010-07-25,2010,3,Q3 2010,7,July,Jul 2010,201007,25,6,Sunday,True
20100726,2010-07-26,2010,3,Q3 2010,7,July,Jul 2010,201007,26,0,Monday,False
20100727,2010-07-27,2010,3,Q3 2010,7,July,Jul 2010,201007,27,1,Tuesday,False
20100728,2010-07-28,2010,3,Q3 2010,7,July,Jul 2010,201007,28,2,Wednesday,False
20100729,2010-07-29,2010,3,Q3 2010,7,July,Jul 2010,201007,29,3,Thursday,False
20100730,2010-07-30,2010,3,Q3 2010,7,July,Jul 2010,201007,30,4,Friday,False
20100731,2010-07-31,2010,3,Q3 2010,7,July,Jul 2010,201007,31,5,Saturday,True
20100801,2010-08-01,2010,3,Q3 2010,8,August,Aug 2010,201008,1,6,Sunday,True
20100802,2010-08-02,2010,3,Q3 2010,8,August,Aug 2010,201008,2,0,Monday,False
20100803,2010-08-03,2010,3,Q3 2010,8,August,Aug 2010,201008,3,1,Tuesday,False
20100804,2010-08-04,2010,3,Q3 2010,8,August,Aug 2010,201008,4,2,Wednesday,False
20100805,2010-08-05,2010,3,Q3 2010,8,August,Aug 2010,201008,5,3,Thursday,False
20100806,2010-08-06,2010,3,Q3 2010,8,August,Aug 2010,201008,6,4,Friday,False
20100807,2010-08-07,2010,3,Q3 2010,8,August,Aug 2010,201008,7,5,Saturday,True
20100808,2010-08-08,2010,3,Q3 2010,8,August,Aug 2010,201008,8,6,Sunday,True
20100809,2010-08-09,2010,3,Q3 2010,8,August,Aug 2010,201008,9,0,Monday,False
20100810,2010-08-10,2010,3,Q3 2010,8,August,Aug 2010,201008,10,1,Tuesday,False
20100811,2010-08-11,2010,3,Q3 2010,8,August,Aug 2010,201008,11,2,Wednesday,False
20100812,2010-08-12,2010,3,Q3 2010,8,August,Aug 2010,201008,12,3,Thursday,False
20100813,2010-08-13,2010,3,Q3 2010,8,August,Aug 2010,201008,13,4,Friday,False
20100814,2010-08-14,2010,3,Q3 2010,8,August,Aug 2010,201008,14,5,Saturday,True
20100815,2010-08-15,2010,3,Q3 2010,8,August,Aug 2010,201008,15,6,Sunday,True
20100816,2010-08-16,2010,3,Q3 2010,8,August,Aug 2010,201008,16,0,Monday,False
20100817,2010-08-17,2010,3,Q3 2010,8,August,Aug 2010,201008,17,1,Tuesday,False
20100818,2010-08-18,2010,3,Q3 2010,8,August,Aug 2010,201008,18,2,Wednesday,False
20100819,2010-08-19,2010,3,Q3 2010,8,August,Aug 2010,201008,19,3,Thursday,False
20100820,2010-08-20,2010,3,Q3 2010,8,August,Aug 2010,201008,20,4,Friday,False
20100821,2010-08-21,2010,3,Q3 2010,8,August,Aug 2010,201008,21,5,Saturday,True
20100822,2010-08-22,2010,3,Q3 2010,8,August,Aug 2010,201008,22,6,Sunday,True
20100823,2010-08-23,2010,3,Q3 2010,8,August,Aug 2010,201008,23,0,Monday,False
20100824,2010-08-24,2010,3,Q3 2010,8,August,Aug 2010,201008,24,1,Tuesday,False
20100825,2010-08-25,2010,3,Q3 2010,8,August,Aug 2010,201008,25,2,Wednesday,False
20100826,2010-08-26,2010,3,Q3 2010,8,August,Aug 2010,201008,26,3,Thursday,False
20100827,2010-08-27,2010,3,Q3 2010,8,August,Aug 2010,201008,27,4,Friday,False
20100828,2010-08-28,2010,3,Q3 2010,8,August,Aug 2010,201008,28,5,Saturday,True
20100829,2010-08-29,2010,3,Q3 2010,8,August,Aug 2010,201008,29,6,Sunday,True
20100830,2010-08-30,2010,3,Q3 2010,8,August,Aug 2010,201008,30,0,Monday,False
20100831,2010-08-31,2010,3,Q3 2010,8,August,Aug 2010,201008,31,1,Tuesday,False
20100901,2010-09-01,2010,3,Q3 2010,9,September,Sep 2010,201009,1,2,Wednesday,False
20100902,2010-09-02,2010,3,Q3 2010,9,September,Sep 2010,201009,2,3,Thursday,False
20100903,2010-09-03,2010,3,Q3 2010,9,September,Sep 2010,201009,3,4,Friday,False
20100904,2010-09-04,2010,3,Q3 2010,9,September,Sep 2010,201009,4,5,Saturday,True
20100905,2010-09-05,2010,3,Q3 2010,9,September,Sep 2010,201009,5,6,Sunday,True
20100906,2010-09-06,2010,3,Q3 2010,9,September,Sep 2010,201009,6,0,Monday,False
20100907,2010-09-07,2010,3,Q3 2010,9,September,Sep 2010,201009,7,1,Tuesday,False
20100908,2010-09-08,2010,3,Q3 2010,9,September,Sep 2010,201009,8,2,Wednesday,False
20100909,2010-09-09,2010,3,Q3 2010,9,September,Sep 2010,201009,9,3,Thursday,False
20100910,2010-09-10,2010,3,Q3 2010,9,September,Sep 2010,201009,10,4,Friday,False
20100911,2010-09-11,2010,3,Q3 2010,9,September,Sep 2010,201009,11,5,Saturday,True
20100912,2010-09-12,2010,3,Q3 2010,9,September,Sep 2010,201009,12,6,Sunday,True
20100913,2010-09-13,2010,3,Q3 2010,9,September,Sep 2010,201009,13,0,Monday,False
20100914,2010-09-14,2010,3,Q3 2010,9,September,Sep 2010,201009,14,1,Tuesday,False
20100915,2010-09-15,2010,3,Q3 2010,9,September,Sep 2010,201009,15,2,Wednesday,False
20100916,2010-09-16,2010,3,Q3 2010,9,September,Sep 2010,201009,16,3,Thursday,False
20100917,2010-09-17,2010,3,Q3 2010,9,September,Sep 2010,201009,17,4,Friday,False
20100918,2010-09-18,2010,3,Q3 2010,9,September,Sep 2010,201009,18,5,Saturday,True
20100919,2010-09-19,2010,3,Q3 2010,9,September,Sep 2010,201009,19,6,Sunday,True
20100920,2010-09-20,2010,3,Q3 2010,9,September,Sep 2010,201009,20,0,Monday,False
20100921,2010-09-21,2010,3,Q3 2010,9,September,Sep 2010,201009,21,1,Tuesday,False
20100922,2010-09-22,2010,3,Q3 2010,9,September,Sep 2010,201009,22,2,Wednesday,False
20100923,2010-09-23,2010,3,Q3 2010,9,September,Sep 2010,201009,23,3,Thursday,False
20100924,2010-09-24,2010,3,Q3 2010,9,September,Sep 2010,201009,24,4,Friday,False
20100925,2010-09-25,2010,3,Q3 2010,9,September,Sep 2010,201009,25,5,Saturday,True
20100926,2010-09-26,2010,3,Q3 2010,9,September,Sep 2010,201009,26,6,Sunday,True
20100927,2010-09-27,2010,3,Q3 2010,9,September,Sep 2010,201009,27,0,Monday,False
20100928,2010-09-28,2010,3,Q3 2010,9,September,Sep 2010,201009,28,1,Tuesday,False
20100929,2010-09-29,2010,3,Q3 2010,9,September,Sep 2010,201009,29,2,Wednesday,False
20100930,2010-09-30,2010,3,Q3 2010,9,September,Sep 2010,201009,30,3,Thursday,False
20101001,2010-10-01,2010,4,Q4 2010,10,October,Oct 2010,201010,1,4,Friday,False
20101002,2010-10-02,2010,4,Q4 2010,10,October,Oct 2010,201010,2,5,Saturday,True
20101003,2010-10-03,2010,4,Q4 2010,10,October,Oct 2010,201010,3,6,Sunday,True
20101004,2010-10-04,2010,4,Q4 2010,10,October,Oct 2010,201010,4,0,Monday,False
20101005,2010-10-05,2010,4,Q4 2010,10,October,Oct 2010,201010,5,1,Tuesday,False
20101006,2010-10-06,2010,4,Q4 2010,10,October,Oct 2010,201010,6,2,Wednesday,False
20101007,2010-10-07,2010,4,Q4 2010,10,October,Oct 2010,201010,7,3,Thursday,False
20101008,2010-10-08,2010,4,Q4 2010,10,October,Oct 2010,201010,8,4,Friday,False
20101009,2010-10-09,2010,4,Q4 2010,10,October,Oct 2010,201010,9,5,Saturday,True
20101010,2010-10-10,2010,4,Q4 2010,10,October,Oct 2010,201010,10,6,Sunday,True
20101011,2010-10-11,2010,4,Q4 2010,10,October,Oct 2010,201010,11,0,Monday,False
20101012,2010-10-12,2010,4,Q4 2010,10,October,Oct 2010,201010,12,1,Tuesday,False
20101013,2010-10-13,2010,4,Q4 2010,10,October,Oct 2010,201010,13,2,Wednesday,False
20101014,2010-10-14,2010,4,Q4 2010,10,October,Oct 2010,201010,14,3,Thursday,False
20101015,2010-10-15,2010,4,Q4 2010,10,October,Oct 2010,201010,15,4,Friday,False
20101016,2010-10-16,2010,4,Q4 2010,10,October,Oct 2010,201010,16,5,Saturday,True
20101017,2010-10-17,2010,4,Q4 2010,10,October,Oct 2010,201010,17,6,Sunday,True
20101018,2010-10-18,2010,4,Q4 2010,10,October,Oct 2010,201010,18,0,Monday,False
20101019,2010-10-19,2010,4,Q4 2010,10,October,Oct 2010,201010,19,1,Tuesday,False
20101020,2010-10-20,2010,4,Q4 2010,10,October,Oct 2010,201010,20,2,Wednesday,False
20101021,2010-10-21,2010,4,Q4 2010,10,October,Oct 2010,201010,21,3,Thursday,False
20101022,2010-10-22,2010,4,Q4 2010,10,October,Oct 2010,201010,22,4,Friday,False
20101023,2010-10-23,2010,4,Q4 2010,10,October,Oct 2010,201010,23,5,Saturday,True
20101024,2010-10-24,2010,4,Q4 2010,10,October,Oct 2010,201010,24,6,Sunday,True
20101025,2010-10-25,2010,4,Q4 2010,10,October,Oct 2010,201010,25,0,Monday,False
20101026,2010-10-26,2010,4,Q4 2010,10,October,Oct 2010,201010,26,1,Tuesday,False
20101027,2010-10-27,2010,4,Q4 2010,10,October,Oct 2010,201010,27,2,Wednesday,False
20101028,2010-10-28,2010,4,Q4 2010,10,October,Oct 2010,201010,28,3,Thursday,False
20101029,2010-10-29,2010,4,Q4 2010,10,October,Oct 2010,201010,29,4,Friday,False
20101030,2010-10-30,2010,4,Q4 2010,10,October,Oct 2010,201010,30,5,Saturday,True
20101031,2010-10-31,2010,4,Q4 2010,10,October,Oct 2010,201010,31,6,Sunday,True
20101101,2010-11-01,2010,4,Q4 2010,11,November,Nov 2010,201011,1,0,Monday,False
20101102,2010-11-02,2010,4,Q4 2010,11,November,Nov 2010,201011,2,1,Tuesday,False
20101103,2010-11-03,2010,4,Q4 2010,11,November,Nov 2010,201011,3,2,Wednesday,False
20101104,2010-11-04,2010,4,Q4 2010,11,November,Nov 2010,201011,4,3,Thursday,False
20101105,2010-11-05,2010,4,Q4 2010,11,November,Nov 2010,201011,5,4,Friday,False
20101106,2010-11-06,2010,4,Q4 2010,11,November,Nov 2010,201011,6,5,Saturday,True
20101107,2010-11-07,2010,4,Q4 2010,11,November,Nov 2010,201011,7,6,Sunday,True
20101108,2010-11-08,2010,4,Q4 2010,11,November,Nov 2010,201011,8,0,Monday,False
20101109,2010-11-09,2010,4,Q4 2010,11,November,Nov 2010,201011,9,1,Tuesday,False
20101110,2010-11-10,2010,4,Q4 2010,11,November,Nov 2010,201011,10,2,Wednesday,False
20101111,2010-11-11,2010,4,Q4 2010,11,November,Nov 2010,201011,11,3,Thursday,False
20101112,2010-11-12,2010,4,Q4 2010,11,November,Nov 2010,201011,12,4,Friday,False
20101113,2010-11-13,2010,4,Q4 2010,11,November,Nov 2010,201011,13,5,Saturday,True
20101114,2010-11-14,2010,4,Q4 2010,11,November,Nov 2010,201011,14,6,Sunday,True
20101115,2010-11-15,2010,4,Q4 2010,11,November,Nov 2010,201011,15,0,Monday,False
20101116,2010-11-16,2010,4,Q4 2010,11,November,Nov 2010,201011,16,1,Tuesday,False
20101117,2010-11-17,2010,4,Q4 2010,11,November,Nov 2010,201011,17,2,Wednesday,False
20101118,2010-11-18,2010,4,Q4 2010,11,November,Nov 2010,201011,18,3,Thursday,False
20101119,2010-11-19,2010,4,Q4 2010,11,November,Nov 2010,201011,19,4,Friday,False
20101120,2010-11-20,2010,4,Q4 2010,11,November,Nov 2010,201011,20,5,Saturday,True
20101121,2010-11-21,2010,4,Q4 2010,11,November,Nov 2010,201011,21,6,Sunday,True
20101122,2010-11-22,2010,4,Q4 2010,11,November,Nov 2010,201011,22,0,Monday,False
20101123,2010-11-23,2010,4,Q4 2010,11,November,Nov 2010,201011,23,1,Tuesday,False
20101124,2010-11-24,2010,4,Q4 2010,11,November,Nov 2010,201011,24,2,Wednesday,False
20101125,2010-11-25,2010,4,Q4 2010,11,November,Nov 2010,201011,25,3,Thursday,False
20101126,2010-11-26,2010,4,Q4 2010,11,November,Nov 2010,201011,26,4,Friday,False
20101127,2010-11-27,2010,4,Q4 2010,11,November,Nov 2010,201011,27,5,Saturday,True
20101128,2010-11-28,2010,4,Q4 2010,11,November,Nov 2010,201011,28,6,Sunday,True
20101129,2010-11-29,2010,4,Q4 2010,11,November,Nov 2010,201011,29,0,Monday,False
20101130,2010-11-30,2010,4,Q4 2010,11,November,Nov 2010,201011,30,1,Tuesday,False
20101201,2010-12-01,2010,4,Q4 2010,12,December,Dec 2010,201012,1,2,Wednesday,False
20101202,2010-12-02,2010,4,Q4 2010,12,December,Dec 2010,201012,2,3,Thursday,False
20101203,2010-12-03,2010,4,Q4 2010,12,December,Dec 2010,201012,3,4,Friday,False
20101204,2010-12-04,2010,4,Q4 2010,12,December,Dec 2010,201012,4,5,Saturday,True
20101205,2010-12-05,2010,4,Q4 2010,12,December,Dec 2010,201012,5,6,Sunday,True
20101206,2010-12-06,2010,4,Q4 2010,12,December,Dec 2010,201012,6,0,Monday,False
20101207,2010-12-07,2010,4,Q4 2010,12,December,Dec 2010,201012,7,1,Tuesday,False
20101208,2010-12-08,2010,4,Q4 2010,12,December,Dec 2010,201012,8,2,Wednesday,False
20101209,2010-12-09,2010,4,Q4 2010,12,December,Dec 2010,201012,9,3,Thursday,False
20101210,2010-12-10,2010,4,Q4 2010,12,December,Dec 2010,201012,10,4,Friday,False
20101211,2010-12-11,2010,4,Q4 2010,12,December,Dec 2010,201012,11,5,Saturday,True
20101212,2010-12-12,2010,4,Q4 2010,12,December,Dec 2010,201012,12,6,Sunday,True
20101213,2010-12-13,2010,4,Q4 2010,12,December,Dec 2010,201012,13,0,Monday,False
20101214,2010-12-14,2010,4,Q4 2010,12,December,Dec 2010,201012,14,1,Tuesday,False
20101215,2010-12-15,2010,4,Q4 2010,12,December,Dec 2010,201012,15,2,Wednesday,False
20101216,2010-12-16,2010,4,Q4 2010,12,December,Dec 2010,201012,16,3,Thursday,False
20101217,2010-12-17,2010,4,Q4 2010,12,December,Dec 2010,201012,17,4,Friday,False
20101218,2010-12-18,2010,4,Q4 2010,12,December,Dec 2010,201012,18,5,Saturday,True
20101219,2010-12-19,2010,4,Q4 2010,12,December,Dec 2010,201012,19,6,Sunday,True
20101220,2010-12-20,2010,4,Q4 2010,12,December,Dec 2010,201012,20,0,Monday,False
20101221,2010-12-21,2010,4,Q4 2010,12,December,Dec 2010,201012,21,1,Tuesday,False
20101222,2010-12-22,2010,4,Q4 2010,12,December,Dec 2010,201012,22,2,Wednesday,False
20101223,2010-12-23,2010,4,Q4 2010,12,December,Dec 2010,201012,23,3,Thursday,False
20101224,2010-12-24,2010,4,Q4 2010,12,December,Dec 2010,201012,24,4,Friday,False
20101225,2010-12-25,2010,4,Q4 2010,12,December,Dec 2010,201012,25,5,Saturday,True
20101226,2010-12-26,2010,4,Q4 2010,12,December,Dec 2010,201012,26,6,Sunday,True
20101227,2010-12-27,2010,4,Q4 2010,12,December,Dec 2010,201012,27,0,Monday,False
20101228,2010-12-28,2010,4,Q4 2010,12,December,Dec 2010,201012,28,1,Tuesday,False
20101229,2010-12-29,2010,4,Q4 2010,12,December,Dec 2010,201012,29,2,Wednesday,False
20101230,2010-12-30,2010,4,Q4 2010,12,December,Dec 2010,201012,30,3,Thursday,False
20101231,2010-12-31,2010,4,Q4 2010,12,December,Dec 2010,201012,31,4,Friday,False
20110101,2011-01-01,2011,1,Q1 2011,1,January,Jan 2011,201101,1,5,Saturday,True
20110102,2011-01-02,2011,1,Q1 2011,1,January,Jan 2011,201101,2,6,Sunday,True
20110103,2011-01-03,2011,1,Q1 2011,1,January,Jan 2011,201101,3,0,Monday,False
20110104,2011-01-04,2011,1,Q1 2011,1,January,Jan 2011,201101,4,1,Tuesday,False
20110105,2011-01-05,2011,1,Q1 2011,1,January,Jan 2011,201101,5,2,Wednesday,False
20110106,2011-01-06,2011,1,Q1 2011,1,January,Jan 2011,201101,6,3,Thursday,False
20110107,2011-01-07,2011,1,Q1 2011,1,January,Jan 2011,201101,7,4,Friday,False
20110108,2011-01-08,2011,1,Q1 2011,1,January,Jan 2011,201101,8,5,Saturday,True
20110109,2011-01-09,2011,1,Q1 2011,1,January,Jan 2011,201101,9,6,Sunday,True
20110110,2011-01-10,2011,1,Q1 2011,1,January,Jan 2011,201101,10,0,Monday,False
20110111,2011-01-11,2011,1,Q1 2011,1,January,Jan 2011,201101,11,1,Tuesday,False
20110112,2011-01-12,2011,1,Q1 2011,1,January,Jan 2011,201101,12,2,Wednesday,False
20110113,2011-01-13,2011,1,Q1 2011,1,January,Jan 2011,201101,13,3,Thursday,False
20110114,2011-01-14,2011,1,Q1 2011,1,January,Jan 2011,201101,14,4,Friday,False
20110115,2011-01-15,2011,1,Q1 2011,1,January,Jan 2011,201101,15,5,Saturday,True
20110116,2011-01-16,2011,1,Q1 2011,1,January,Jan 2011,201101,16,6,Sunday,True
20110117,2011-01-17,2011,1,Q1 2011,1,January,Jan 2011,201101,17,0,Monday,False
20110118,2011-01-18,2011,1,Q1 2011,1,January,Jan 2011,201101,18,1,Tuesday,False
20110119,2011-01-19,2011,1,Q1 2011,1,January,Jan 2011,201101,19,2,Wednesday,False
20110120,2011-01-20,2011,1,Q1 2011,1,January,Jan 2011,201101,20,3,Thursday,False
20110121,2011-01-21,2011,1,Q1 2011,1,January,Jan 2011,201101,21,4,Friday,False
20110122,2011-01-22,2011,1,Q1 2011,1,January,Jan 2011,201101,22,5,Saturday,True
20110123,2011-01-23,2011,1,Q1 2011,1,January,Jan 2011,201101,23,6,Sunday,True
20110124,2011-01-24,2011,1,Q1 2011,1,January,Jan 2011,201101,24,0,Monday,False
20110125,2011-01-25,2011,1,Q1 2011,1,January,Jan 2011,201101,25,1,Tuesday,False
20110126,2011-01-26,2011,1,Q1 2011,1,January,Jan 2011,201101,26,2,Wednesday,False
20110127,2011-01-27,2011,1,Q1 2011,1,January,Jan 2011,201101,27,3,Thursday,False
20110128,2011-01-28,2011,1,Q1 2011,1,January,Jan 2011,201101,28,4,Friday,False
20110129,2011-01-29,2011,1,Q1 2011,1,January,Jan 2011,201101,29,5,Saturday,True
20110130,2011-01-30,2011,1,Q1 2011,1,January,Jan 2011,201101,30,6,Sunday,True
20110131,2011-01-31,2011,1,Q1 2011,1,January,Jan 2011,201101,31,0,Monday,False
20110201,2011-02-01,2011,1,Q1 2011,2,February,Feb 2011,201102,1,1,Tuesday,False
20110202,2011-02-02,2011,1,Q1 2011,2,February,Feb 2011,201102,2,2,Wednesday,False
20110203,2011-02-03,2011,1,Q1 2011,2,February,Feb 2011,201102,3,3,Thursday,False
20110204,2011-02-04,2011,1,Q1 2011,2,February,Feb 2011,201102,4,4,Friday,False
20110205,2011-02-05,2011,1,Q1 2011,2,February,Feb 2011,201102,5,5,Saturday,True
20110206,2011-02-06,2011,1,Q1 2011,2,February,Feb 2011,201102,6,6,Sunday,True
20110207,2011-02-07,2011,1,Q1 2011,2,February,Feb 2011,201102,7,0,Monday,False
20110208,2011-02-08,2011,1,Q1 2011,2,February,Feb 2011,201102,8,1,Tuesday,False
20110209,2011-02-09,2011,1,Q1 2011,2,February,Feb 2011,201102,9,2,Wednesday,False
20110210,2011-02-10,2011,1,Q1 2011,2,February,Feb 2011,201102,10,3,Thursday,False
20110211,2011-02-11,2011,1,Q1 2011,2,February,Feb 2011,201102,11,4,Friday,False
20110212,2011-02-12,2011,1,Q1 2011,2,February,Feb 2011,201102,12,5,Saturday,True
20110213,2011-02-13,2011,1,Q1 2011,2,February,Feb 2011,201102,13,6,Sunday,True
20110214,2011-02-14,2011,1,Q1 2011,2,February,Feb 2011,201102,14,0,Monday,False
20110215,2011-02-15,2011,1,Q1 2011,2,February,Feb 2011,201102,15,1,Tuesday,False
20110216,2011-02-16,2011,1,Q1 2011,2,February,Feb 2011,201102,16,2,Wednesday,False
20110217,2011-02-17,2011,1,Q1 2011,2,February,Feb 2011,201102,17,3,Thursday,False
20110218,2011-02-18,2011,1,Q1 2011,2,February,Feb 2011,201102,18,4,Friday,False
20110219,2011-02-19,2011,1,Q1 2011,2,February,Feb 2011,201102,19,5,Saturday,True
20110220,2011-02-20,2011,1,Q1 2011,2,February,Feb 2011,201102,20,6,Sunday,True
20110221,2011-02-21,2011,1,Q1 2011,2,February,Feb 2011,201102,21,0,Monday,False
20110222,2011-02-22,2011,1,Q1 2011,2,February,Feb 2011,201102,22,1,Tuesday,False
20110223,2011-02-23,2011,1,Q1 2011,2,February,Feb 2011,201102,23,2,Wednesday,False
20110224,2011-02-24,2011,1,Q1 2011,2,February,Feb 2011,201102,24,3,Thursday,False
20110225,2011-02-25,2011,1,Q1 2011,2,February,Feb 2011,201102,25,4,Friday,False
20110226,2011-02-26,2011,1,Q1 2011,2,February,Feb 2011,201102,26,5,Saturday,True
20110227,2011-02-27,2011,1,Q1 2011,2,February,Feb 2011,201102,27,6,Sunday,True
20110228,2011-02-28,2011,1,Q1 2011,2,February,Feb 2011,201102,28,0,Monday,False
20110301,2011-03-01,2011,1,Q1 2011,3,March,Mar 2011,201103,1,1,Tuesday,False
20110302,2011-03-02,2011,1,Q1 2011,3,March,Mar 2011,201103,2,2,Wednesday,False
20110303,2011-03-03,2011,1,Q1 2011,3,March,Mar 2011,201103,3,3,Thursday,False
20110304,2011-03-04,2011,1,Q1 2011,3,March,Mar 2011,201103,4,4,Friday,False
20110305,2011-03-05,2011,1,Q1 2011,3,March,Mar 2011,201103,5,5,Saturday,True
20110306,2011-03-06,2011,1,Q1 2011,3,March,Mar 2011,201103,6,6,Sunday,True
20110307,2011-03-07,2011,1,Q1 2011,3,March,Mar 2011,201103,7,0,Monday,False
20110308,2011-03-08,2011,1,Q1 2011,3,March,Mar 2011,201103,8,1,Tuesday,False
20110309,2011-03-09,2011,1,Q1 2011,3,March,Mar 2011,201103,9,2,Wednesday,False
20110310,2011-03-10,2011,1,Q1 2011,3,March,Mar 2011,201103,10,3,Thursday,False
20110311,2011-03-11,2011,1,Q1 2011,3,March,Mar 2011,201103,11,4,Friday,False
20110312,2011-03-12,2011,1,Q1 2011,3,March,Mar 2011,201103,12,5,Saturday,True
20110313,2011-03-13,2011,1,Q1 2011,3,March,Mar 2011,201103,13,6,Sunday,True
20110314,2011-03-14,2011,1,Q1 2011,3,March,Mar 2011,201103,14,0,Monday,False
20110315,2011-03-15,2011,1,Q1 2011,3,March,Mar 2011,201103,15,1,Tuesday,False
20110316,2011-03-16,2011,1,Q1 2011,3,March,Mar 2011,201103,16,2,Wednesday,False
20110317,2011-03-17,2011,1,Q1 2011,3,March,Mar 2011,201103,17,3,Thursday,False
20110318,2011-03-18,2011,1,Q1 2011,3,March,Mar 2011,201103,18,4,Friday,False
20110319,2011-03-19,2011,1,Q1 2011,3,March,Mar 2011,201103,19,5,Saturday,True
20110320,2011-03-20,2011,1,Q1 2011,3,March,Mar 2011,201103,20,6,Sunday,True
20110321,2011-03-21,2011,1,Q1 2011,3,March,Mar 2011,201103,21,0,Monday,False
20110322,2011-03-22,2011,1,Q1 2011,3,March,Mar 2011,201103,22,1,Tuesday,False
20110323,2011-03-23,2011,1,Q1 2011,3,March,Mar 2011,201103,23,2,Wednesday,False
20110324,2011-03-24,2011,1,Q1 2011,3,March,Mar 2011,201103,24,3,Thursday,False
20110325,2011-03-25,2011,1,Q1 2011,3,March,Mar 2011,201103,25,4,Friday,False
20110326,2011-03-26,2011,1,Q1 2011,3,March,Mar 2011,201103,26,5,Saturday,True
20110327,2011-03-27,2011,1,Q1 2011,3,March,Mar 2011,201103,27,6,Sunday,True
20110328,2011-03-28,2011,1,Q1 2011,3,March,Mar 2011,201103,28,0,Monday,False
20110329,2011-03-29,2011,1,Q1 2011,3,March,Mar 2011,201103,29,1,Tuesday,False
20110330,2011-03-30,2011,1,Q1 2011,3,March,Mar 2011,201103,30,2,Wednesday,False
20110331,2011-03-31,2011,1,Q1 2011,3,March,Mar 2011,201103,31,3,Thursday,False
20110401,2011-04-01,2011,2,Q2 2011,4,April,Apr 2011,201104,1,4,Friday,False
20110402,2011-04-02,2011,2,Q2 2011,4,April,Apr 2011,201104,2,5,Saturday,True
20110403,2011-04-03,2011,2,Q2 2011,4,April,Apr 2011,201104,3,6,Sunday,True
20110404,2011-04-04,2011,2,Q2 2011,4,April,Apr 2011,201104,4,0,Monday,False
20110405,2011-04-05,2011,2,Q2 2011,4,April,Apr 2011,201104,5,1,Tuesday,False
20110406,2011-04-06,2011,2,Q2 2011,4,April,Apr 2011,201104,6,2,Wednesday,False
20110407,2011-04-07,2011,2,Q2 2011,4,April,Apr 2011,201104,7,3,Thursday,False
20110408,2011-04-08,2011,2,Q2 2011,4,April,Apr 2011,201104,8,4,Friday,False
20110409,2011-04-09,2011,2,Q2 2011,4,April,Apr 2011,201104,9,5,Saturday,True
20110410,2011-04-10,2011,2,Q2 2011,4,April,Apr 2011,201104,10,6,Sunday,True
20110411,2011-04-11,2011,2,Q2 2011,4,April,Apr 2011,201104,11,0,Monday,False
20110412,2011-04-12,2011,2,Q2 2011,4,April,Apr 2011,201104,12,1,Tuesday,False
20110413,2011-04-13,2011,2,Q2 2011,4,April,Apr 2011,201104,13,2,Wednesday,False
20110414,2011-04-14,2011,2,Q2 2011,4,April,Apr 2011,201104,14,3,Thursday,False
20110415,2011-04-15,2011,2,Q2 2011,4,April,Apr 2011,201104,15,4,Friday,False
20110416,2011-04-16,2011,2,Q2 2011,4,April,Apr 2011,201104,16,5,Saturday,True
20110417,2011-04-17,2011,2,Q2 2011,4,April,Apr 2011,201104,17,6,Sunday,True
20110418,2011-04-18,2011,2,Q2 2011,4,April,Apr 2011,201104,18,0,Monday,False
20110419,2011-04-19,2011,2,Q2 2011,4,April,Apr 2011,201104,19,1,Tuesday,False
20110420,2011-04-20,2011,2,Q2 2011,4,April,Apr 2011,201104,20,2,Wednesday,False
20110421,2011-04-21,2011,2,Q2 2011,4,April,Apr 2011,201104,21,3,Thursday,False
20110422,2011-04-22,2011,2,Q2 2011,4,April,Apr 2011,201104,22,4,Friday,False
20110423,2011-04-23,2011,2,Q2 2011,4,April,Apr 2011,201104,23,5,Saturday,True
20110424,2011-04-24,2011,2,Q2 2011,4,April,Apr 2011,201104,24,6,Sunday,True
20110425,2011-04-25,2011,2,Q2 2011,4,April,Apr 2011,201104,25,0,Monday,False
20110426,2011-04-26,2011,2,Q2 2011,4,April,Apr 2011,201104,26,1,Tuesday,False
20110427,2011-04-27,2011,2,Q2 2011,4,April,Apr 2011,201104,27,2,Wednesday,False
20110428,2011-04-28,2011,2,Q2 2011,4,April,Apr 2011,201104,28,3,Thursday,False
20110429,2011-04-29,2011,2,Q2 2011,4,April,Apr 2011,201104,29,4,Friday,False
20110430,2011-04-30,2011,2,Q2 2011,4,April,Apr 2011,201104,30,5,Saturday,True
20110501,2011-05-01,2011,2,Q2 2011,5,May,May 2011,201105,1,6,Sunday,True
20110502,2011-05-02,2011,2,Q2 2011,5,May,May 2011,201105,2,0,Monday,False
20110503,2011-05-03,2011,2,Q2 2011,5,May,May 2011,201105,3,1,Tuesday,False
20110504,2011-05-04,2011,2,Q2 2011,5,May,May 2011,201105,4,2,Wednesday,False
20110505,2011-05-05,2011,2,Q2 2011,5,May,May 2011,201105,5,3,Thursday,False
20110506,2011-05-06,2011,2,Q2 2011,5,May,May 2011,201105,6,4,Friday,False
20110507,2011-05-07,2011,2,Q2 2011,5,May,May 2011,201105,7,5,Saturday,True
20110508,2011-05-08,2011,2,Q2 2011,5,May,May 2011,201105,8,6,Sunday,True
20110509,2011-05-09,2011,2,Q2 2011,5,May,May 2011,201105,9,0,Monday,False
20110510,2011-05-10,2011,2,Q2 2011,5,May,May 2011,201105,10,1,Tuesday,False
20110511,2011-05-11,2011,2,Q2 2011,5,May,May 2011,201105,11,2,Wednesday,False
20110512,2011-05-12,2011,2,Q2 2011,5,May,May 2011,201105,12,3,Thursday,False
20110513,2011-05-13,2011,2,Q2 2011,5,May,May 2011,201105,13,4,Friday,False
20110514,2011-05-14,2011,2,Q2 2011,5,May,May 2011,201105,14,5,Saturday,True
20110515,2011-05-15,2011,2,Q2 2011,5,May,May 2011,201105,15,6,Sunday,True
20110516,2011-05-16,2011,2,Q2 2011,5,May,May 2011,201105,16,0,Monday,False
20110517,2011-05-17,2011,2,Q2 2011,5,May,May 2011,201105,17,1,Tuesday,False
20110518,2011-05-18,2011,2,Q2 2011,5,May,May 2011,201105,18,2,Wednesday,False
20110519,2011-05-19,2011,2,Q2 2011,5,May,May 2011,201105,19,3,Thursday,False
20110520,2011-05-20,2011,2,Q2 2011,5,May,May 2011,201105,20,4,Friday,False
20110521,2011-05-21,2011,2,Q2 2011,5,May,May 2011,201105,21,5,Saturday,True
20110522,2011-05-22,2011,2,Q2 2011,5,May,May 2011,201105,22,6,Sunday,True
20110523,2011-05-23,2011,2,Q2 2011,5,May,May 2011,201105,23,0,Monday,False
20110524,2011-05-24,2011,2,Q2 2011,5,May,May 2011,201105,24,1,Tuesday,False
20110525,2011-05-25,2011,2,Q2 2011,5,May,May 2011,201105,25,2,Wednesday,False
20110526,2011-05-26,2011,2,Q2 2011,5,May,May 2011,201105,26,3,Thursday,False
20110527,2011-05-27,2011,2,Q2 2011,5,May,May 2011,201105,27,4,Friday,False
20110528,2011-05-28,2011,2,Q2 2011,5,May,May 2011,201105,28,5,Saturday,True
20110529,2011-05-29,2011,2,Q2 2011,5,May,May 2011,201105,29,6,Sunday,True
20110530,2011-05-30,2011,2,Q2 2011,5,May,May 2011,201105,30,0,Monday,False
20110531,2011-05-31,2011,2,Q2 2011,5,May,May 2011,201105,31,1,Tuesday,False
20110601,2011-06-01,2011,2,Q2 2011,6,June,Jun 2011,201106,1,2,Wednesday,False
20110602,2011-06-02,2011,2,Q2 2011,6,June,Jun 2011,201106,2,3,Thursday,False
20110603,2011-06-03,2011,2,Q2 2011,6,June,Jun 2011,201106,3,4,Friday,False
20110604,2011-06-04,2011,2,Q2 2011,6,June,Jun 2011,201106,4,5,Saturday,True
20110605,2011-06-05,2011,2,Q2 2011,6,June,Jun 2011,201106,5,6,Sunday,True
20110606,2011-06-06,2011,2,Q2 2011,6,June,Jun 2011,201106,6,0,Monday,False
20110607,2011-06-07,2011,2,Q2 2011,6,June,Jun 2011,201106,7,1,Tuesday,False
20110608,2011-06-08,2011,2,Q2 2011,6,June,Jun 2011,201106,8,2,Wednesday,False
20110609,2011-06-09,2011,2,Q2 2011,6,June,Jun 2011,201106,9,3,Thursday,False
20110610,2011-06-10,2011,2,Q2 2011,6,June,Jun 2011,201106,10,4,Friday,False
20110611,2011-06-11,2011,2,Q2 2011,6,June,Jun 2011,201106,11,5,Saturday,True
20110612,2011-06-12,2011,2,Q2 2011,6,June,Jun 2011,201106,12,6,Sunday,True
20110613,2011-06-13,2011,2,Q2 2011,6,June,Jun 2011,201106,13,0,Monday,False
20110614,2011-06-14,2011,2,Q2 2011,6,June,Jun 2011,201106,14,1,Tuesday,False
20110615,2011-06-15,2011,2,Q2 2011,6,June,Jun 2011,201106,15,2,Wednesday,False
20110616,2011-06-16,2011,2,Q2 2011,6,June,Jun 2011,201106,16,3,Thursday,False
20110617,2011-06-17,2011,2,Q2 2011,6,June,Jun 2011,201106,17,4,Friday,False
20110618,2011-06-18,2011,2,Q2 2011,6,June,Jun 2011,201106,18,5,Saturday,True
20110619,2011-06-19,2011,2,Q2 2011,6,June,Jun 2011,201106,19,6,Sunday,True
20110620,2011-06-20,2011,2,Q2 2011,6,June,Jun 2011,201106,20,0,Monday,False
20110621,2011-06-21,2011,2,Q2 2011,6,June,Jun 2011,201106,21,1,Tuesday,False
20110622,2011-06-22,2011,2,Q2 2011,6,June,Jun 2011,201106,22,2,Wednesday,False
20110623,2011-06-23,2011,2,Q2 2011,6,June,Jun 2011,201106,23,3,Thursday,False
20110624,2011-06-24,2011,2,Q2 2011,6,June,Jun 2011,201106,24,4,Friday,False
20110625,2011-06-25,2011,2,Q2 2011,6,June,Jun 2011,201106,25,5,Saturday,True
20110626,2011-06-26,2011,2,Q2 2011,6,June,Jun 2011,201106,26,6,Sunday,True
20110627,2011-06-27,2011,2,Q2 2011,6,June,Jun 2011,201106,27,0,Monday,False
20110628,2011-06-28,2011,2,Q2 2011,6,June,Jun 2011,201106,28,1,Tuesday,False
20110629,2011-06-29,2011,2,Q2 2011,6,June,Jun 2011,201106,29,2,Wednesday,False
20110630,2011-06-30,2011,2,Q2 2011,6,June,Jun 2011,201106,30,3,Thursday,False
20110701,2011-07-01,2011,3,Q3 2011,7,July,Jul 2011,201107,1,4,Friday,False
20110702,2011-07-02,2011,3,Q3 2011,7,July,Jul 2011,201107,2,5,Saturday,True
20110703,2011-07-03,2011,3,Q3 2011,7,July,Jul 2011,201107,3,6,Sunday,True
20110704,2011-07-04,2011,3,Q3 2011,7,July,Jul 2011,201107,4,0,Monday,False
20110705,2011-07-05,2011,3,Q3 2011,7,July,Jul 2011,201107,5,1,Tuesday,False
20110706,2011-07-06,2011,3,Q3 2011,7,July,Jul 2011,201107,6,2,Wednesday,False
20110707,2011-07-07,2011,3,Q3 2011,7,July,Jul 2011,201107,7,3,Thursday,False
20110708,2011-07-08,2011,3,Q3 2011,7,July,Jul 2011,201107,8,4,Friday,False
20110709,2011-07-09,2011,3,Q3 2011,7,July,Jul 2011,201107,9,5,Saturday,True
20110710,2011-07-10,2011,3,Q3 2011,7,July,Jul 2011,201107,10,6,Sunday,True
20110711,2011-07-11,2011,3,Q3 2011,7,July,Jul 2011,201107,11,0,Monday,False
20110712,2011-07-12,2011,3,Q3 2011,7,July,Jul 2011,201107,12,1,Tuesday,False
20110713,2011-07-13,2011,3,Q3 2011,7,July,Jul 2011,201107,13,2,Wednesday,False
20110714,2011-07-14,2011,3,Q3 2011,7,July,Jul 2011,201107,14,3,Thursday,False
20110715,2011-07-15,2011,3,Q3 2011,7,July,Jul 2011,201107,15,4,Friday,False
20110716,2011-07-16,2011,3,Q3 2011,7,July,Jul 2011,201107,16,5,Saturday,True
20110717,2011-07-17,2011,3,Q3 2011,7,July,Jul 2011,201107,17,6,Sunday,True
20110718,2011-07-18,2011,3,Q3 2011,7,July,Jul 2011,201107,18,0,Monday,False
20110719,2011-07-19,2011,3,Q3 2011,7,July,Jul 2011,201107,19,1,Tuesday,False
20110720,2011-07-20,2011,3,Q3 2011,7,July,Jul 2011,201107,20,2,Wednesday,False
20110721,2011-07-21,2011,3,Q3 2011,7,July,Jul 2011,201107,21,3,Thursday,False
20110722,2011-07-22,2011,3,Q3 2011,7,July,Jul 2011,201107,22,4,Friday,False
20110723,2011-07-23,2011,3,Q3 2011,7,July,Jul 2011,201107,23,5,Saturday,True
20110724,2011-07-24,2011,3,Q3 2011,7,July,Jul 2011,201107,24,6,Sunday,True
20110725,2011-07-25,2011,3,Q3 2011,7,July,Jul 2011,201107,25,0,Monday,False
20110726,2011-07-26,2011,3,Q3 2011,7,July,Jul 2011,201107,26,1,Tuesday,False
20110727,2011-07-27,2011,3,Q3 2011,7,July,Jul 2011,201107,27,2,Wednesday,False
20110728,2011-07-28,2011,3,Q3 2011,7,July,Jul 2011,201107,28,3,Thursday,False
20110729,2011-07-29,2011,3,Q3 2011,7,July,Jul 2011,201107,29,4,Friday,False
20110730,2011-07-30,2011,3,Q3 2011,7,July,Jul 2011,201107,30,5,Saturday,True
20110731,2011-07-31,2011,3,Q3 2011,7,July,Jul 2011,201107,31,6,Sunday,True
20110801,2011-08-01,2011,3,Q3 2011,8,August,Aug 2011,201108,1,0,Monday,False
20110802,2011-08-02,2011,3,Q3 2011,8,August,Aug 2011,201108,2,1,Tuesday,False
20110803,2011-08-03,2011,3,Q3 2011,8,August,Aug 2011,201108,3,2,Wednesday,False
20110804,2011-08-04,2011,3,Q3 2011,8,August,Aug 2011,201108,4,3,Thursday,False
20110805,2011-08-05,2011,3,Q3 2011,8,August,Aug 2011,201108,5,4,Friday,False
20110806,2011-08-06,2011,3,Q3 2011,8,August,Aug 2011,201108,6,5,Saturday,True
20110807,2011-08-07,2011,3,Q3 2011,8,August,Aug 2011,201108,7,6,Sunday,True
20110808,2011-08-08,2011,3,Q3 2011,8,August,Aug 2011,201108,8,0,Monday,False
20110809,2011-08-09,2011,3,Q3 2011,8,August,Aug 2011,201108,9,1,Tuesday,False
20110810,2011-08-10,2011,3,Q3 2011,8,August,Aug 2011,201108,10,2,Wednesday,False
20110811,2011-08-11,2011,3,Q3 2011,8,August,Aug 2011,201108,11,3,Thursday,False
20110812,2011-08-12,2011,3,Q3 2011,8,August,Aug 2011,201108,12,4,Friday,False
20110813,2011-08-13,2011,3,Q3 2011,8,August,Aug 2011,201108,13,5,Saturday,True
20110814,2011-08-14,2011,3,Q3 2011,8,August,Aug 2011,201108,14,6,Sunday,True
20110815,2011-08-15,2011,3,Q3 2011,8,August,Aug 2011,201108,15,0,Monday,False
20110816,2011-08-16,2011,3,Q3 2011,8,August,Aug 2011,201108,16,1,Tuesday,False
20110817,2011-08-17,2011,3,Q3 2011,8,August,Aug 2011,201108,17,2,Wednesday,False
20110818,2011-08-18,2011,3,Q3 2011,8,August,Aug 2011,201108,18,3,Thursday,False
20110819,2011-08-19,2011,3,Q3 2011,8,August,Aug 2011,201108,19,4,Friday,False
20110820,2011-08-20,2011,3,Q3 2011,8,August,Aug 2011,201108,20,5,Saturday,True
20110821,2011-08-21,2011,3,Q3 2011,8,August,Aug 2011,201108,21,6,Sunday,True
20110822,2011-08-22,2011,3,Q3 2011,8,August,Aug 2011,201108,22,0,Monday,False
20110823,2011-08-23,2011,3,Q3 2011,8,August,Aug 2011,201108,23,1,Tuesday,False
20110824,2011-08-24,2011,3,Q3 2011,8,August,Aug 2011,201108,24,2,Wednesday,False
20110825,2011-08-25,2011,3,Q3 2011,8,August,Aug 2011,201108,25,3,Thursday,False
20110826,2011-08-26,2011,3,Q3 2011,8,August,Aug 2011,201108,26,4,Friday,False
20110827,2011-08-27,2011,3,Q3 2011,8,August,Aug 2011,201108,27,5,Saturday,True
20110828,2011-08-28,2011,3,Q3 2011,8,August,Aug 2011,201108,28,6,Sunday,True
20110829,2011-08-29,2011,3,Q3 2011,8,August,Aug 2011,201108,29,0,Monday,False
20110830,2011-08-30,2011,3,Q3 2011,8,August,Aug 2011,201108,30,1,Tuesday,False
20110831,2011-08-31,2011,3,Q3 2011,8,August,Aug 2011,201108,31,2,Wednesday,False
20110901,2011-09-01,2011,3,Q3 2011,9,September,Sep 2011,201109,1,3,Thursday,False
20110902,2011-09-02,2011,3,Q3 2011,9,September,Sep 2011,201109,2,4,Friday,False
20110903,2011-09-03,2011,3,Q3 2011,9,September,Sep 2011,201109,3,5,Saturday,True
20110904,2011-09-04,2011,3,Q3 2011,9,September,Sep 2011,201109,4,6,Sunday,True
20110905,2011-09-05,2011,3,Q3 2011,9,September,Sep 2011,201109,5,0,Monday,False
20110906,2011-09-06,2011,3,Q3 2011,9,September,Sep 2011,201109,6,1,Tuesday,False
20110907,2011-09-07,2011,3,Q3 2011,9,September,Sep 2011,201109,7,2,Wednesday,False
20110908,2011-09-08,2011,3,Q3 2011,9,September,Sep 2011,201109,8,3,Thursday,False
20110909,2011-09-09,2011,3,Q3 2011,9,September,Sep 2011,201109,9,4,Friday,False
20110910,2011-09-10,2011,3,Q3 2011,9,September,Sep 2011,201109,10,5,Saturday,True
20110911,2011-09-11,2011,3,Q3 2011,9,September,Sep 2011,201109,11,6,Sunday,True
20110912,2011-09-12,2011,3,Q3 2011,9,September,Sep 2011,201109,12,0,Monday,False
20110913,2011-09-13,2011,3,Q3 2011,9,September,Sep 2011,201109,13,1,Tuesday,False
20110914,2011-09-14,2011,3,Q3 2011,9,September,Sep 2011,201109,14,2,Wednesday,False
20110915,2011-09-15,2011,3,Q3 2011,9,September,Sep 2011,201109,15,3,Thursday,False
20110916,2011-09-16,2011,3,Q3 2011,9,September,Sep 2011,201109,16,4,Friday,False
20110917,2011-09-17,2011,3,Q3 2011,9,September,Sep 2011,201109,17,5,Saturday,True
20110918,2011-09-18,2011,3,Q3 2011,9,September,Sep 2011,201109,18,6,Sunday,True
20110919,2011-09-19,2011,3,Q3 2011,9,September,Sep 2011,201109,19,0,Monday,False
20110920,2011-09-20,2011,3,Q3 2011,9,September,Sep 2011,201109,20,1,Tuesday,False
20110921,2011-09-21,2011,3,Q3 2011,9,September,Sep 2011,201109,21,2,Wednesday,False
20110922,2011-09-22,2011,3,Q3 2011,9,September,Sep 2011,201109,22,3,Thursday,False
20110923,2011-09-23,2011,3,Q3 2011,9,September,Sep 2011,201109,23,4,Friday,False
20110924,2011-09-24,2011,3,Q3 2011,9,September,Sep 2011,201109,24,5,Saturday,True
20110925,2011-09-25,2011,3,Q3 2011,9,September,Sep 2011,201109,25,6,Sunday,True
20110926,2011-09-26,2011,3,Q3 2011,9,September,Sep 2011,201109,26,0,Monday,False
20110927,2011-09-27,2011,3,Q3 2011,9,September,Sep 2011,201109,27,1,Tuesday,False
20110928,2011-09-28,2011,3,Q3 2011,9,September,Sep 2011,201109,28,2,Wednesday,False
20110929,2011-09-29,2011,3,Q3 2011,9,September,Sep 2011,201109,29,3,Thursday,False
20110930,2011-09-30,2011,3,Q3 2011,9,September,Sep 2011,201109,30,4,Friday,False
20111001,2011-10-01,2011,4,Q4 2011,10,October,Oct 2011,201110,1,5,Saturday,True
20111002,2011-10-02,2011,4,Q4 2011,10,October,Oct 2011,201110,2,6,Sunday,True
20111003,2011-10-03,2011,4,Q4 2011,10,October,Oct 2011,201110,3,0,Monday,False
20111004,2011-10-04,2011,4,Q4 2011,10,October,Oct 2011,201110,4,1,Tuesday,False
20111005,2011-10-05,2011,4,Q4 2011,10,October,Oct 2011,201110,5,2,Wednesday,False
20111006,2011-10-06,2011,4,Q4 2011,10,October,Oct 2011,201110,6,3,Thursday,False
20111007,2011-10-07,2011,4,Q4 2011,10,October,Oct 2011,201110,7,4,Friday,False
20111008,2011-10-08,2011,4,Q4 2011,10,October,Oct 2011,201110,8,5,Saturday,True
20111009,2011-10-09,2011,4,Q4 2011,10,October,Oct 2011,201110,9,6,Sunday,True
20111010,2011-10-10,2011,4,Q4 2011,10,October,Oct 2011,201110,10,0,Monday,False
20111011,2011-10-11,2011,4,Q4 2011,10,October,Oct 2011,201110,11,1,Tuesday,False
20111012,2011-10-12,2011,4,Q4 2011,10,October,Oct 2011,201110,12,2,Wednesday,False
20111013,2011-10-13,2011,4,Q4 2011,10,October,Oct 2011,201110,13,3,Thursday,False
20111014,2011-10-14,2011,4,Q4 2011,10,October,Oct 2011,201110,14,4,Friday,False
20111015,2011-10-15,2011,4,Q4 2011,10,October,Oct 2011,201110,15,5,Saturday,True
20111016,2011-10-16,2011,4,Q4 2011,10,October,Oct 2011,201110,16,6,Sunday,True
20111017,2011-10-17,2011,4,Q4 2011,10,October,Oct 2011,201110,17,0,Monday,False
20111018,2011-10-18,2011,4,Q4 2011,10,October,Oct 2011,201110,18,1,Tuesday,False
20111019,2011-10-19,2011,4,Q4 2011,10,October,Oct 2011,201110,19,2,Wednesday,False
20111020,2011-10-20,2011,4,Q4 2011,10,October,Oct 2011,201110,20,3,Thursday,False
20111021,2011-10-21,2011,4,Q4 2011,10,October,Oct 2011,201110,21,4,Friday,False
20111022,2011-10-22,2011,4,Q4 2011,10,October,Oct 2011,201110,22,5,Saturday,True
20111023,2011-10-23,2011,4,Q4 2011,10,October,Oct 2011,201110,23,6,Sunday,True
20111024,2011-10-24,2011,4,Q4 2011,10,October,Oct 2011,201110,24,0,Monday,False
20111025,2011-10-25,2011,4,Q4 2011,10,October,Oct 2011,201110,25,1,Tuesday,False
20111026,2011-10-26,2011,4,Q4 2011,10,October,Oct 2011,201110,26,2,Wednesday,False
20111027,2011-10-27,2011,4,Q4 2011,10,October,Oct 2011,201110,27,3,Thursday,False
20111028,2011-10-28,2011,4,Q4 2011,10,October,Oct 2011,201110,28,4,Friday,False
20111029,2011-10-29,2011,4,Q4 2011,10,October,Oct 2011,201110,29,5,Saturday,True
20111030,2011-10-30,2011,4,Q4 2011,10,October,Oct 2011,201110,30,6,Sunday,True
20111031,2011-10-31,2011,4,Q4 2011,10,October,Oct 2011,201110,31,0,Monday,False
20111101,2011-11-01,2011,4,Q4 2011,11,November,Nov 2011,201111,1,1,Tuesday,False
20111102,2011-11-02,2011,4,Q4 2011,11,November,Nov 2011,201111,2,2,Wednesday,False
20111103,2011-11-03,2011,4,Q4 2011,11,November,Nov 2011,201111,3,3,Thursday,False
20111104,2011-11-04,2011,4,Q4 2011,11,November,Nov 2011,201111,4,4,Friday,False
20111105,2011-11-05,2011,4,Q4 2011,11,November,Nov 2011,201111,5,5,Saturday,True
20111106,2011-11-06,2011,4,Q4 2011,11,November,Nov 2011,201111,6,6,Sunday,True
20111107,2011-11-07,2011,4,Q4 2011,11,November,Nov 2011,201111,7,0,Monday,False
20111108,2011-11-08,2011,4,Q4 2011,11,November,Nov 2011,201111,8,1,Tuesday,False
20111109,2011-11-09,2011,4,Q4 2011,11,November,Nov 2011,201111,9,2,Wednesday,False
20111110,2011-11-10,2011,4,Q4 2011,11,November,Nov 2011,201111,10,3,Thursday,False
20111111,2011-11-11,2011,4,Q4 2011,11,November,Nov 2011,201111,11,4,Friday,False
20111112,2011-11-12,2011,4,Q4 2011,11,November,Nov 2011,201111,12,5,Saturday,True
20111113,2011-11-13,2011,4,Q4 2011,11,November,Nov 2011,201111,13,6,Sunday,True
20111114,2011-11-14,2011,4,Q4 2011,11,November,Nov 2011,201111,14,0,Monday,False
20111115,2011-11-15,2011,4,Q4 2011,11,November,Nov 2011,201111,15,1,Tuesday,False
20111116,2011-11-16,2011,4,Q4 2011,11,November,Nov 2011,201111,16,2,Wednesday,False
20111117,2011-11-17,2011,4,Q4 2011,11,November,Nov 2011,201111,17,3,Thursday,False
20111118,2011-11-18,2011,4,Q4 2011,11,November,Nov 2011,201111,18,4,Friday,False
20111119,2011-11-19,2011,4,Q4 2011,11,November,Nov 2011,201111,19,5,Saturday,True
20111120,2011-11-20,2011,4,Q4 2011,11,November,Nov 2011,201111,20,6,Sunday,True
20111121,2011-11-21,2011,4,Q4 2011,11,November,Nov 2011,201111,21,0,Monday,False
20111122,2011-11-22,2011,4,Q4 2011,11,November,Nov 2011,201111,22,1,Tuesday,False
20111123,2011-11-23,2011,4,Q4 2011,11,November,Nov 2011,201111,23,2,Wednesday,False
20111124,2011-11-24,2011,4,Q4 2011,11,November,Nov 2011,201111,24,3,Thursday,False
20111125,2011-11-25,2011,4,Q4 2011,11,November,Nov 2011,201111,25,4,Friday,False
20111126,2011-11-26,2011,4,Q4 2011,11,November,Nov 2011,201111,26,5,Saturday,True
20111127,2011-11-27,2011,4,Q4 2011,11,November,Nov 2011,201111,27,6,Sunday,True
20111128,2011-11-28,2011,4,Q4 2011,11,November,Nov 2011,201111,28,0,Monday,False
20111129,2011-11-29,2011,4,Q4 2011,11,November,Nov 2011,201111,29,1,Tuesday,False
20111130,2011-11-30,2011,4,Q4 2011,11,November,Nov 2011,201111,30,2,Wednesday,False
20111201,2011-12-01,2011,4,Q4 2011,12,December,Dec 2011,201112,1,3,Thursday,False
20111202,2011-12-02,2011,4,Q4 2011,12,December,Dec 2011,201112,2,4,Friday,False
20111203,2011-12-03,2011,4,Q4 2011,12,December,Dec 2011,201112,3,5,Saturday,True
20111204,2011-12-04,2011,4,Q4 2011,12,December,Dec 2011,201112,4,6,Sunday,True
20111205,2011-12-05,2011,4,Q4 2011,12,December,Dec 2011,201112,5,0,Monday,False
20111206,2011-12-06,2011,4,Q4 2011,12,December,Dec 2011,201112,6,1,Tuesday,False
20111207,2011-12-07,2011,4,Q4 2011,12,December,Dec 2011,201112,7,2,Wednesday,False
20111208,2011-12-08,2011,4,Q4 2011,12,December,Dec 2011,201112,8,3,Thursday,False
20111209,2011-12-09,2011,4,Q4 2011,12,December,Dec 2011,201112,9,4,Friday,False
20111210,2011-12-10,2011,4,Q4 2011,12,December,Dec 2011,201112,10,5,Saturday,True
20111211,2011-12-11,2011,4,Q4 2011,12,December,Dec 2011,201112,11,6,Sunday,True
20111212,2011-12-12,2011,4,Q4 2011,12,December,Dec 2011,201112,12,0,Monday,False
20111213,2011-12-13,2011,4,Q4 2011,12,December,Dec 2011,201112,13,1,Tuesday,False
20111214,2011-12-14,2011,4,Q4 2011,12,December,Dec 2011,201112,14,2,Wednesday,False
20111215,2011-12-15,2011,4,Q4 2011,12,December,Dec 2011,201112,15,3,Thursday,False
20111216,2011-12-16,2011,4,Q4 2011,12,December,Dec 2011,201112,16,4,Friday,False
20111217,2011-12-17,2011,4,Q4 2011,12,December,Dec 2011,201112,17,5,Saturday,True
20111218,2011-12-18,2011,4,Q4 2011,12,December,Dec 2011,201112,18,6,Sunday,True
20111219,2011-12-19,2011,4,Q4 2011,12,December,Dec 2011,201112,19,0,Monday,False
20111220,2011-12-20,2011,4,Q4 2011,12,December,Dec 2011,201112,20,1,Tuesday,False
20111221,2011-12-21,2011,4,Q4 2011,12,December,Dec 2011,201112,21,2,Wednesday,False
20111222,2011-12-22,2011,4,Q4 2011,12,December,Dec 2011,201112,22,3,Thursday,False
20111223,2011-12-23,2011,4,Q4 2011,12,December,Dec 2011,201112,23,4,Friday,False
20111224,2011-12-24,2011,4,Q4 2011,12,December,Dec 2011,201112,24,5,Saturday,True
20111225,2011-12-25,2011,4,Q4 2011,12,December,Dec 2011,201112,25,6,Sunday,True
20111226,2011-12-26,2011,4,Q4 2011,12,December,Dec 2011,201112,26,0,Monday,False
20111227,2011-12-27,2011,4,Q4 2011,12,December,Dec 2011,201112,27,1,Tuesday,False
20111228,2011-12-28,2011,4,Q4 2011,12,December,Dec 2011,201112,28,2,Wednesday,False
20111229,2011-12-29,2011,4,Q4 2011,12,December,Dec 2011,201112,29,3,Thursday,False
20111230,2011-12-30,2011,4,Q4 2011,12,December,Dec 2011,201112,30,4,Friday,False
20111231,2011-12-31,2011,4,Q4 2011,12,December,Dec 2011,201112,31,5,Saturday,True
20120101,2012-01-01,2012,1,Q1 2012,1,January,Jan 2012,201201,1,6,Sunday,True
20120102,2012-01-02,2012,1,Q1 2012,1,January,Jan 2012,201201,2,0,Monday,False
20120103,2012-01-03,2012,1,Q1 2012,1,January,Jan 2012,201201,3,1,Tuesday,False
20120104,2012-01-04,2012,1,Q1 2012,1,January,Jan 2012,201201,4,2,Wednesday,False
20120105,2012-01-05,2012,1,Q1 2012,1,January,Jan 2012,201201,5,3,Thursday,False
20120106,2012-01-06,2012,1,Q1 2012,1,January,Jan 2012,201201,6,4,Friday,False
20120107,2012-01-07,2012,1,Q1 2012,1,January,Jan 2012,201201,7,5,Saturday,True
20120108,2012-01-08,2012,1,Q1 2012,1,January,Jan 2012,201201,8,6,Sunday,True
20120109,2012-01-09,2012,1,Q1 2012,1,January,Jan 2012,201201,9,0,Monday,False
20120110,2012-01-10,2012,1,Q1 2012,1,January,Jan 2012,201201,10,1,Tuesday,False
20120111,2012-01-11,2012,1,Q1 2012,1,January,Jan 2012,201201,11,2,Wednesday,False
20120112,2012-01-12,2012,1,Q1 2012,1,January,Jan 2012,201201,12,3,Thursday,False
20120113,2012-01-13,2012,1,Q1 2012,1,January,Jan 2012,201201,13,4,Friday,False
20120114,2012-01-14,2012,1,Q1 2012,1,January,Jan 2012,201201,14,5,Saturday,True
20120115,2012-01-15,2012,1,Q1 2012,1,January,Jan 2012,201201,15,6,Sunday,True
20120116,2012-01-16,2012,1,Q1 2012,1,January,Jan 2012,201201,16,0,Monday,False
20120117,2012-01-17,2012,1,Q1 2012,1,January,Jan 2012,201201,17,1,Tuesday,False
20120118,2012-01-18,2012,1,Q1 2012,1,January,Jan 2012,201201,18,2,Wednesday,False
20120119,2012-01-19,2012,1,Q1 2012,1,January,Jan 2012,201201,19,3,Thursday,False
20120120,2012-01-20,2012,1,Q1 2012,1,January,Jan 2012,201201,20,4,Friday,False
20120121,2012-01-21,2012,1,Q1 2012,1,January,Jan 2012,201201,21,5,Saturday,True
20120122,2012-01-22,2012,1,Q1 2012,1,January,Jan 2012,201201,22,6,Sunday,True
20120123,2012-01-23,2012,1,Q1 2012,1,January,Jan 2012,201201,23,0,Monday,False
20120124,2012-01-24,2012,1,Q1 2012,1,January,Jan 2012,201201,24,1,Tuesday,False
20120125,2012-01-25,2012,1,Q1 2012,1,January,Jan 2012,201201,25,2,Wednesday,False
20120126,2012-01-26,2012,1,Q1 2012,1,January,Jan 2012,201201,26,3,Thursday,False
20120127,2012-01-27,2012,1,Q1 2012,1,January,Jan 2012,201201,27,4,Friday,False
20120128,2012-01-28,2012,1,Q1 2012,1,January,Jan 2012,201201,28,5,Saturday,True
20120129,2012-01-29,2012,1,Q1 2012,1,January,Jan 2012,201201,29,6,Sunday,True
20120130,2012-01-30,2012,1,Q1 2012,1,January,Jan 2012,201201,30,0,Monday,False
20120131,2012-01-31,2012,1,Q1 2012,1,January,Jan 2012,201201,31,1,Tuesday,False
20120201,2012-02-01,2012,1,Q1 2012,2,February,Feb 2012,201202,1,2,Wednesday,False
20120202,2012-02-02,2012,1,Q1 2012,2,February,Feb 2012,201202,2,3,Thursday,False
20120203,2012-02-03,2012,1,Q1 2012,2,February,Feb 2012,201202,3,4,Friday,False
20120204,2012-02-04,2012,1,Q1 2012,2,February,Feb 2012,201202,4,5,Saturday,True
20120205,2012-02-05,2012,1,Q1 2012,2,February,Feb 2012,201202,5,6,Sunday,True
20120206,2012-02-06,2012,1,Q1 2012,2,February,Feb 2012,201202,6,0,Monday,False
20120207,2012-02-07,2012,1,Q1 2012,2,February,Feb 2012,201202,7,1,Tuesday,False
20120208,2012-02-08,2012,1,Q1 2012,2,February,Feb 2012,201202,8,2,Wednesday,False
20120209,2012-02-09,2012,1,Q1 2012,2,February,Feb 2012,201202,9,3,Thursday,False
20120210,2012-02-10,2012,1,Q1 2012,2,February,Feb 2012,201202,10,4,Friday,False
20120211,2012-02-11,2012,1,Q1 2012,2,February,Feb 2012,201202,11,5,Saturday,True
20120212,2012-02-12,2012,1,Q1 2012,2,February,Feb 2012,201202,12,6,Sunday,True
20120213,2012-02-13,2012,1,Q1 2012,2,February,Feb 2012,201202,13,0,Monday,False
20120214,2012-02-14,2012,1,Q1 2012,2,February,Feb 2012,201202,14,1,Tuesday,False
20120215,2012-02-15,2012,1,Q1 2012,2,February,Feb 2012,201202,15,2,Wednesday,False
20120216,2012-02-16,2012,1,Q1 2012,2,February,Feb 2012,201202,16,3,Thursday,False
20120217,2012-02-17,2012,1,Q1 2012,2,February,Feb 2012,201202,17,4,Friday,False
20120218,2012-02-18,2012,1,Q1 2012,2,February,Feb 2012,201202,18,5,Saturday,True
20120219,2012-02-19,2012,1,Q1 2012,2,February,Feb 2012,201202,19,6,Sunday,True
20120220,2012-02-20,2012,1,Q1 2012,2,February,Feb 2012,201202,20,0,Monday,False
20120221,2012-02-21,2012,1,Q1 2012,2,February,Feb 2012,201202,21,1,Tuesday,False
20120222,2012-02-22,2012,1,Q1 2012,2,February,Feb 2012,201202,22,2,Wednesday,False
20120223,2012-02-23,2012,1,Q1 2012,2,February,Feb 2012,201202,23,3,Thursday,False
20120224,2012-02-24,2012,1,Q1 2012,2,February,Feb 2012,201202,24,4,Friday,False
20120225,2012-02-25,2012,1,Q1 2012,2,February,Feb 2012,201202,25,5,Saturday,True
20120226,2012-02-26,2012,1,Q1 2012,2,February,Feb 2012,201202,26,6,Sunday,True
20120227,2012-02-27,2012,1,Q1 2012,2,February,Feb 2012,201202,27,0,Monday,False
20120228,2012-02-28,2012,1,Q1 2012,2,February,Feb 2012,201202,28,1,Tuesday,False
20120229,2012-02-29,2012,1,Q1 2012,2,February,Feb 2012,201202,29,2,Wednesday,False
20120301,2012-03-01,2012,1,Q1 2012,3,March,Mar 2012,201203,1,3,Thursday,False
20120302,2012-03-02,2012,1,Q1 2012,3,March,Mar 2012,201203,2,4,Friday,False
20120303,2012-03-03,2012,1,Q1 2012,3,March,Mar 2012,201203,3,5,Saturday,True
20120304,2012-03-04,2012,1,Q1 2012,3,March,Mar 2012,201203,4,6,Sunday,True
20120305,2012-03-05,2012,1,Q1 2012,3,March,Mar 2012,201203,5,0,Monday,False
20120306,2012-03-06,2012,1,Q1 2012,3,March,Mar 2012,201203,6,1,Tuesday,False
20120307,2012-03-07,2012,1,Q1 2012,3,March,Mar 2012,201203,7,2,Wednesday,False
20120308,2012-03-08,2012,1,Q1 2012,3,March,Mar 2012,201203,8,3,Thursday,False
20120309,2012-03-09,2012,1,Q1 2012,3,March,Mar 2012,201203,9,4,Friday,False
20120310,2012-03-10,2012,1,Q1 2012,3,March,Mar 2012,201203,10,5,Saturday,True
20120311,2012-03-11,2012,1,Q1 2012,3,March,Mar 2012,201203,11,6,Sunday,True
20120312,2012-03-12,2012,1,Q1 2012,3,March,Mar 2012,201203,12,0,Monday,False
20120313,2012-03-13,2012,1,Q1 2012,3,March,Mar 2012,201203,13,1,Tuesday,False
20120314,2012-03-14,2012,1,Q1 2012,3,March,Mar 2012,201203,14,2,Wednesday,False
20120315,2012-03-15,2012,1,Q1 2012,3,March,Mar 2012,201203,15,3,Thursday,False
20120316,2012-03-16,2012,1,Q1 2012,3,March,Mar 2012,201203,16,4,Friday,False
20120317,2012-03-17,2012,1,Q1 2012,3,March,Mar 2012,201203,17,5,Saturday,True
20120318,2012-03-18,2012,1,Q1 2012,3,March,Mar 2012,201203,18,6,Sunday,True
20120319,2012-03-19,2012,1,Q1 2012,3,March,Mar 2012,201203,19,0,Monday,False
20120320,2012-03-20,2012,1,Q1 2012,3,March,Mar 2012,201203,20,1,Tuesday,False
20120321,2012-03-21,2012,1,Q1 2012,3,March,Mar 2012,201203,21,2,Wednesday,False
20120322,2012-03-22,2012,1,Q1 2012,3,March,Mar 2012,201203,22,3,Thursday,False
20120323,2012-03-23,2012,1,Q1 2012,3,March,Mar 2012,201203,23,4,Friday,False
20120324,2012-03-24,2012,1,Q1 2012,3,March,Mar 2012,201203,24,5,Saturday,True
20120325,2012-03-25,2012,1,Q1 2012,3,March,Mar 2012,201203,25,6,Sunday,True
20120326,2012-03-26,2012,1,Q1 2012,3,March,Mar 2012,201203,26,0,Monday,False
20120327,2012-03-27,2012,1,Q1 2012,3,March,Mar 2012,201203,27,1,Tuesday,False
20120328,2012-03-28,2012,1,Q1 2012,3,March,Mar 2012,201203,28,2,Wednesday,False
20120329,2012-03-29,2012,1,Q1 2012,3,March,Mar 2012,201203,29,3,Thursday,False
20120330,2012-03-30,2012,1,Q1 2012,3,March,Mar 2012,201203,30,4,Friday,False
20120331,2012-03-31,2012,1,Q1 2012,3,March,Mar 2012,201203,31,5,Saturday,True
20120401,2012-04-01,2012,2,Q2 2012,4,April,Apr 2012,201204,1,6,Sunday,True
20120402,2012-04-02,2012,2,Q2 2012,4,April,Apr 2012,201204,2,0,Monday,False
20120403,2012-04-03,2012,2,Q2 2012,4,April,Apr 2012,201204,3,1,Tuesday,False
20120404,2012-04-04,2012,2,Q2 2012,4,April,Apr 2012,201204,4,2,Wednesday,False
20120405,2012-04-05,2012,2,Q2 2012,4,April,Apr 2012,201204,5,3,Thursday,False
20120406,2012-04-06,2012,2,Q2 2012,4,April,Apr 2012,201204,6,4,Friday,False
20120407,2012-04-07,2012,2,Q2 2012,4,April,Apr 2012,201204,7,5,Saturday,True
20120408,2012-04-08,2012,2,Q2 2012,4,April,Apr 2012,201204,8,6,Sunday,True
20120409,2012-04-09,2012,2,Q2 2012,4,April,Apr 2012,201204,9,0,Monday,False
20120410,2012-04-10,2012,2,Q2 2012,4,April,Apr 2012,201204,10,1,Tuesday,False
20120411,2012-04-11,2012,2,Q2 2012,4,April,Apr 2012,201204,11,2,Wednesday,False
20120412,2012-04-12,2012,2,Q2 2012,4,April,Apr 2012,201204,12,3,Thursday,False
20120413,2012-04-13,2012,2,Q2 2012,4,April,Apr 2012,201204,13,4,Friday,False
20120414,2012-04-14,2012,2,Q2 2012,4,April,Apr 2012,201204,14,5,Saturday,True
20120415,2012-04-15,2012,2,Q2 2012,4,April,Apr 2012,201204,15,6,Sunday,True
20120416,2012-04-16,2012,2,Q2 2012,4,April,Apr 2012,201204,16,0,Monday,False
20120417,2012-04-17,2012,2,Q2 2012,4,April,Apr 2012,201204,17,1,Tuesday,False
20120418,2012-04-18,2012,2,Q2 2012,4,April,Apr 2012,201204,18,2,Wednesday,False
20120419,2012-04-19,2012,2,Q2 2012,4,April,Apr 2012,201204,19,3,Thursday,False
20120420,2012-04-20,2012,2,Q2 2012,4,April,Apr 2012,201204,20,4,Friday,False
20120421,2012-04-21,2012,2,Q2 2012,4,April,Apr 2012,201204,21,5,Saturday,True
20120422,2012-04-22,2012,2,Q2 2012,4,April,Apr 2012,201204,22,6,Sunday,True
20120423,2012-04-23,2012,2,Q2 2012,4,April,Apr 2012,201204,23,0,Monday,False
20120424,2012-04-24,2012,2,Q2 2012,4,April,Apr 2012,201204,24,1,Tuesday,False
20120425,2012-04-25,2012,2,Q2 2012,4,April,Apr 2012,201204,25,2,Wednesday,False
20120426,2012-04-26,2012,2,Q2 2012,4,April,Apr 2012,201204,26,3,Thursday,False
20120427,2012-04-27,2012,2,Q2 2012,4,April,Apr 2012,201204,27,4,Friday,False
20120428,2012-04-28,2012,2,Q2 2012,4,April,Apr 2012,201204,28,5,Saturday,True
20120429,2012-04-29,2012,2,Q2 2012,4,April,Apr 2012,201204,29,6,Sunday,True
20120430,2012-04-30,2012,2,Q2 2012,4,April,Apr 2012,201204,30,0,Monday,False
20120501,2012-05-01,2012,2,Q2 2012,5,May,May 2012,201205,1,1,Tuesday,False
20120502,2012-05-02,2012,2,Q2 2012,5,May,May 2012,201205,2,2,Wednesday,False
20120503,2012-05-03,2012,2,Q2 2012,5,May,May 2012,201205,3,3,Thursday,False
20120504,2012-05-04,2012,2,Q2 2012,5,May,May 2012,201205,4,4,Friday,False
20120505,2012-05-05,2012,2,Q2 2012,5,May,May 2012,201205,5,5,Saturday,True
20120506,2012-05-06,2012,2,Q2 2012,5,May,May 2012,201205,6,6,Sunday,True
20120507,2012-05-07,2012,2,Q2 2012,5,May,May 2012,201205,7,0,Monday,False
20120508,2012-05-08,2012,2,Q2 2012,5,May,May 2012,201205,8,1,Tuesday,False
20120509,2012-05-09,2012,2,Q2 2012,5,May,May 2012,201205,9,2,Wednesday,False
20120510,2012-05-10,2012,2,Q2 2012,5,May,May 2012,201205,10,3,Thursday,False
20120511,2012-05-11,2012,2,Q2 2012,5,May,May 2012,201205,11,4,Friday,False
20120512,2012-05-12,2012,2,Q2 2012,5,May,May 2012,201205,12,5,Saturday,True
20120513,2012-05-13,2012,2,Q2 2012,5,May,May 2012,201205,13,6,Sunday,True
20120514,2012-05-14,2012,2,Q2 2012,5,May,May 2012,201205,14,0,Monday,False
20120515,2012-05-15,2012,2,Q2 2012,5,May,May 2012,201205,15,1,Tuesday,False
20120516,2012-05-16,2012,2,Q2 2012,5,May,May 2012,201205,16,2,Wednesday,False
20120517,2012-05-17,2012,2,Q2 2012,5,May,May 2012,201205,17,3,Thursday,False
20120518,2012-05-18,2012,2,Q2 2012,5,May,May 2012,201205,18,4,Friday,False
20120519,2012-05-19,2012,2,Q2 2012,5,May,May 2012,201205,19,5,Saturday,True
20120520,2012-05-20,2012,2,Q2 2012,5,May,May 2012,201205,20,6,Sunday,True
20120521,2012-05-21,2012,2,Q2 2012,5,May,May 2012,201205,21,0,Monday,False
20120522,2012-05-22,2012,2,Q2 2012,5,May,May 2012,201205,22,1,Tuesday,False
20120523,2012-05-23,2012,2,Q2 2012,5,May,May 2012,201205,23,2,Wednesday,False
20120524,2012-05-24,2012,2,Q2 2012,5,May,May 2012,201205,24,3,Thursday,False
20120525,2012-05-25,2012,2,Q2 2012,5,May,May 2012,201205,25,4,Friday,False
20120526,2012-05-26,2012,2,Q2 2012,5,May,May 2012,201205,26,5,Saturday,True
20120527,2012-05-27,2012,2,Q2 2012,5,May,May 2012,201205,27,6,Sunday,True
20120528,2012-05-28,2012,2,Q2 2012,5,May,May 2012,201205,28,0,Monday,False
20120529,2012-05-29,2012,2,Q2 2012,5,May,May 2012,201205,29,1,Tuesday,False
20120530,2012-05-30,2012,2,Q2 2012,5,May,May 2012,201205,30,2,Wednesday,False
20120531,2012-05-31,2012,2,Q2 2012,5,May,May 2012,201205,31,3,Thursday,False
20120601,2012-06-01,2012,2,Q2 2012,6,June,Jun 2012,201206,1,4,Friday,False
20120602,2012-06-02,2012,2,Q2 2012,6,June,Jun 2012,201206,2,5,Saturday,True
20120603,2012-06-03,2012,2,Q2 2012,6,June,Jun 2012,201206,3,6,Sunday,True
20120604,2012-06-04,2012,2,Q2 2012,6,June,Jun 2012,201206,4,0,Monday,False
20120605,2012-06-05,2012,2,Q2 2012,6,June,Jun 2012,201206,5,1,Tuesday,False
20120606,2012-06-06,2012,2,Q2 2012,6,June,Jun 2012,201206,6,2,Wednesday,False
20120607,2012-06-07,2012,2,Q2 2012,6,June,Jun 2012,201206,7,3,Thursday,False
20120608,2012-06-08,2012,2,Q2 2012,6,June,Jun 2012,201206,8,4,Friday,False
20120609,2012-06-09,2012,2,Q2 2012,6,June,Jun 2012,201206,9,5,Saturday,True
20120610,2012-06-10,2012,2,Q2 2012,6,June,Jun 2012,201206,10,6,Sunday,True
20120611,2012-06-11,2012,2,Q2 2012,6,June,Jun 2012,201206,11,0,Monday,False
20120612,2012-06-12,2012,2,Q2 2012,6,June,Jun 2012,201206,12,1,Tuesday,False
20120613,2012-06-13,2012,2,Q2 2012,6,June,Jun 2012,201206,13,2,Wednesday,False
20120614,2012-06-14,2012,2,Q2 2012,6,June,Jun 2012,201206,14,3,Thursday,False
20120615,2012-06-15,2012,2,Q2 2012,6,June,Jun 2012,201206,15,4,Friday,False
20120616,2012-06-16,2012,2,Q2 2012,6,June,Jun 2012,201206,16,5,Saturday,True
20120617,2012-06-17,2012,2,Q2 2012,6,June,Jun 2012,201206,17,6,Sunday,True
20120618,2012-06-18,2012,2,Q2 2012,6,June,Jun 2012,201206,18,0,Monday,False
20120619,2012-06-19,2012,2,Q2 2012,6,June,Jun 2012,201206,19,1,Tuesday,False
20120620,2012-06-20,2012,2,Q2 2012,6,June,Jun 2012,201206,20,2,Wednesday,False
20120621,2012-06-21,2012,2,Q2 2012,6,June,Jun 2012,201206,21,3,Thursday,False
20120622,2012-06-22,2012,2,Q2 2012,6,June,Jun 2012,201206,22,4,Friday,False
20120623,2012-06-23,2012,2,Q2 2012,6,June,Jun 2012,201206,23,5,Saturday,True
20120624,2012-06-24,2012,2,Q2 2012,6,June,Jun 2012,201206,24,6,Sunday,True
20120625,2012-06-25,2012,2,Q2 2012,6,June,Jun 2012,201206,25,0,Monday,False
20120626,2012-06-26,2012,2,Q2 2012,6,June,Jun 2012,201206,26,1,Tuesday,False
20120627,2012-06-27,2012,2,Q2 2012,6,June,Jun 2012,201206,27,2,Wednesday,False
20120628,2012-06-28,2012,2,Q2 2012,6,June,Jun 2012,201206,28,3,Thursday,False
20120629,2012-06-29,2012,2,Q2 2012,6,June,Jun 2012,201206,29,4,Friday,False
20120630,2012-06-30,2012,2,Q2 2012,6,June,Jun 2012,201206,30,5,Saturday,True
20120701,2012-07-01,2012,3,Q3 2012,7,July,Jul 2012,201207,1,6,Sunday,True
20120702,2012-07-02,2012,3,Q3 2012,7,July,Jul 2012,201207,2,0,Monday,False
20120703,2012-07-03,2012,3,Q3 2012,7,July,Jul 2012,201207,3,1,Tuesday,False
20120704,2012-07-04,2012,3,Q3 2012,7,July,Jul 2012,201207,4,2,Wednesday,False
20120705,2012-07-05,2012,3,Q3 2012,7,July,Jul 2012,201207,5,3,Thursday,False
20120706,2012-07-06,2012,3,Q3 2012,7,July,Jul 2012,201207,6,4,Friday,False
20120707,2012-07-07,2012,3,Q3 2012,7,July,Jul 2012,201207,7,5,Saturday,True
20120708,2012-07-08,2012,3,Q3 2012,7,July,Jul 2012,201207,8,6,Sunday,True
20120709,2012-07-09,2012,3,Q3 2012,7,July,Jul 2012,201207,9,0,Monday,False
20120710,2012-07-10,2012,3,Q3 2012,7,July,Jul 2012,201207,10,1,Tuesday,False
20120711,2012-07-11,2012,3,Q3 2012,7,July,Jul 2012,201207,11,2,Wednesday,False
20120712,2012-07-12,2012,3,Q3 2012,7,July,Jul 2012,201207,12,3,Thursday,False
20120713,2012-07-13,2012,3,Q3 2012,7,July,Jul 2012,201207,13,4,Friday,False
20120714,2012-07-14,2012,3,Q3 2012,7,July,Jul 2012,201207,14,5,Saturday,True
20120715,2012-07-15,2012,3,Q3 2012,7,July,Jul 2012,201207,15,6,Sunday,True
20120716,2012-07-16,2012,3,Q3 2012,7,July,Jul 2012,201207,16,0,Monday,False
20120717,2012-07-17,2012,3,Q3 2012,7,July,Jul 2012,201207,17,1,Tuesday,False
20120718,2012-07-18,2012,3,Q3 2012,7,July,Jul 2012,201207,18,2,Wednesday,False
20120719,2012-07-19,2012,3,Q3 2012,7,July,Jul 2012,201207,19,3,Thursday,False
20120720,2012-07-20,2012,3,Q3 2012,7,July,Jul 2012,201207,20,4,Friday,False
20120721,2012-07-21,2012,3,Q3 2012,7,July,Jul 2012,201207,21,5,Saturday,True
20120722,2012-07-22,2012,3,Q3 2012,7,July,Jul 2012,201207,22,6,Sunday,True
20120723,2012-07-23,2012,3,Q3 2012,7,July,Jul 2012,201207,23,0,Monday,False
20120724,2012-07-24,2012,3,Q3 2012,7,July,Jul 2012,201207,24,1,Tuesday,False
20120725,2012-07-25,2012,3,Q3 2012,7,July,Jul 2012,201207,25,2,Wednesday,False
20120726,2012-07-26,2012,3,Q3 2012,7,July,Jul 2012,201207,26,3,Thursday,False
20120727,2012-07-27,2012,3,Q3 2012,7,July,Jul 2012,201207,27,4,Friday,False
20120728,2012-07-28,2012,3,Q3 2012,7,July,Jul 2012,201207,28,5,Saturday,True
20120729,2012-07-29,2012,3,Q3 2012,7,July,Jul 2012,201207,29,6,Sunday,True
20120730,2012-07-30,2012,3,Q3 2012,7,July,Jul 2012,201207,30,0,Monday,False
20120731,2012-07-31,2012,3,Q3 2012,7,July,Jul 2012,201207,31,1,Tuesday,False
20120801,2012-08-01,2012,3,Q3 2012,8,August,Aug 2012,201208,1,2,Wednesday,False
20120802,2012-08-02,2012,3,Q3 2012,8,August,Aug 2012,201208,2,3,Thursday,False
20120803,2012-08-03,2012,3,Q3 2012,8,August,Aug 2012,201208,3,4,Friday,False
20120804,2012-08-04,2012,3,Q3 2012,8,August,Aug 2012,201208,4,5,Saturday,True
20120805,2012-08-05,2012,3,Q3 2012,8,August,Aug 2012,201208,5,6,Sunday,True
20120806,2012-08-06,2012,3,Q3 2012,8,August,Aug 2012,201208,6,0,Monday,False
20120807,2012-08-07,2012,3,Q3 2012,8,August,Aug 2012,201208,7,1,Tuesday,False
20120808,2012-08-08,2012,3,Q3 2012,8,August,Aug 2012,201208,8,2,Wednesday,False
20120809,2012-08-09,2012,3,Q3 2012,8,August,Aug 2012,201208,9,3,Thursday,False
20120810,2012-08-10,2012,3,Q3 2012,8,August,Aug 2012,201208,10,4,Friday,False
20120811,2012-08-11,2012,3,Q3 2012,8,August,Aug 2012,201208,11,5,Saturday,True
20120812,2012-08-12,2012,3,Q3 2012,8,August,Aug 2012,201208,12,6,Sunday,True
20120813,2012-08-13,2012,3,Q3 2012,8,August,Aug 2012,201208,13,0,Monday,False
20120814,2012-08-14,2012,3,Q3 2012,8,August,Aug 2012,201208,14,1,Tuesday,False
20120815,2012-08-15,2012,3,Q3 2012,8,August,Aug 2012,201208,15,2,Wednesday,False
20120816,2012-08-16,2012,3,Q3 2012,8,August,Aug 2012,201208,16,3,Thursday,False
20120817,2012-08-17,2012,3,Q3 2012,8,August,Aug 2012,201208,17,4,Friday,False
20120818,2012-08-18,2012,3,Q3 2012,8,August,Aug 2012,201208,18,5,Saturday,True
20120819,2012-08-19,2012,3,Q3 2012,8,August,Aug 2012,201208,19,6,Sunday,True
20120820,2012-08-20,2012,3,Q3 2012,8,August,Aug 2012,201208,20,0,Monday,False
20120821,2012-08-21,2012,3,Q3 2012,8,August,Aug 2012,201208,21,1,Tuesday,False
20120822,2012-08-22,2012,3,Q3 2012,8,August,Aug 2012,201208,22,2,Wednesday,False
20120823,2012-08-23,2012,3,Q3 2012,8,August,Aug 2012,201208,23,3,Thursday,False
20120824,2012-08-24,2012,3,Q3 2012,8,August,Aug 2012,201208,24,4,Friday,False
20120825,2012-08-25,2012,3,Q3 2012,8,August,Aug 2012,201208,25,5,Saturday,True
20120826,2012-08-26,2012,3,Q3 2012,8,August,Aug 2012,201208,26,6,Sunday,True
20120827,2012-08-27,2012,3,Q3 2012,8,August,Aug 2012,201208,27,0,Monday,False
20120828,2012-08-28,2012,3,Q3 2012,8,August,Aug 2012,201208,28,1,Tuesday,False
20120829,2012-08-29,2012,3,Q3 2012,8,August,Aug 2012,201208,29,2,Wednesday,False
20120830,2012-08-30,2012,3,Q3 2012,8,August,Aug 2012,201208,30,3,Thursday,False
20120831,2012-08-31,2012,3,Q3 2012,8,August,Aug 2012,201208,31,4,Friday,False
20120901,2012-09-01,2012,3,Q3 2012,9,September,Sep 2012,201209,1,5,Saturday,True
20120902,2012-09-02,2012,3,Q3 2012,9,September,Sep 2012,201209,2,6,Sunday,True
20120903,2012-09-03,2012,3,Q3 2012,9,September,Sep 2012,201209,3,0,Monday,False
20120904,2012-09-04,2012,3,Q3 2012,9,September,Sep 2012,201209,4,1,Tuesday,False
20120905,2012-09-05,2012,3,Q3 2012,9,September,Sep 2012,201209,5,2,Wednesday,False
20120906,2012-09-06,2012,3,Q3 2012,9,September,Sep 2012,201209,6,3,Thursday,False
20120907,2012-09-07,2012,3,Q3 2012,9,September,Sep 2012,201209,7,4,Friday,False
20120908,2012-09-08,2012,3,Q3 2012,9,September,Sep 2012,201209,8,5,Saturday,True
20120909,2012-09-09,2012,3,Q3 2012,9,September,Sep 2012,201209,9,6,Sunday,True
20120910,2012-09-10,2012,3,Q3 2012,9,September,Sep 2012,201209,10,0,Monday,False
20120911,2012-09-11,2012,3,Q3 2012,9,September,Sep 2012,201209,11,1,Tuesday,False
20120912,2012-09-12,2012,3,Q3 2012,9,September,Sep 2012,201209,12,2,Wednesday,False
20120913,2012-09-13,2012,3,Q3 2012,9,September,Sep 2012,201209,13,3,Thursday,False
20120914,2012-09-14,2012,3,Q3 2012,9,September,Sep 2012,201209,14,4,Friday,False
20120915,2012-09-15,2012,3,Q3 2012,9,September,Sep 2012,201209,15,5,Saturday,True
20120916,2012-09-16,2012,3,Q3 2012,9,September,Sep 2012,201209,16,6,Sunday,True
20120917,2012-09-17,2012,3,Q3 2012,9,September,Sep 2012,201209,17,0,Monday,False
20120918,2012-09-18,2012,3,Q3 2012,9,September,Sep 2012,201209,18,1,Tuesday,False
20120919,2012-09-19,2012,3,Q3 2012,9,September,Sep 2012,201209,19,2,Wednesday,False
20120920,2012-09-20,2012,3,Q3 2012,9,September,Sep 2012,201209,20,3,Thursday,False
20120921,2012-09-21,2012,3,Q3 2012,9,September,Sep 2012,201209,21,4,Friday,False
20120922,2012-09-22,2012,3,Q3 2012,9,September,Sep 2012,201209,22,5,Saturday,True
20120923,2012-09-23,2012,3,Q3 2012,9,September,Sep 2012,201209,23,6,Sunday,True
20120924,2012-09-24,2012,3,Q3 2012,9,September,Sep 2012,201209,24,0,Monday,False
20120925,2012-09-25,2012,3,Q3 2012,9,September,Sep 2012,201209,25,1,Tuesday,False
20120926,2012-09-26,2012,3,Q3 2012,9,September,Sep 2012,201209,26,2,Wednesday,False
20120927,2012-09-27,2012,3,Q3 2012,9,September,Sep 2012,201209,27,3,Thursday,False
20120928,2012-09-28,2012,3,Q3 2012,9,September,Sep 2012,201209,28,4,Friday,False
20120929,2012-09-29,2012,3,Q3 2012,9,September,Sep 2012,201209,29,5,Saturday,True
20120930,2012-09-30,2012,3,Q3 2012,9,September,Sep 2012,201209,30,6,Sunday,True
20121001,2012-10-01,2012,4,Q4 2012,10,October,Oct 2012,201210,1,0,Monday,False
20121002,2012-10-02,2012,4,Q4 2012,10,October,Oct 2012,201210,2,1,Tuesday,False
20121003,2012-10-03,2012,4,Q4 2012,10,October,Oct 2012,201210,3,2,Wednesday,False
20121004,2012-10-04,2012,4,Q4 2012,10,October,Oct 2012,201210,4,3,Thursday,False
20121005,2012-10-05,2012,4,Q4 2012,10,October,Oct 2012,201210,5,4,Friday,False
20121006,2012-10-06,2012,4,Q4 2012,10,October,Oct 2012,201210,6,5,Saturday,True
20121007,2012-10-07,2012,4,Q4 2012,10,October,Oct 2012,201210,7,6,Sunday,True
20121008,2012-10-08,2012,4,Q4 2012,10,October,Oct 2012,201210,8,0,Monday,False
20121009,2012-10-09,2012,4,Q4 2012,10,October,Oct 2012,201210,9,1,Tuesday,False
20121010,2012-10-10,2012,4,Q4 2012,10,October,Oct 2012,201210,10,2,Wednesday,False
20121011,2012-10-11,2012,4,Q4 2012,10,October,Oct 2012,201210,11,3,Thursday,False
20121012,2012-10-12,2012,4,Q4 2012,10,October,Oct 2012,201210,12,4,Friday,False
20121013,2012-10-13,2012,4,Q4 2012,10,October,Oct 2012,201210,13,5,Saturday,True
20121014,2012-10-14,2012,4,Q4 2012,10,October,Oct 2012,201210,14,6,Sunday,True
20121015,2012-10-15,2012,4,Q4 2012,10,October,Oct 2012,201210,15,0,Monday,False
20121016,2012-10-16,2012,4,Q4 2012,10,October,Oct 2012,201210,16,1,Tuesday,False
20121017,2012-10-17,2012,4,Q4 2012,10,October,Oct 2012,201210,17,2,Wednesday,False
20121018,2012-10-18,2012,4,Q4 2012,10,October,Oct 2012,201210,18,3,Thursday,False
20121019,2012-10-19,2012,4,Q4 2012,10,October,Oct 2012,201210,19,4,Friday,False
20121020,2012-10-20,2012,4,Q4 2012,10,October,Oct 2012,201210,20,5,Saturday,True
20121021,2012-10-21,2012,4,Q4 2012,10,October,Oct 2012,201210,21,6,Sunday,True
20121022,2012-10-22,2012,4,Q4 2012,10,October,Oct 2012,201210,22,0,Monday,False
20121023,2012-10-23,2012,4,Q4 2012,10,October,Oct 2012,201210,23,1,Tuesday,False
20121024,2012-10-24,2012,4,Q4 2012,10,October,Oct 2012,201210,24,2,Wednesday,False
20121025,2012-10-25,2012,4,Q4 2012,10,October,Oct 2012,201210,25,3,Thursday,False
20121026,2012-10-26,2012,4,Q4 2012,10,October,Oct 2012,201210,26,4,Friday,False
20121027,2012-10-27,2012,4,Q4 2012,10,October,Oct 2012,201210,27,5,Saturday,True
20121028,2012-10-28,2012,4,Q4 2012,10,October,Oct 2012,201210,28,6,Sunday,True
20121029,2012-10-29,2012,4,Q4 2012,10,October,Oct 2012,201210,29,0,Monday,False
20121030,2012-10-30,2012,4,Q4 2012,10,October,Oct 2012,201210,30,1,Tuesday,False
20121031,2012-10-31,2012,4,Q4 2012,10,October,Oct 2012,201210,31,2,Wednesday,False
20121101,2012-11-01,2012,4,Q4 2012,11,November,Nov 2012,201211,1,3,Thursday,False
20121102,2012-11-02,2012,4,Q4 2012,11,November,Nov 2012,201211,2,4,Friday,False
20121103,2012-11-03,2012,4,Q4 2012,11,November,Nov 2012,201211,3,5,Saturday,True
20121104,2012-11-04,2012,4,Q4 2012,11,November,Nov 2012,201211,4,6,Sunday,True
20121105,2012-11-05,2012,4,Q4 2012,11,November,Nov 2012,201211,5,0,Monday,False
20121106,2012-11-06,2012,4,Q4 2012,11,November,Nov 2012,201211,6,1,Tuesday,False
20121107,2012-11-07,2012,4,Q4 2012,11,November,Nov 2012,201211,7,2,Wednesday,False
20121108,2012-11-08,2012,4,Q4 2012,11,November,Nov 2012,201211,8,3,Thursday,False
20121109,2012-11-09,2012,4,Q4 2012,11,November,Nov 2012,201211,9,4,Friday,False
20121110,2012-11-10,2012,4,Q4 2012,11,November,Nov 2012,201211,10,5,Saturday,True
20121111,2012-11-11,2012,4,Q4 2012,11,November,Nov 2012,201211,11,6,Sunday,True
20121112,2012-11-12,2012,4,Q4 2012,11,November,Nov 2012,201211,12,0,Monday,False
20121113,2012-11-13,2012,4,Q4 2012,11,November,Nov 2012,201211,13,1,Tuesday,False
20121114,2012-11-14,2012,4,Q4 2012,11,November,Nov 2012,201211,14,2,Wednesday,False
20121115,2012-11-15,2012,4,Q4 2012,11,November,Nov 2012,201211,15,3,Thursday,False
20121116,2012-11-16,2012,4,Q4 2012,11,November,Nov 2012,201211,16,4,Friday,False
20121117,2012-11-17,2012,4,Q4 2012,11,November,Nov 2012,201211,17,5,Saturday,True
20121118,2012-11-18,2012,4,Q4 2012,11,November,Nov 2012,201211,18,6,Sunday,True
20121119,2012-11-19,2012,4,Q4 2012,11,November,Nov 2012,201211,19,0,Monday,False
20121120,2012-11-20,2012,4,Q4 2012,11,November,Nov 2012,201211,20,1,Tuesday,False
20121121,2012-11-21,2012,4,Q4 2012,11,November,Nov 2012,201211,21,2,Wednesday,False
20121122,2012-11-22,2012,4,Q4 2012,11,November,Nov 2012,201211,22,3,Thursday,False
20121123,2012-11-23,2012,4,Q4 2012,11,November,Nov 2012,201211,23,4,Friday,False
20121124,2012-11-24,2012,4,Q4 2012,11,November,Nov 2012,201211,24,5,Saturday,True
20121125,2012-11-25,2012,4,Q4 2012,11,November,Nov 2012,201211,25,6,Sunday,True
20121126,2012-11-26,2012,4,Q4 2012,11,November,Nov 2012,201211,26,0,Monday,False
20121127,2012-11-27,2012,4,Q4 2012,11,November,Nov 2012,201211,27,1,Tuesday,False
20121128,2012-11-28,2012,4,Q4 2012,11,November,Nov 2012,201211,28,2,Wednesday,False
20121129,2012-11-29,2012,4,Q4 2012,11,November,Nov 2012,201211,29,3,Thursday,False
20121130,2012-11-30,2012,4,Q4 2012,11,November,Nov 2012,201211,30,4,Friday,False
20121201,2012-12-01,2012,4,Q4 2012,12,December,Dec 2012,201212,1,5,Saturday,True
20121202,2012-12-02,2012,4,Q4 2012,12,December,Dec 2012,201212,2,6,Sunday,True
20121203,2012-12-03,2012,4,Q4 2012,12,December,Dec 2012,201212,3,0,Monday,False
20121204,2012-12-04,2012,4,Q4 2012,12,December,Dec 2012,201212,4,1,Tuesday,False
20121205,2012-12-05,2012,4,Q4 2012,12,December,Dec 2012,201212,5,2,Wednesday,False
20121206,2012-12-06,2012,4,Q4 2012,12,December,Dec 2012,201212,6,3,Thursday,False
20121207,2012-12-07,2012,4,Q4 2012,12,December,Dec 2012,201212,7,4,Friday,False
20121208,2012-12-08,2012,4,Q4 2012,12,December,Dec 2012,201212,8,5,Saturday,True
20121209,2012-12-09,2012,4,Q4 2012,12,December,Dec 2012,201212,9,6,Sunday,True
20121210,2012-12-10,2012,4,Q4 2012,12,December,Dec 2012,201212,10,0,Monday,False
20121211,2012-12-11,2012,4,Q4 2012,12,December,Dec 2012,201212,11,1,Tuesday,False
20121212,2012-12-12,2012,4,Q4 2012,12,December,Dec 2012,201212,12,2,Wednesday,False
20121213,2012-12-13,2012,4,Q4 2012,12,December,Dec 2012,201212,13,3,Thursday,False
20121214,2012-12-14,2012,4,Q4 2012,12,December,Dec 2012,201212,14,4,Friday,False
20121215,2012-12-15,2012,4,Q4 2012,12,December,Dec 2012,201212,15,5,Saturday,True
20121216,2012-12-16,2012,4,Q4 2012,12,December,Dec 2012,201212,16,6,Sunday,True
20121217,2012-12-17,2012,4,Q4 2012,12,December,Dec 2012,201212,17,0,Monday,False
20121218,2012-12-18,2012,4,Q4 2012,12,December,Dec 2012,201212,18,1,Tuesday,False
20121219,2012-12-19,2012,4,Q4 2012,12,December,Dec 2012,201212,19,2,Wednesday,False
20121220,2012-12-20,2012,4,Q4 2012,12,December,Dec 2012,201212,20,3,Thursday,False
20121221,2012-12-21,2012,4,Q4 2012,12,December,Dec 2012,201212,21,4,Friday,False
20121222,2012-12-22,2012,4,Q4 2012,12,December,Dec 2012,201212,22,5,Saturday,True
20121223,2012-12-23,2012,4,Q4 2012,12,December,Dec 2012,201212,23,6,Sunday,True
20121224,2012-12-24,2012,4,Q4 2012,12,December,Dec 2012,201212,24,0,Monday,False
20121225,2012-12-25,2012,4,Q4 2012,12,December,Dec 2012,201212,25,1,Tuesday,False
20121226,2012-12-26,2012,4,Q4 2012,12,December,Dec 2012,201212,26,2,Wednesday,False
20121227,2012-12-27,2012,4,Q4 2012,12,December,Dec 2012,201212,27,3,Thursday,False
20121228,2012-12-28,2012,4,Q4 2012,12,December,Dec 2012,201212,28,4,Friday,False
20121229,2012-12-29,2012,4,Q4 2012,12,December,Dec 2012,201212,29,5,Saturday,True
20121230,2012-12-30,2012,4,Q4 2012,12,December,Dec 2012,201212,30,6,Sunday,True
