product_key,product_name,product_category,product_subcategory,product_container,product_base_margin
1,"Eldon Base for stackable storage shelf, platinum",Office Supplies,Storage & Organization,Large Box,0.8
2,"1.7 Cubic Foot Compact ""Cube"" Office Refrigerators",Office Supplies,Appliances,Jumbo Drum,0.58
3,"Cardinal Slant-D Ring Binder, Heavy Gauge Vinyl",Office Supplies,Binders and Binder Accessories,Small Box,0.39
4,R380,Technology,Telephones and Communication,Small Box,0.58
5,Holmes HEPA Air Purifier,Office Supplies,Appliances,Medium Box,0.5
6,G.E. Longer-Life Indoor Recessed Floodlight Bulbs,Furniture,Office Furnishings,Small Pack,0.37
7,"Angle-D Binders with Locking Rings, Label Holders",Office Supplies,Binders and Binder Accessories,Small Box,0.38
8,"SAFCO Mobile Desk Side File, Wire Frame",Office Supplies,Storage & Organization,Small Box,0.39
9,"SAFCO Commercial Wire Shelving, Black",Office Supplies,Storage & Organization,Large Box,0.39
10,Xerox 198,Office Supplies,Paper,Small Box,0.38
11,Xerox 1980,Office Supplies,Paper,Small Box,0.4
12,Advantus Map Pennant Flags and Round Head Tacks,Office Supplies,Rubber Bands,Wrap Bag,0.53
13,"DS/HD IBM Formatted Diskettes, 200/Pack - Staples",Technology,Computer Peripherals,Small Pack,0.71
14,"Wilson Jones 1"" Hanging DublLock Ring Binders",Office Supplies,Binders and Binder Accessories,Small Box,0.37
15,Ultra Commercial Grade Dual Valve Door Closer,Furniture,Office Furnishings,Wrap Bag,0.53
16,"#10-4 1/8"" x 9 1/2"" Premium Diagonal Seam Envelopes",Office Supplies,Envelopes,Small Box,0.4
17,Hon 4-Shelf Metal Bookcases,Furniture,Bookcases,Jumbo Box,0.6
18,"Lesro Sheffield Collection Coffee Table, End Table, Center Table, Corner Table",Furniture,Tables,Large Box,0.68
19,g520,Technology,Telephones and Communication,Small Box,0.59
20,LX 788,Technology,Telephones and Communication,Small Box,0.58
21,Avery 52,Office Supplies,Labels,Small Box,0.38
22,Plymouth Boxed Rubber Bands by Plymouth,Office Supplies,Rubber Bands,Wrap Bag,0.8
23,"GBC Pre-Punched Binding Paper, Plastic, White, 8-1/2"" x 11""",Office Supplies,Binders and Binder Accessories,Small Box,0.37
24,"Maxell 3.5"" DS/HD IBM-Formatted Diskettes, 10/Pack",Technology,Computer Peripherals,Small Pack,0.66
25,Newell 335,Office Supplies,Pens & Art Supplies,Wrap Bag,0.56
26,SANFORD Liquid Accent Tank-Style Highlighters,Office Supplies,Pens & Art Supplies,Wrap Bag,0.54
27,Canon PC940 Copier,Technology,Copiers and Fax,Jumbo Drum,0.38
28,"Tenex Personal Project File with Scoop Front Design, Black",Office Supplies,Storage & Organization,Small Box,0.59
29,Col-Erase Pencils with Erasers,Office Supplies,Pens & Art Supplies,Wrap Bag,0.56
30,"Imation 3.5"" DS/HD IBM Formatted Diskettes, 10/Pack",Technology,Computer Peripherals,Small Pack,0.75
31,"White Dual Perf Computer Printout Paper, 2700 Sheets, 1 Part, Heavyweight, 20 lbs., 14 7/8 x 11",Office Supplies,Paper,Small Box,0.36
32,Self-Adhesive Address Labels for Typewriters by Universal,Office Supplies,Labels,Small Box,0.38
33,Accessory37,Technology,Telephones and Communication,Wrap Bag,0.81
34,Fuji 5.2GB DVD-RAM,Technology,Computer Peripherals,Small Pack,0.55
35,Bevis Steel Folding Chairs,Furniture,Chairs & Chairmats,Jumbo Drum,0.57
36,Avery Binder Labels,Office Supplies,Binders and Binder Accessories,Small Box,0.37
37,Hon Every-Day Chair Series Swivel Task Chairs,Furniture,Chairs & Chairmats,Jumbo Drum,0.64
38,"IBM Multi-Purpose Copy Paper, 8 1/2 x 11"", Case",Office Supplies,Paper,Small Box,0.4
39,Global Troy Executive Leather Low-Back Tilter,Furniture,Chairs & Chairmats,Jumbo Drum,0.6
40,XtraLife ClearVue Slant-D Ring Binders by Cardinal,Office Supplies,Binders and Binder Accessories,Small Box,0.35
41,Computer Printout Paper with Letter-Trim Perforations,Office Supplies,Paper,Small Box,0.37
42,6160,Technology,Telephones and Communication,Small Box,0.57
43,Avery 49,Office Supplies,Labels,Small Box,0.36
44,Hoover Portapower Portable Vacuum,Office Supplies,Appliances,Large Box,0.6
45,Timeport L7089,Technology,Telephones and Communication,Small Box,0.58
46,Avery 510,Office Supplies,Labels,Small Box,0.37
47,Xerox 1881,Office Supplies,Paper,Small Box,0.38
48,"Memorex 4.7GB DVD-RAM, 3/Pack",Technology,Computer Peripherals,Small Pack,0.42
49,Unpadded Memo Slips,Office Supplies,Paper,Wrap Bag,0.35
50,"Adams Telephone Message Book W/Dividers/Space For Phone Numbers, 5 1/4""X8 1/2"", 300/Messages",Office Supplies,Paper,Wrap Bag,0.36
51,"Eldon Expressions Desk Accessory, Wood Pencil Holder, Oak",Furniture,Office Furnishings,Small Box,0.55
52,Bell Sonecor JB700 Caller ID,Technology,Telephones and Communication,Medium Box,0.6
53,Avery Arch Ring Binders,Office Supplies,Binders and Binder Accessories,Small Box,0.38
54,APC 7 Outlet Network SurgeArrest Surge Protector,Office Supplies,Appliances,Small Box,0.55
55,"Deflect-o RollaMat Studded, Beveled Mat for Medium Pile Carpeting",Furniture,Office Furnishings,Medium Box,0.67
56,Accessory4,Technology,Telephones and Communication,Wrap Bag,0.85
57,Personal Creations Ink Jet Cards and Labels,Office Supplies,Paper,Small Box,0.36
58,High Speed Automatic Electric Letter Opener,Office Supplies,"Scissors, Rulers and Trimmers",Medium Box,0.81
59,Xerox 1966,Office Supplies,Paper,Small Box,0.36
60,Xerox 213,Office Supplies,Paper,Small Box,0.37
61,"Boston Electric Pencil Sharpener, Model 1818, Charcoal Black",Office Supplies,Pens & Art Supplies,Small Pack,0.57
62,Hammermill CopyPlus Copy Paper (20Lb. and 84 Bright),Office Supplies,Paper,Small Box,0.36
63,"Telephone Message Books with Fax/Mobile Section, 5 1/2"" x 3 3/16""",Office Supplies,Paper,Wrap Bag,0.39
64,Crate-A-Files,Office Supplies,Storage & Organization,Small Box,0.59
65,"80 Minute CD-R Spindle, 100/Pack - Staples",Technology,Computer Peripherals,Small Pack,0.54
66,"Bush Westfield Collection Bookcases, Dark Cherry Finish, Fully Assembled",Furniture,Bookcases,Jumbo Box,0.78
67,12-1/2 Diameter Round Wall Clock,Furniture,Office Furnishings,Small Box,0.49
68,SAFCO Arco Folding Chair,Furniture,Chairs & Chairmats,Large Box,0.6
69,"#10 White Business Envelopes,4 1/8 x 9 1/2",Office Supplies,Envelopes,Small Box,0.38
70,3M Office Air Cleaner,Office Supplies,Appliances,Medium Box,0.5
71,"Global Leather and Oak Executive Chair, Black",Furniture,Chairs & Chairmats,Jumbo Drum,0.56
72,Xerox 1936,Office Supplies,Paper,Small Box,0.38
73,Xerox 214,Office Supplies,Paper,Small Box,0.37
74,Carina Double Wide Media Storage Towers in Natural & Black,Office Supplies,Storage & Organization,Large Box,0.81
75,Staples General Use 3-Ring Binders,Office Supplies,Binders and Binder Accessories,Small Box,0.37
76,Xerox 1904,Office Supplies,Paper,Small Box,0.36
77,Luxo Professional Combination Clamp-On Lamps,Furniture,Office Furnishings,Large Box,0.59
78,Xerox 217,Office Supplies,Paper,Small Box,0.37
79,Revere Boxed Rubber Bands by Revere,Office Supplies,Rubber Bands,Wrap Bag,0.83
80,"Acco Smartsocket Table Surge Protector, 6 Color-Coded Adapter Outlets",Office Supplies,Appliances,Small Box,0.55
81,"Tennsco Snap-Together Open Shelving Units, Starter Sets and Add-On Units",Office Supplies,Storage & Organization,Large Box,0.8
82,Hon 4070 Series Pagoda Round Back Stacking Chairs,Furniture,Chairs & Chairmats,Jumbo Drum,0.57
83,Xerox 1887,Office Supplies,Paper,Small Box,0.37
84,Xerox 1891,Office Supplies,Paper,Small Box,0.38
85,Avery 506,Office Supplies,Labels,Small Box,0.39
86,"Bush Heritage Pine Collection 5-Shelf Bookcase, Albany Pine Finish, *Special Order",Furniture,Bookcases,Jumbo Box,0.65
87,"Lifetime Advantage Folding Chairs, 4/Carton",Furniture,Chairs & Chairmats,Large Box,0.57
88,Microsoft Natural Multimedia Keyboard,Technology,Computer Peripherals,Small Box,0.73
89,"Staples Wirebound Steno Books, 6"" x 9"", 12/Pack",Office Supplies,Paper,Wrap Bag,0.36
90,Bevis Boat-Shaped Conference Table,Furniture,Tables,Jumbo Box,0.75
91,"Linden 12"" Wall Clock With Oak Frame",Furniture,Office Furnishings,Small Box,0.55
92,Newell 326,Office Supplies,Pens & Art Supplies,Wrap Bag,0.56
93,Prismacolor Color Pencil Set,Office Supplies,Pens & Art Supplies,Wrap Bag,0.44
94,Xerox Blank Computer Paper,Office Supplies,Paper,Small Box,0.38
95,600 Series Flip,Technology,Telephones and Communication,Small Box,0.57
96,Fellowes Recycled Storage Drawers,Office Supplies,Storage & Organization,Small Box,0.78
97,Satellite Sectional Post Binders,Office Supplies,Binders and Binder Accessories,Small Box,0.39
98,Deflect-o DuraMat Antistatic Studded Beveled Mat for Medium Pile Carpeting,Furniture,Office Furnishings,Large Box,0.61
99,Avery 487,Office Supplies,Labels,Small Box,0.38
100,Bevis Round Conference Table Top & Single Column Base,Furniture,Tables,Jumbo Box,0.65
101,"GBC Twin Loop Wire Binding Elements, 9/16"" Spine, Black",Office Supplies,Binders and Binder Accessories,Small Box,0.36
102,Hanging Personal Folder File,Office Supplies,Storage & Organization,Small Box,0.6
103,"Bevis Round Conference Table Top, X-Base",Furniture,Tables,Jumbo Box,0.74
104,5125,Technology,Telephones and Communication,Small Box,0.59
105,Electrix Halogen Magnifier Lamp,Furniture,Office Furnishings,Large Box,0.59
106,Canon BP1200DH 12-Digit Bubble Jet Printing Calculator,Technology,Office Machines,Medium Box,0.36
107,Fellowes Black Plastic Comb Bindings,Office Supplies,Binders and Binder Accessories,Small Box,0.39
108,Polycom ViewStation Adapter H323 Videoconferencing Unit,Technology,Office Machines,Medium Box,0.38
109,Hon GuestStacker Chair,Furniture,Chairs & Chairmats,Jumbo Drum,0.59
110,Eldon Wave Desk Accessories,Furniture,Office Furnishings,Small Box,0.43
111,Sharp AL-1530CS Digital Copier,Technology,Copiers and Fax,Large Box,0.36
112,"Tennsco Lockers, Gray",Office Supplies,Storage & Organization,Jumbo Drum,0.78
113,"Avery 4027 File Folder Labels for Dot Matrix Printers, 5000 Labels per Box, White",Office Supplies,Labels,Small Box,0.39
114,Newell 323,Office Supplies,Pens & Art Supplies,Wrap Bag,0.59
115,Global Enterprise Series Seating High-Back Swivel/Tilt Chairs,Furniture,Chairs & Chairmats,Jumbo Drum,0.77
116,Spiral Phone Message Books with Labels by Adams,Office Supplies,Paper,Wrap Bag,0.36
117,Holmes 99% HEPA Air Purifier,Office Supplies,Appliances,Medium Box,0.52
118,Xerox 224,Office Supplies,Paper,Small Box,0.37
119,Xerox 1906,Office Supplies,Paper,Small Box,0.38
120,Xerox 188,Office Supplies,Paper,Small Box,0.36
121,Xerox 1932,Office Supplies,Paper,Small Box,0.38
122,GBC Linen Binding Covers,Office Supplies,Binders and Binder Accessories,Small Box,0.37
123,GBC Recycled Grain Textured Covers,Office Supplies,Binders and Binder Accessories,Small Box,0.37
124,"Sauder Facets Collection Library, Sky Alder Finish",Furniture,Bookcases,Jumbo Box,0.69
125,"Fellowes Basic 104-Key Keyboard, Platinum",Technology,Computer Peripherals,Small Box,0.6
126,Kensington 7 Outlet MasterPiece Power Center with Fax/Phone Line Protection,Office Supplies,Appliances,Small Box,0.55
127,O'Sullivan 3-Shelf Heavy-Duty Bookcases,Furniture,Bookcases,Jumbo Box,0.61
128,Panasonic KX-P1150 Dot Matrix Printer,Technology,Office Machines,Jumbo Drum,0.56
129,Newell 327,Office Supplies,Pens & Art Supplies,Wrap Bag,0.58
130,Xerox 1893,Office Supplies,Paper,Small Box,0.36
131,"Hon Deluxe Fabric Upholstered Stacking Chairs, Rounded Back",Furniture,Chairs & Chairmats,Jumbo Drum,0.55
132,Eldon Radial Chair Mat for Low to Medium Pile Carpets,Furniture,Office Furnishings,Wrap Bag,0.65
133,"DAX Copper Panel Document Frame, 5 x 7 Size",Furniture,Office Furnishings,Small Box,0.43
134,O'Sullivan 2-Shelf Heavy-Duty Bookcases,Furniture,Bookcases,Jumbo Box,0.69
135,"Tenex 46"" x 60"" Computer Anti-Static Chairmat, Rectangular Shaped",Furniture,Office Furnishings,Medium Box,0.65
136,"Wirebound Message Books, 2 7/8"" x 5"", 3 Forms per Page",Office Supplies,Paper,Wrap Bag,0.38
137,"Memorex Slim 80 Minute CD-R, 10/Pack",Technology,Computer Peripherals,Small Pack,0.43
138,Aluminum Document Frame,Furniture,Office Furnishings,Small Pack,0.55
139,"Memorex 80 Minute CD-R Spindle, 100/Pack",Technology,Computer Peripherals,Small Pack,0.44
140,"Multi-Use Personal File Cart and Caster Set, Three Stacking Bins",Office Supplies,Storage & Organization,Small Box,0.57
141,Accessory36,Technology,Telephones and Communication,Small Pack,0.83
142,Xerox 20,Office Supplies,Paper,Small Box,0.37
143,Surelock Post Binders,Office Supplies,Binders and Binder Accessories,Small Box,0.35
144,Colorific Watercolor Pencils,Office Supplies,Pens & Art Supplies,Wrap Bag,0.56
145,"*Staples* vLetter Openers, 2/Pack",Office Supplies,"Scissors, Rulers and Trimmers",Wrap Bag,0.83
146,Hon 4700 Series Mobuis Mid-Back Task Chairs with Adjustable Arms,Furniture,Chairs & Chairmats,Jumbo Drum,0.64
147,BoxOffice By Design Rectangular and Half-Moon Meeting Room Tables,Furniture,Tables,Jumbo Box,0.77
148,Eldon Econocleat Chair Mats for Low Pile Carpets,Furniture,Office Furnishings,Wrap Bag,0.73
149,Prang Drawing Pencil Set,Office Supplies,Pens & Art Supplies,Wrap Bag,0.58
150,T39m,Technology,Telephones and Communication,Small Box,0.55
151,Xerox 1982,Office Supplies,Paper,Small Box,0.39
152,Xerox 1924,Office Supplies,Paper,Small Box,0.36
153,Turquoise Lead Holder with Pocket Clip,Office Supplies,Pens & Art Supplies,Wrap Bag,0.52
154,Okidata ML395C Color Dot Matrix Printer,Technology,Office Machines,Jumbo Drum,0.59
155,Microsoft Internet Keyboard,Technology,Computer Peripherals,Small Box,0.78
156,Global Ergonomic Managers Chair,Furniture,Chairs & Chairmats,Jumbo Drum,0.59
157,"Office Star - Contemporary Task Swivel chair with 2-way adjustable arms, Plum",Furniture,Chairs & Chairmats,Jumbo Drum,0.78
158,Xerox 1971,Office Supplies,Paper,Small Box,0.4
159,Eldon Portable Mobile Manager,Office Supplies,Storage & Organization,Medium Box,0.58
160,Accessory6,Technology,Telephones and Communication,Small Pack,0.8
161,Durable Pressboard Binders,Office Supplies,Binders and Binder Accessories,Small Box,0.38
162,Fellowes 17-key keypad for PS/2 interface,Technology,Computer Peripherals,Small Box,0.75
163,StarTAC ST7762,Technology,Telephones and Communication,Small Box,0.57
164,Accessory21,Technology,Telephones and Communication,Wrap Bag,0.37
165,Fellowes PB500 Electric Punch Plastic Comb Binding Machine with Manual Bind,Office Supplies,Binders and Binder Accessories,Small Box,0.35
166,Staples 6 Outlet Surge,Office Supplies,Appliances,Small Box,0.58
167,Recycled Eldon Regeneration Jumbo File,Office Supplies,Storage & Organization,Small Box,0.57
168,Verbatim DVD-R 4.7GB authoring disc,Technology,Computer Peripherals,Small Pack,0.51
169,Canon P1-DHIII Palm Printing Calculator,Technology,Office Machines,Medium Box,0.4
170,GBC Binding covers,Office Supplies,Binders and Binder Accessories,Small Box,0.4
171,"Global Stack Chair without Arms, Black",Furniture,Chairs & Chairmats,Jumbo Drum,0.6
172,"Speediset Carbonless Redi-Letter 7"" x 8 1/2""",Office Supplies,Paper,Wrap Bag,0.38
173,GBC Recycled Regency Composition Covers,Office Supplies,Binders and Binder Accessories,Small Box,0.39
174,Accessory29,Technology,Telephones and Communication,Small Pack,0.83
175,SANFORD Major Accent Highlighters,Office Supplies,Pens & Art Supplies,Wrap Bag,0.47
176,Polycom ViaVideo Desktop Video Communications Unit,Technology,Office Machines,Large Box,0.37
177,"Dixon Ticonderoga Core-Lock Colored Pencils, 48-Color Set",Office Supplies,Pens & Art Supplies,Wrap Bag,0.41
178,Accessory24,Technology,Telephones and Communication,Small Pack,0.59
179,"Howard Miller 13-3/4"" Diameter Brushed Chrome Round Wall Clock",Furniture,Office Furnishings,Small Box,0.55
180,Recycled Steel Personal File for Standard File Folders,Office Supplies,Storage & Organization,Small Box,0.59
181,Accessory39,Technology,Telephones and Communication,Small Pack,0.81
182,"#10- 4 1/8"" x 9 1/2"" Security-Tint Envelopes",Office Supplies,Envelopes,Small Box,0.36
183,GBC Standard Plastic Binding Systems Combs,Office Supplies,Binders and Binder Accessories,Small Box,0.36
184,Xerox 1930,Office Supplies,Paper,Small Box,0.36
185,Avery 474,Office Supplies,Labels,Small Box,0.36
186,"Riverside Palais Royal Lawyers Bookcase, Royale Cherry Finish",Furniture,Bookcases,Jumbo Box,0.62
187,Hewlett-Packard Deskjet 6122 Color Inkjet Printer,Technology,Office Machines,Jumbo Drum,0.36
188,"IBM 80 Minute CD-R Spindle, 50/Pack",Technology,Computer Peripherals,Small Pack,0.48
189,"Peel & Seel Recycled Catalog Envelopes, Brown",Office Supplies,Envelopes,Small Box,0.35
190,TDK 4.7GB DVD+RW,Technology,Computer Peripherals,Small Pack,0.49
191,U.S. Robotics 56K Internet Call Modem,Technology,Computer Peripherals,Small Box,0.5
192,Xerox 190,Office Supplies,Paper,Small Box,0.38
193,Standard Line ÒWhile You Were OutÓ Hardbound Telephone Message Book,Office Supplies,Paper,Wrap Bag,0.39
194,CF 888,Technology,Telephones and Communication,Small Box,0.59
195,Dana Halogen Swing-Arm Architect Lamp,Furniture,Office Furnishings,Large Box,0.57
196,"SAFCO PlanMaster Heigh-Adjustable Drafting Table Base, 43w x 30d x 30-37h, Black",Furniture,Tables,Jumbo Drum,0.6
197,Lexmark Z25 Color Inkjet Printer,Technology,Office Machines,Jumbo Drum,0.37
198,Hon Multipurpose Stacking Arm Chairs,Furniture,Chairs & Chairmats,Jumbo Drum,0.59
199,Hon Olson Stacker Stools,Furniture,Chairs & Chairmats,Large Box,0.57
200,"Executive Impressions 14"" Two-Color Numerals Wall Clock",Furniture,Office Furnishings,Small Pack,0.44
201,Epson DFX5000+ Dot Matrix Printer,Technology,Office Machines,Jumbo Drum,0.57
202,"Recycled Interoffice Envelopes with String and Button Closure, 10 x 13",Office Supplies,Envelopes,Small Box,0.35
203,GBC Standard Therm-A-Bind Covers,Office Supplies,Binders and Binder Accessories,Small Box,0.39
204,Xerox 1892,Office Supplies,Paper,Small Box,0.36
205,Staples Paper Clips,Office Supplies,Rubber Bands,Wrap Bag,0.38
206,"Metal Folding Chairs, Beige, 4/Carton",Furniture,Chairs & Chairmats,Jumbo Drum,0.58
207,"80 Minute Slim Jewel Case CD-R , 10/Pack - Staples",Technology,Computer Peripherals,Small Pack,0.52
208,Bush Mission Pointe Library,Furniture,Bookcases,Jumbo Box,0.65
209,Xerox 1929,Office Supplies,Paper,Small Box,0.39
210,Home/Office Personal File Carts,Office Supplies,Storage & Organization,Small Box,0.6
211,Avery 507,Office Supplies,Labels,Small Box,0.39
212,i470,Technology,Telephones and Communication,Small Box,0.56
213,3M Organizer Strips,Office Supplies,Binders and Binder Accessories,Small Box,0.37
214,"Imation 3.5 IBM Diskettes, 10/Box",Technology,Computer Peripherals,Small Pack,0.79
215,"GE 4 Foot Flourescent Tube, 40 Watt",Furniture,Office Furnishings,Small Pack,0.39
216,300 Series Non-Flip,Technology,Telephones and Communication,Small Box,0.6
217,"Executive Impressions 13"" Chairman Wall Clock",Furniture,Office Furnishings,Small Pack,0.5
218,Micro Innovations 104 Keyboard,Technology,Computer Peripherals,Small Box,0.64
219,US Robotics 56K V.92 External Faxmodem,Technology,Computer Peripherals,Small Box,0.52
220,Fellowes Staxonsteel Drawer Files,Office Supplies,Storage & Organization,Small Box,0.71
221,Telescoping Adjustable Floor Lamp,Furniture,Office Furnishings,Large Box,0.6
222,Canon MP41DH Printing Calculator,Technology,Office Machines,Medium Box,0.38
223,"Sauder Facets Collection Locker/File Cabinet, Sky Alder Finish",Office Supplies,Storage & Organization,Jumbo Drum,0.65
224,VTech VT20-2481 2.4GHz Two-Line Phone System w/Answering Machine,Technology,Telephones and Communication,Medium Box,0.57
225,"Memo Book, 100 Message Capacity, 5 3/8Ó x 11Ó",Office Supplies,Paper,Wrap Bag,0.35
226,Belkin 6 Outlet Metallic Surge Strip,Office Supplies,Appliances,Small Box,0.59
227,Xerox 21,Office Supplies,Paper,Small Box,0.37
228,GBC DocuBind TL200 Manual Binding Machine,Office Supplies,Binders and Binder Accessories,Small Box,0.38
229,"Sauder Forest Hills Library, Woodland Oak Finish",Furniture,Bookcases,Jumbo Box,0.77
230,Xerox 1940,Office Supplies,Paper,Small Box,0.36
231,Bagged Rubber Bands,Office Supplies,Rubber Bands,Wrap Bag,0.81
232,Xerox 1897,Office Supplies,Paper,Small Box,0.36
233,Poly Designer Cover & Back,Office Supplies,Binders and Binder Accessories,Small Box,0.37
234,Bionaire Personal Warm Mist Humidifier/Vaporizer,Office Supplies,Appliances,Medium Box,0.46
235,"Acme 8"" Straight Scissors",Office Supplies,"Scissors, Rulers and Trimmers",Small Pack,0.6
236,Heavy-Duty E-Z-D Binders,Office Supplies,Binders and Binder Accessories,Small Box,0.38
237,Deluxe Rollaway Locking File with Drawer,Office Supplies,Storage & Organization,Small Box,0.57
238,252,Technology,Telephones and Communication,Small Box,0.55
239,"Imation 3.5, DISKETTE 44766 HGHLD3.52HD/FM, 10/Pack",Technology,Computer Peripherals,Small Pack,0.79
240,Wilson Jones DublLock D-Ring Binders,Office Supplies,Binders and Binder Accessories,Small Box,0.35
241,Binder Posts,Office Supplies,Binders and Binder Accessories,Small Box,0.39
242,Epson LQ-570e Dot Matrix Printer,Technology,Office Machines,Jumbo Drum,0.56
243,"Atlantic Metals Mobile 3-Shelf Bookcases, Custom Colors",Furniture,Bookcases,Jumbo Box,0.59
244,Fellowes PB300 Plastic Comb Binding Machine,Office Supplies,Binders and Binder Accessories,Small Box,0.38
245,Rush Hierlooms Collection Rich Wood Bookcases,Furniture,Bookcases,Jumbo Box,0.72
246,Avery 481,Office Supplies,Labels,Small Box,0.37
247,"Avery Trapezoid Extra Heavy Duty 4"" Binders",Office Supplies,Binders and Binder Accessories,Small Box,0.35
248,StarTAC Series,Technology,Telephones and Communication,Small Box,0.55
249,"Rediform Wirebound ""Phone Memo"" Message Book, 11 x 5-3/4",Office Supplies,Paper,Wrap Bag,0.36
250,Global Comet Stacking Armless Chair,Furniture,Chairs & Chairmats,Jumbo Drum,0.57
251,Hon 4070 Series Pagoda Armless Upholstered Stacking Chairs,Furniture,Chairs & Chairmats,Jumbo Drum,0.56
252,"Fellowes Internet Keyboard, Platinum",Technology,Computer Peripherals,Small Box,0.74
253,Luxo Economy Swing Arm Lamp,Furniture,Office Furnishings,Large Box,0.57
254,Acco Perma 2700 Stacking Storage Drawers,Office Supplies,Storage & Organization,Small Box,0.7
255,Fellowes Stor/Drawer Steel Plus Storage Drawers,Office Supplies,Storage & Organization,Small Box,0.79
256,Honeywell Enviracaire Portable HEPA Air Cleaner for 17' x 22' Room,Office Supplies,Appliances,Large Box,0.52
257,"Verbatim DVD-RAM, 9.4GB, Rewritable, Type 1, DS, DataLife Plus",Technology,Computer Peripherals,Small Pack,0.55
258,Lock-Up Easel 'Spel-Binder',Office Supplies,Binders and Binder Accessories,Small Box,0.38
259,"Adams Write n' Stick Phone Message Book, 11"" X 5 1/4"", 200 Messages",Office Supplies,Paper,Wrap Bag,0.39
260,"Tenex File Box, Personal Filing Tote with Lid, Black",Office Supplies,Storage & Organization,Small Box,0.59
261,Assorted Color Push Pins,Office Supplies,Rubber Bands,Wrap Bag,0.52
262,HP Office Paper (20Lb. and 87 Bright),Office Supplies,Paper,Small Box,0.37
263,Staples Vinyl Coated Paper Clips,Office Supplies,Rubber Bands,Wrap Bag,0.39
264,Newell 310,Office Supplies,Pens & Art Supplies,Wrap Bag,0.56
265,Kensington 7 Outlet MasterPiece Power Center,Office Supplies,Appliances,Small Box,0.56
266,"DAX Metal Frame, Desktop, Stepped-Edge",Furniture,Office Furnishings,Small Pack,0.46
267,8860,Technology,Telephones and Communication,Small Box,0.56
268,Array Memo Cubes,Office Supplies,Paper,Wrap Bag,0.36
269,"Fiskars 8"" Scissors, 2/Pack",Office Supplies,"Scissors, Rulers and Trimmers",Small Pack,0.56
270,12 Colored Short Pencils,Office Supplies,Pens & Art Supplies,Wrap Bag,0.58
271,Pizazz Global Quick File,Office Supplies,Storage & Organization,Small Box,0.57
272,Imation 5.2GB DVD-RAM,Technology,Computer Peripherals,Small Pack,0.5
273,Portable Personal File Box,Office Supplies,Storage & Organization,Small Box,0.58
274,"Snap-A-Way Black Print Carbonless Speed Message, No Reply Area, Duplicate",Office Supplies,Paper,Wrap Bag,0.38
275,Ibico Covers for Plastic or Wire Binding Elements,Office Supplies,Binders and Binder Accessories,Small Box,0.4
276,Tennsco Double-Tier Lockers,Office Supplies,Storage & Organization,Jumbo Drum,0.72
277,"Wirebound Message Books, Four 2 3/4"" x 5"" Forms per Page, 600 Sets per Book",Office Supplies,Paper,Wrap Bag,0.38
278,"Acme Design Line 8"" Stainless Steel Bent Scissors w/Champagne Handles, 3-1/8"" Cut",Office Supplies,"Scissors, Rulers and Trimmers",Small Pack,0.58
279,"Imation 3.5"", DISKETTE 44766 HGHLD3.52HD/FM, 10/Pack",Technology,Computer Peripherals,Small Pack,0.64
280,PC Concepts 116 Key Quantum 3000 Keyboard,Technology,Computer Peripherals,Small Box,0.75
281,Epson Stylus 1520 Color Inkjet Printer,Technology,Office Machines,Jumbo Drum,0.37
282,Avery 494,Office Supplies,Labels,Small Box,0.39
283,Wilson Jones 14 Line Acrylic Coated Pressboard Data Binders,Office Supplies,Binders and Binder Accessories,Small Box,0.38
284,Eureka Disposable Bags for Sanitaire Vibra Groomer I Upright Vac,Office Supplies,Appliances,Small Box,0.6
285,AT&T 2230 Dual Handset Phone With Caller ID/Call Waiting,Technology,Office Machines,Small Box,0.52
286,Cardinal Poly Pocket Divider Pockets for Ring Binders,Office Supplies,Binders and Binder Accessories,Small Box,0.4
287,Canon PC1060 Personal Laser Copier,Technology,Copiers and Fax,Large Box,0.41
288,Sterling Rubber Bands by Alliance,Office Supplies,Rubber Bands,Wrap Bag,0.85
289,Newell 312,Office Supplies,Pens & Art Supplies,Wrap Bag,0.55
290,"Imation 3.5"" DS/HD IBM Formatted Diskettes, 50/Pack",Technology,Computer Peripherals,Small Pack,0.64
291,"Avery Flip-Chart Easel Binder, Black",Office Supplies,Binders and Binder Accessories,Small Box,0.38
292,R280,Technology,Telephones and Communication,Small Box,0.55
293,Accessory9,Technology,Telephones and Communication,Small Pack,0.39
294,Tennsco Industrial Shelving,Office Supplies,Storage & Organization,Large Box,0.83
295,Staples Bulldog Clip,Office Supplies,Rubber Bands,Wrap Bag,0.39
296,"Micro Innovations Micro 3000 Keyboard, Black",Technology,Computer Peripherals,Small Box,0.75
297,Xerox 1882,Office Supplies,Paper,Small Box,0.36
298,"Acme Hot Forged Carbon Steel Scissors with Nickel-Plated Handles, 3 7/8"" Cut, 8""L",Office Supplies,"Scissors, Rulers and Trimmers",Small Pack,0.56
299,Eldon Cleatmat Chair Mats for Medium Pile Carpets,Furniture,Office Furnishings,Medium Box,0.72
300,Xerox 4200 Series MultiUse Premium Copy Paper (20Lb. and 84 Bright),Office Supplies,Paper,Small Box,0.4
301,Hon 94000 Series Round Tables,Furniture,Tables,Jumbo Box,0.76
302,"Global High-Back Leather Tilter, Burgundy",Furniture,Chairs & Chairmats,Jumbo Drum,0.74
303,"DAX Contemporary Wood Frame with Silver Metal Mat, Desktop, 11 x 14 Size",Furniture,Office Furnishings,Small Pack,0.49
304,Stockwell Push Pins,Office Supplies,Rubber Bands,Wrap Bag,0.52
305,8260,Technology,Telephones and Communication,Small Box,0.58
306,3390,Technology,Telephones and Communication,Small Box,0.57
307,"Global Deluxe Stacking Chair, Gray",Furniture,Chairs & Chairmats,Jumbo Drum,0.56
308,Bevis 36 x 72 Conference Tables,Furniture,Tables,Jumbo Box,0.63
309,"Howard Miller 16"" Diameter Gallery Wall Clock",Furniture,Office Furnishings,Small Box,0.46
310,"ACCOHIDE 3-Ring Binder, Blue, 1""",Office Supplies,Binders and Binder Accessories,Small Box,0.38
311,"Wilson Jones Hanging View Binder, White, 1""",Office Supplies,Binders and Binder Accessories,Small Box,0.39
312,Boston 1730 StandUp Electric Pencil Sharpener,Office Supplies,Pens & Art Supplies,Small Pack,0.59
313,Accessory31,Technology,Telephones and Communication,Small Pack,0.35
314,Accessory8,Technology,Telephones and Communication,Small Pack,0.39
315,Fellowes Command Center 5-outlet power strip,Office Supplies,Appliances,Small Box,0.58
316,Accessory12,Technology,Telephones and Communication,Small Box,0.35
317,"Global Leather Highback Executive Chair with Pneumatic Height Adjustment, Black",Furniture,Chairs & Chairmats,Jumbo Drum,0.58
318,GBC DocuBind TL300 Electric Binding System,Office Supplies,Binders and Binder Accessories,Small Box,0.38
319,"GBC Prepunched Paper, 19-Hole, for Binding Systems, 24-lb",Office Supplies,Binders and Binder Accessories,Small Box,0.39
320,TDK 4.7GB DVD-R,Technology,Computer Peripherals,Small Pack,0.41
321,Xerox 1977,Office Supplies,Paper,Small Box,0.37
322,DAX Solid Wood Frames,Furniture,Office Furnishings,Medium Box,0.48
323,Honeywell Enviracaire Portable Air Cleaner for up to 8 x 10 Room,Office Supplies,Appliances,Large Box,0.54
324,Belkin 8 Outlet SurgeMaster II Gold Surge Protector,Office Supplies,Appliances,Small Box,0.57
325,Multimedia Mailers,Office Supplies,Envelopes,Small Box,0.39
326,"White Business Envelopes with Contemporary Seam, Recycled White Business Envelopes",Office Supplies,Envelopes,Small Box,0.35
327,"Avery Trapezoid Ring Binder, 3"" Capacity, Black, 1040 sheets",Office Supplies,Binders and Binder Accessories,Small Box,0.36
328,"DXL Angle-View Binders with Locking Rings, Black",Office Supplies,Binders and Binder Accessories,Small Box,0.38
329,Newell 3-Hole Punched Plastic Slotted Magazine Holders for Binders,Office Supplies,Binders and Binder Accessories,Small Box,0.37
330,Laser & Ink Jet Business Envelopes,Office Supplies,Envelopes,Small Box,0.39
331,Okidata ML390 Turbo Dot Matrix Printers,Technology,Office Machines,Jumbo Drum,0.56
332,"Eldon Regeneration Recycled Desk Accessories, Smoke",Furniture,Office Furnishings,Small Pack,0.53
333,2160i,Technology,Telephones and Communication,Small Box,0.59
334,Global Deluxe High-Back Office Chair in Storm,Furniture,Chairs & Chairmats,Jumbo Drum,0.76
335,Canon MP100DHII Printing Calculator,Technology,Office Machines,Medium Box,0.37
336,"C-Line Cubicle Keepers Polyproplyene Holder w/Velcro Back, 8-1/2x11, 25/Bx",Furniture,Office Furnishings,Small Box,0.54
337,Avery 51,Office Supplies,Labels,Small Box,0.39
338,Avery Poly Binder Pockets,Office Supplies,Binders and Binder Accessories,Small Box,0.37
339,"Dixon My First Ticonderoga Pencil, #2",Office Supplies,Pens & Art Supplies,Wrap Bag,0.56
340,Acco Hot Clips Clips to Go,Office Supplies,Rubber Bands,Wrap Bag,0.4
341,Fiskars Softgrip Scissors,Office Supplies,"Scissors, Rulers and Trimmers",Small Pack,0.57
342,"Elite 5"" Scissors",Office Supplies,"Scissors, Rulers and Trimmers",Small Pack,0.55
343,Avery 478,Office Supplies,Labels,Small Box,0.36
344,Boston 16701 Slimline Battery Pencil Sharpener,Office Supplies,Pens & Art Supplies,Small Pack,0.55
345,"Soundgear Copyboard Conference Phone, Optional Battery",Technology,Office Machines,Medium Box,0.37
346,"Dot Matrix Printer Tape Reel Labels, White, 5000/Box",Office Supplies,Labels,Small Box,0.36
347,Euro Pro Shark Stick Mini Vacuum,Office Supplies,Appliances,Large Box,0.59
348,"Tenex Contemporary Contur Chairmats for Low and Medium Pile Carpet, Computer, 39"" x 49""",Furniture,Office Furnishings,Medium Box,0.65
349,Avery 498,Office Supplies,Labels,Small Box,0.38
350,Premium Transparent Presentation Covers by GBC,Office Supplies,Binders and Binder Accessories,Small Box,0.37
351,"Barricks 18"" x 48"" Non-Folding Utility Table with Bottom Storage Shelf",Furniture,Tables,Jumbo Drum,0.59
352,GBC VeloBinder Electric Binding Machine,Office Supplies,Binders and Binder Accessories,Small Box,0.35
353,Brown Kraft Recycled Envelopes,Office Supplies,Envelopes,Small Box,0.35
354,A1228,Technology,Telephones and Communication,Small Box,0.58
355,"3M Polarizing Task Lamp with Clamp Arm, Light Gray",Furniture,Office Furnishings,Large Box,0.59
356,8290,Technology,Telephones and Communication,Small Box,0.6
357,Hewlett-Packard Deskjet 5550 Color Inkjet Printer,Technology,Office Machines,Jumbo Drum,0.4
358,Fellowes Neat Ideas Storage Cubes,Office Supplies,Storage & Organization,Large Box,0.81
359,"Lesro Round Back Collection Coffee Table, End Table",Furniture,Tables,Large Box,0.72
360,Avery 492,Office Supplies,Labels,Small Box,0.39
361,Newell 343,Office Supplies,Pens & Art Supplies,Wrap Bag,0.58
362,Canon S750 Color Inkjet Printer,Technology,Office Machines,Jumbo Drum,0.38
363,Panasonic KP-310 Heavy-Duty Electric Pencil Sharpener,Office Supplies,Pens & Art Supplies,Small Pack,0.55
364,"AT&T Black Trimline Phone, Model 210",Technology,Office Machines,Small Box,0.49
365,Newell 318,Office Supplies,Pens & Art Supplies,Wrap Bag,0.59
366,"Staples Pen Style Liquid Stix; Assorted (yellow, pink, green, blue, orange), 5/Pack",Office Supplies,Pens & Art Supplies,Wrap Bag,0.4
367,Avery 491,Office Supplies,Labels,Small Box,0.39
368,T18,Technology,Telephones and Communication,Small Box,0.57
369,Sanyo 2.5 Cubic Foot Mid-Size Office Refrigerators,Office Supplies,Appliances,Jumbo Drum,0.59
370,Honeywell Quietcare HEPA Air Cleaner,Office Supplies,Appliances,Medium Box,0.52
371,Staples Colored Bar Computer Paper,Office Supplies,Paper,Small Box,0.38
372,Boston 16765 Mini Stand Up Battery Pencil Sharpener,Office Supplies,Pens & Art Supplies,Small Pack,0.59
373,Staples Battery-Operated Desktop Pencil Sharpener,Office Supplies,Pens & Art Supplies,Small Pack,0.6
374,Eldon 200 Class Desk Accessories,Furniture,Office Furnishings,Small Box,0.53
375,"Memorex 80 Minute CD-R, 30/Pack",Technology,Computer Peripherals,Small Pack,0.46
376,"Dual Level, Single-Width Filing Carts",Office Supplies,Storage & Organization,Small Box,0.59
377,"Fellowes Smart Design 104-Key Enhanced Keyboard, PS/2 Adapter, Platinum",Technology,Computer Peripherals,Small Box,0.68
378,"Master Giant Foot Doorstop, Safety Yellow",Furniture,Office Furnishings,Wrap Bag,0.42
379,"Perma STOR-ALL Hanging File Box, 13 1/8""W x 12 1/4""D x 10 1/2""H",Office Supplies,Storage & Organization,Small Box,0.68
380,Epson DFX-8500 Dot Matrix Printer,Technology,Office Machines,Jumbo Drum,0.57
381,Xerox 194,Office Supplies,Paper,Small Box,0.37
382,SouthWestern Bell FA970 Digital Answering Machine with Time/Day Stamp,Technology,Telephones and Communication,Medium Box,0.56
383,Avery 493,Office Supplies,Labels,Small Box,0.36
384,"Bevis Round Bullnose 29"" High Table Top",Furniture,Tables,Jumbo Box,0.61
385,Xerox 197,Office Supplies,Paper,Small Box,0.4
386,"Eldon Expressions Wood Desk Accessories, Oak",Furniture,Office Furnishings,Small Box,0.56
387,Xerox 1935,Office Supplies,Paper,Small Box,0.39
388,Peel & Stick Add-On Corner Pockets,Office Supplies,Binders and Binder Accessories,Small Box,0.37
389,Eureka The Boss Cordless Rechargeable Stick Vac,Office Supplies,Appliances,Small Box,0.58
390,Xerox 1905,Office Supplies,Paper,Small Box,0.37
391,Fellowes Bankers Box Staxonsteel Drawer File/Stacking System,Office Supplies,Storage & Organization,Small Box,0.73
392,"Executive Impressions 13"" Clairmont Wall Clock",Furniture,Office Furnishings,Small Pack,0.44
393,Staples SlimLine Pencil Sharpener,Office Supplies,Pens & Art Supplies,Small Pack,0.6
394,Presstex Flexible Ring Binders,Office Supplies,Binders and Binder Accessories,Small Box,0.35
395,"Memorex 4.7GB DVD+RW, 3/Pack",Technology,Computer Peripherals,Small Pack,0.4
396,Eldon Image Series Black Desk Accessories,Furniture,Office Furnishings,Small Box,0.49
397,Avery 485,Office Supplies,Labels,Small Box,0.38
398,Global Adaptabilities Conference Tables,Furniture,Tables,Jumbo Box,0.78
399,Xerox 1885,Office Supplies,Paper,Small Box,0.37
400,Avery 479,Office Supplies,Labels,Small Box,0.39
401,"Fellowes Twister Kit, Gray/Clear, 3/pkg",Office Supplies,Binders and Binder Accessories,Small Box,0.4
402,Eldon Pizzaz Desk Accessories,Furniture,Office Furnishings,Small Pack,0.41
403,Talkabout T8367,Technology,Telephones and Communication,Small Box,0.56
404,Logitech Access Keyboard,Technology,Computer Peripherals,Small Box,0.37
405,"Fellowes Strictly Business Drawer File, Letter/Legal Size",Office Supplies,Storage & Organization,Small Box,0.73
406,Newell 336,Office Supplies,Pens & Art Supplies,Wrap Bag,0.56
407,"Conquest 14 Commercial Heavy-Duty Upright Vacuum, Collection System, Accessory Kit",Office Supplies,Appliances,Small Box,0.56
408,GBC DocuBind P100 Manual Binding Machine,Office Supplies,Binders and Binder Accessories,Small Box,0.4
409,Avery 497,Office Supplies,Labels,Small Box,0.37
410,SAFCO Folding Chair Trolley,Furniture,Chairs & Chairmats,Medium Box,0.6
411,"Manila Recycled Extra-Heavyweight Clasp Envelopes, 6"" x 9""",Office Supplies,Envelopes,Small Box,0.36
412,"Verbatim DVD-RAM, 5.2GB, Rewritable, Type 1, DS",Technology,Computer Peripherals,Small Pack,0.5
413,Keytronic Designer 104- Key Black Keyboard,Technology,Computer Peripherals,Small Box,0.77
414,Avanti 4.4 Cu. Ft. Refrigerator,Office Supplies,Appliances,Jumbo Drum,0.57
415,"Acco Pressboard Covers with Storage Hooks, 14 7/8"" x 11"", Dark Blue",Office Supplies,Binders and Binder Accessories,Small Box,0.36
416,Boston KS Multi-Size Manual Pencil Sharpener,Office Supplies,Pens & Art Supplies,Small Pack,0.57
417,"Hunt BOSTON Vista Battery-Operated Pencil Sharpener, Black",Office Supplies,Pens & Art Supplies,Small Pack,0.58
418,Martin-Yale Premier Letter Opener,Office Supplies,"Scissors, Rulers and Trimmers",Wrap Bag,0.82
419,Recycled Premium Regency Composition Covers,Office Supplies,Binders and Binder Accessories,Small Box,0.36
420,"Atlantic Metals Mobile 5-Shelf Bookcases, Custom Colors",Furniture,Bookcases,Jumbo Box,0.55
421,i1000,Technology,Telephones and Communication,Small Box,0.58
422,Fellowes Super Stor/Drawer,Office Supplies,Storage & Organization,Small Box,0.67
423,"Rubbermaid ClusterMat Chairmats, Mat Size- 66"" x 60"", Lip 20"" x 11"" -90 Degree Angle",Furniture,Office Furnishings,Medium Box,0.69
424,*Staples* Letter Opener,Office Supplies,"Scissors, Rulers and Trimmers",Wrap Bag,0.81
425,LX 677,Technology,Telephones and Communication,Small Box,0.57
426,Avery Hi-Liter Fluorescent Desk Style Markers,Office Supplies,Pens & Art Supplies,Wrap Bag,0.48
427,"#10- 4 1/8"" x 9 1/2"" Recycled Envelopes",Office Supplies,Envelopes,Small Box,0.38
428,Acco Suede Grain Vinyl Round Ring Binder,Office Supplies,Binders and Binder Accessories,Small Box,0.39
429,Newell 342,Office Supplies,Pens & Art Supplies,Wrap Bag,0.56
430,"Staples #10 Laser & Inkjet Envelopes, 4 1/8"" x 9 1/2"", 100/Box",Office Supplies,Envelopes,Small Box,0.39
431,Newell 337,Office Supplies,Pens & Art Supplies,Wrap Bag,0.56
432,"Micro Innovations Micro Digital Wireless Keyboard and Mouse, Gray",Technology,Computer Peripherals,Small Box,0.45
433,Eldon ClusterMat Chair Mat with Cordless Antistatic Protection,Furniture,Office Furnishings,Medium Box,0.74
434,Xerox 1985,Office Supplies,Paper,Small Box,0.37
435,Zoom V.92 V.44 PCI Internal Controllerless FaxModem,Technology,Computer Peripherals,Small Box,0.55
436,"Tennsco Lockers, Sand",Office Supplies,Storage & Organization,Jumbo Drum,0.61
437,Xerox 1920,Office Supplies,Paper,Small Box,0.4
438,Xerox 1928,Office Supplies,Paper,Small Box,0.4
439,Xerox 1939,Office Supplies,Paper,Small Box,0.37
440,StarTAC 7760,Technology,Telephones and Communication,Small Box,0.59
441,Magna Visual Magnetic Picture Hangers,Furniture,Office Furnishings,Small Pack,0.47
442,M3682,Technology,Telephones and Communication,Small Box,0.57
443,Xerox 1978,Office Supplies,Paper,Small Box,0.36
444,"Wirebound Message Book, 4 per Page",Office Supplies,Paper,Wrap Bag,0.36
445,Hoover WindTunnel Plus Canister Vacuum,Office Supplies,Appliances,Small Box,0.57
446,Zoom V.92 USB External Faxmodem,Technology,Computer Peripherals,Small Box,0.41
447,"Wilson Jones Ledger-Size, Piano-Hinge Binder, 2"", Blue",Office Supplies,Binders and Binder Accessories,Small Box,0.37
448,"Eldon Expressions Punched Metal & Wood Desk Accessories, Pewter & Cherry",Furniture,Office Furnishings,Small Box,0.57
449,Xerox 1992,Office Supplies,Paper,Small Box,0.36
450,TI 36X Solar Scientific Calculator,Technology,Office Machines,Medium Box,0.38
451,V 3600 Series,Technology,Telephones and Communication,Small Box,0.58
452,"Deflect-o EconoMat Nonstudded, No Bevel Mat",Furniture,Office Furnishings,Medium Box,0.65
453,Bretford CR4500 Series Slim Rectangular Table,Furniture,Tables,Jumbo Box,0.66
454,Hon 5100 Series Wood Tables,Furniture,Tables,Large Box,0.67
455,Belkin ErgoBoard Keyboard,Technology,Computer Peripherals,Small Box,0.64
456,Riverleaf Stik-Withit Designer Note Cubes,Office Supplies,Paper,Wrap Bag,0.39
457,Coloredge Poster Frame,Furniture,Office Furnishings,Wrap Bag,0.46
458,Sharp 1540cs Digital Laser Copier,Technology,Copiers and Fax,Jumbo Drum,0.35
459,"Holmes Replacement Filter for HEPA Air Cleaner, Very Large Room, HEPA Filter",Office Supplies,Appliances,Jumbo Drum,0.41
460,Wilson Jones Impact Binders,Office Supplies,Binders and Binder Accessories,Small Box,0.36
461,GBC DocuBind 200 Manual Binding Machine,Office Supplies,Binders and Binder Accessories,Small Box,0.35
462,"Deflect-o SuperTray Unbreakable Stackable Tray, Letter, Black",Furniture,Office Furnishings,Small Box,0.42
463,Sanford Liquid Accent Highlighters,Office Supplies,Pens & Art Supplies,Wrap Bag,0.48
464,Holmes Harmony HEPA Air Purifier for 17 x 20 Room,Office Supplies,Appliances,Medium Box,0.42
465,Hon iLevel Computer Training Table,Furniture,Tables,Jumbo Box,0.65
466,"Eldon 200 Class Desk Accessories, Burgundy",Furniture,Office Furnishings,Small Box,0.43
467,3M Hangers With Command Adhesive,Furniture,Office Furnishings,Wrap Bag,0.44
468,X-Rack File for Hanging Folders,Office Supplies,Storage & Organization,Small Box,0.59
469,688,Technology,Telephones and Communication,Small Box,0.6
470,Ibico EB-19 Dual Function Manual Binding System,Office Supplies,Binders and Binder Accessories,Small Box,0.39
471,Southworth 25% Cotton Premium Laser Paper and Envelopes,Office Supplies,Paper,Small Box,0.37
472,Safco Contoured Stacking Chairs,Furniture,Chairs & Chairmats,Large Box,0.6
473,Canon PC-428 Personal Copier,Technology,Copiers and Fax,Large Box,0.46
474,Staples Standard Envelopes,Office Supplies,Envelopes,Small Box,0.38
475,Lexmark Z55se Color Inkjet Printer,Technology,Office Machines,Jumbo Drum,0.38
476,Binder Clips by OIC,Office Supplies,Rubber Bands,Wrap Bag,0.37
477,"Fellowes Smart Surge Ten-Outlet Protector, Platinum",Office Supplies,Appliances,Small Box,0.57
478,Wausau Papers Astrobrights Colored Envelopes,Office Supplies,Envelopes,Small Box,0.36
479,"Pressboard Covers with Storage Hooks, 9 1/2"" x 11"", Light Blue",Office Supplies,Binders and Binder Accessories,Small Box,0.38
480,Canon imageCLASS 2200 Advanced Copier,Technology,Copiers and Fax,Large Box,0.37
481,"Chromcraft Bull-Nose Wood 48"" x 96"" Rectangular Conference Tables",Furniture,Tables,Jumbo Box,0.8
482,KF 788,Technology,Telephones and Communication,Small Box,0.56
483,"Imation Neon Mac Format Diskettes, 10/Pack",Technology,Computer Peripherals,Small Pack,0.77
484,2180,Technology,Telephones and Communication,Small Box,0.57
485,"Executive Impressions 14"" Contract Wall Clock",Furniture,Office Furnishings,Small Pack,0.52
486,*Staples* Highlighting Markers,Office Supplies,Pens & Art Supplies,Wrap Bag,0.52
487,Boston 19500 Mighty Mite Electric Pencil Sharpener,Office Supplies,Pens & Art Supplies,Small Pack,0.58
488,Xerox 1995,Office Supplies,Paper,Small Box,0.37
489,Self-Adhesive Ring Binder Labels,Office Supplies,Binders and Binder Accessories,Small Box,0.38
490,Catalog Binders with Expanding Posts,Office Supplies,Binders and Binder Accessories,Small Box,0.4
491,*Staples* Packaging Labels,Office Supplies,Labels,Small Box,0.38
492,"Deflect-o EconoMat Studded, No Bevel Mat for Low Pile Carpeting",Furniture,Office Furnishings,Medium Box,0.76
493,"Recycled Desk Saver Line ""While You Were Out"" Book, 5 1/2"" X 4""",Office Supplies,Paper,Wrap Bag,0.39
494,9-3/4 Diameter Round Wall Clock,Furniture,Office Furnishings,Small Box,0.43
495,Logitech Cordless Elite Duo,Technology,Computer Peripherals,Small Box,0.4
496,Xerox 220,Office Supplies,Paper,Small Box,0.37
497,Canon Image Class D660 Copier,Technology,Copiers and Fax,Large Box,0.44
498,Avery Legal 4-Ring Binder,Office Supplies,Binders and Binder Accessories,Small Box,0.35
499,Hoover Commercial Lightweight Upright Vacuum,Office Supplies,Appliances,Large Box,0.59
500,Colored Envelopes,Office Supplies,Envelopes,Small Box,0.39
501,Xerox 1953,Office Supplies,Paper,Small Box,0.4
502,DAX Natural Wood-Tone Poster Frame,Furniture,Office Furnishings,Small Box,0.49
503,Office Star Flex Back Scooter Chair with White Frame,Furniture,Chairs & Chairmats,Jumbo Drum,0.71
504,Xerox 1941,Office Supplies,Paper,Small Box,0.37
505,DAX Clear Channel Poster Frame,Furniture,Office Furnishings,Small Box,0.48
506,Tenex B1-RE Series Chair Mats for Low Pile Carpets,Furniture,Office Furnishings,Wrap Bag,0.68
507,Belkin 105-Key Black Keyboard,Technology,Computer Peripherals,Small Box,0.68
508,GBC Imprintable Covers,Office Supplies,Binders and Binder Accessories,Small Box,0.36
509,"GBC Laser Imprintable Binding System Covers, Desert Sand",Office Supplies,Binders and Binder Accessories,Small Box,0.38
510,"Sharp EL501VB Scientific Calculator, Battery Operated, 10-Digit Display, Hard Case",Technology,Office Machines,Medium Box,0.39
511,"Executive Impressions 14""",Furniture,Office Furnishings,Small Pack,0.41
512,Accessory2,Technology,Telephones and Communication,Small Pack,0.55
513,Southworth 25% Cotton Antique Laid Paper & Envelopes,Office Supplies,Paper,Small Box,0.4
514,"Eldon 400 Class Desk Accessories, Black Carbon",Furniture,Office Furnishings,Small Pack,0.43
515,"Adams Telephone Message Book w/Frequently-Called Numbers Space, 400 Messages per Book",Office Supplies,Paper,Wrap Bag,0.35
516,Bretford ÒJust In TimeÓ Height-Adjustable Multi-Task Work Tables,Furniture,Tables,Jumbo Box,0.79
517,"Array Parchment Paper, Assorted Colors",Office Supplies,Paper,Small Box,0.37
518,Avery Durable Poly Binders,Office Supplies,Binders and Binder Accessories,Small Box,0.39
519,Dana Swing-Arm Lamps,Furniture,Office Furnishings,Large Box,0.6
520,270c,Technology,Telephones and Communication,Small Box,0.59
521,T28 WORLD,Technology,Telephones and Communication,Small Box,0.6
522,Staples Premium Bright 1-Part Blank Computer Paper,Office Supplies,Paper,Small Box,0.38
523,"Hon Metal Bookcases, Black",Furniture,Bookcases,Jumbo Box,0.6
524,"24 Capacity Maxi Data Binder Racks, Pearl",Office Supplies,Storage & Organization,Small Box,0.6
525,Accessory17,Technology,Telephones and Communication,Wrap Bag,0.82
526,Xerox 1898,Office Supplies,Paper,Small Box,0.37
527,"Barricks Non-Folding Utility Table with Steel Legs, Laminate Tops",Furniture,Tables,Jumbo Drum,0.56
528,ACCOHIDE Binder by Acco,Office Supplies,Binders and Binder Accessories,Small Box,0.38
529,Eldon Executive Woodline II Cherry Finish Desk Accessories,Furniture,Office Furnishings,Small Box,0.57
530,Belkin 8 Outlet Surge Protector,Office Supplies,Appliances,Small Box,0.57
531,"Holmes Replacement Filter for HEPA Air Cleaner, Large Room",Office Supplies,Appliances,Small Box,0.43
532,"Snap-A-Way Black Print Carbonless Ruled Speed Letter, Triplicate",Office Supplies,Paper,Wrap Bag,0.38
533,Fellowes Super Stor/Drawer Files,Office Supplies,Storage & Organization,Small Box,0.66
534,Logitech Cordless Navigator Duo,Technology,Computer Peripherals,Small Box,0.48
535,Sharp EL500L Fraction Calculator,Technology,Office Machines,Medium Box,0.39
536,White GlueTop Scratch Pads,Office Supplies,Paper,Wrap Bag,0.39
537,"Eureka Sanitaire  Multi-Pro Heavy-Duty Upright, Disposable Bags",Office Supplies,Appliances,Small Box,0.59
538,Cardinal Holdit Business Card Pockets,Office Supplies,Binders and Binder Accessories,Small Box,0.37
539,T193,Technology,Telephones and Communication,Small Box,0.57
540,Tennsco Commercial Shelving,Office Supplies,Storage & Organization,Large Box,0.84
541,Office Star Flex Back Scooter Chair with Aluminum Finish Frame,Furniture,Chairs & Chairmats,Jumbo Drum,0.61
542,Accessory13,Technology,Telephones and Communication,Small Pack,0.57
543,Xerox 1976,Office Supplies,Paper,Small Box,0.37
544,Hon 2090 ÒPillow SoftÓ Series Mid Back Swivel/Tilt Chairs,Furniture,Chairs & Chairmats,Jumbo Drum,0.78
545,Hammermill Color Copier Paper (28Lb. and 96 Bright),Office Supplies,Paper,Small Box,0.4
546,Serrated Blade or Curved Handle Hand Letter Openers,Office Supplies,"Scissors, Rulers and Trimmers",Wrap Bag,0.84
547,"GE 48"" Fluorescent Tube, Cool White Energy Saver, 34 Watts, 30/Box",Furniture,Office Furnishings,Small Pack,0.35
548,"TOPS Money Receipt Book, Consecutively Numbered in Red,",Office Supplies,Paper,Wrap Bag,0.4
549,Xerox 1989,Office Supplies,Paper,Small Box,0.38
550,"Bush Westfield Collection Bookcases, Fully Assembled",Furniture,Bookcases,Jumbo Box,0.62
551,Nu-Dell Leatherette Frames,Furniture,Office Furnishings,Small Pack,0.49
552,Xerox 1994,Office Supplies,Paper,Small Box,0.37
553,Dixon Ticonderoga Core-Lock Colored Pencils,Office Supplies,Pens & Art Supplies,Wrap Bag,0.52
554,CF 688,Technology,Telephones and Communication,Small Box,0.58
555,Panasonic KP-350BK Electric Pencil Sharpener with Auto Stop,Office Supplies,Pens & Art Supplies,Small Pack,0.56
556,3285,Technology,Telephones and Communication,Small Box,0.59
557,Office Star - Task Chair with Contemporary Loop Arms,Furniture,Chairs & Chairmats,Jumbo Drum,0.61
558,Acco Perma 3000 Stacking Storage Drawers,Office Supplies,Storage & Organization,Small Box,0.66
559,"Imation Printable White 80 Minute CD-R Spindle, 50/Pack",Technology,Computer Peripherals,Small Pack,0.44
560,Eldon Gobal File Keepers,Office Supplies,Storage & Organization,Small Box,0.81
561,Kensington 7 Outlet MasterPiece HOMEOFFICE Power Control Center,Office Supplies,Appliances,Small Box,0.55
562,"Seth Thomas 13 1/2"" Wall Clock",Furniture,Office Furnishings,Small Box,0.54
563,"Tenex Carpeted, Granite-Look or Clear Contemporary Contour Shape Chair Mats",Furniture,Office Furnishings,Wrap Bag,0.78
564,Bretford Rectangular Conference Table Tops,Furniture,Tables,Jumbo Box,0.74
565,Wirebound Voice Message Log Book,Office Supplies,Paper,Wrap Bag,0.39
566,O'Sullivan Manor Hill 2-Door Library in Brianna Oak,Furniture,Bookcases,Jumbo Box,0.74
567,Novimex Swivel Fabric Task Chair,Furniture,Chairs & Chairmats,Jumbo Drum,0.74
568,"Imation Primaris 3.5"" 2HD Unformatted Diskettes, 10/Pack",Technology,Computer Peripherals,Small Pack,0.72
569,Project Tote Personal File,Office Supplies,Storage & Organization,Small Box,0.56
570,"Imation 3.5"" DS-HD Macintosh Formatted Diskettes, 10/Pack",Technology,Computer Peripherals,Small Pack,0.68
571,"Sanford Colorific Colored Pencils, 12/Box",Office Supplies,Pens & Art Supplies,Wrap Bag,0.55
572,Xerox 1899,Office Supplies,Paper,Small Box,0.36
573,"Imation IBM Formatted Diskettes, 100/Pack",Technology,Computer Peripherals,Small Pack,0.7
574,Barrel Sharpener,Office Supplies,Pens & Art Supplies,Small Pack,0.59
575,"Gould Plastics 9-Pocket Panel Bin, 18-3/8w x 5-1/4d x 20-1/2h, Black",Office Supplies,Storage & Organization,Small Box,0.81
576,Accessory34,Technology,Telephones and Communication,Wrap Bag,0.55
577,"Panasonic All Digital Answering System with Caller ID*, KX-TM150B",Technology,Telephones and Communication,Medium Box,0.6
578,Wilson Jones Four-Pocket Poly Binders,Office Supplies,Binders and Binder Accessories,Small Box,0.36
579,Economy Binders,Office Supplies,Binders and Binder Accessories,Small Box,0.36
580,Office Star - Mid Back Dual function Ergonomic High Back Chair with 2-Way Adjustable Arms,Furniture,Chairs & Chairmats,Jumbo Drum,0.62
581,Eldon Jumbo ProFile Portable File Boxes Graphite/Black,Office Supplies,Storage & Organization,Small Box,0.57
582,Newell 315,Office Supplies,Pens & Art Supplies,Wrap Bag,0.6
583,Kleencut Forged Office Shears by Acme United Corporation,Office Supplies,"Scissors, Rulers and Trimmers",Small Pack,0.55
584,Xerox 1983,Office Supplies,Paper,Small Box,0.36
585,T61,Technology,Telephones and Communication,Small Box,0.56
586,Xerox 196,Office Supplies,Paper,Small Box,0.36
587,Eldon Simplefile Box Office,Office Supplies,Storage & Organization,Medium Box,0.57
588,6190,Technology,Telephones and Communication,Small Box,0.55
589,Panasonic KX-P3200 Dot Matrix Printer,Technology,Office Machines,Jumbo Drum,0.57
590,Ibico Recycled Linen-Style Covers,Office Supplies,Binders and Binder Accessories,Small Box,0.37
591,1726 Digital Answering Machine,Technology,Telephones and Communication,Medium Box,0.58
592,"Executive Impressions 8-1/2"" Career Panel/Partition Cubicle Clock",Furniture,Office Furnishings,Small Pack,0.51
593,Belkin MediaBoard 104- Keyboard,Technology,Computer Peripherals,Small Box,0.75
594,"Executive Impressions 12"" Wall Clock",Furniture,Office Furnishings,Small Pack,0.47
595,6185,Technology,Telephones and Communication,Small Box,0.58
596,"Eldon Spacemaker Box, Quick-Snap Lid, Clear",Office Supplies,Pens & Art Supplies,Wrap Bag,0.54
597,Xerox 1993,Office Supplies,Paper,Small Box,0.36
598,"Strathmore #10 Envelopes, Ultimate White",Office Supplies,Envelopes,Small Box,0.36
599,Fellowes 8 Outlet Superior Workstation Surge Protector,Office Supplies,Appliances,Small Box,0.56
600,"Tyvek Interoffice Envelopes, 9 1/2"" x 12 1/2"", 100/Box",Office Supplies,Envelopes,Small Box,0.38
601,Accessory20,Technology,Telephones and Communication,Small Pack,0.37
602,5165,Technology,Telephones and Communication,Small Box,0.59
603,Lexmark Z54se Color Inkjet Printer,Technology,Office Machines,Jumbo Drum,0.36
604,"Premier Elliptical Ring Binder, Black",Office Supplies,Binders and Binder Accessories,Small Box,0.37
605,Avery 520,Office Supplies,Labels,Small Box,0.37
606,"Fellowes Premier Superior Surge Suppressor, 10-Outlet, With Phone and Remote",Office Supplies,Appliances,Small Box,0.59
607,Xerox 226,Office Supplies,Paper,Small Box,0.37
608,Sanford 52201 APSCO Electric Pencil Sharpener,Office Supplies,Pens & Art Supplies,Small Pack,0.59
609,Laminate Occasional Tables,Furniture,Tables,Large Box,0.68
610,Round Ring Binders,Office Supplies,Binders and Binder Accessories,Small Box,0.38
611,DIXON Oriole Pencils,Office Supplies,Pens & Art Supplies,Wrap Bag,0.59
612,Avery Durable Binders,Office Supplies,Binders and Binder Accessories,Small Box,0.36
613,"Super Bands, 12/Pack",Office Supplies,Rubber Bands,Wrap Bag,0.82
614,iDEN i95,Technology,Telephones and Communication,Small Box,0.59
615,"Memorex 4.7GB DVD+R, 3/Pack",Technology,Computer Peripherals,Small Pack,0.42
616,"Advantus Employee of the Month Certificate Frame, 11 x 13-1/2",Furniture,Office Furnishings,Small Pack,0.44
617,"Howard Miller 11-1/2"" Diameter Ridgewood Wall Clock",Furniture,Office Furnishings,Small Box,0.44
618,Howard Miller 12-3/4 Diameter Accuwave DS  Wall Clock,Furniture,Office Furnishings,Small Box,0.43
619,"Seth Thomas 12"" Clock w/ Goldtone Case",Furniture,Office Furnishings,Small Box,0.51
620,Bevis Round Conference Room Tables and Bases,Furniture,Tables,Jumbo Box,0.71
621,#10 Self-Seal White Envelopes,Office Supplies,Envelopes,Small Box,0.36
622,"Advantus Push Pins, Aluminum Head",Office Supplies,Rubber Bands,Wrap Bag,0.54
623,"Staples Vinyl Coated Paper Clips, 800/Box",Office Supplies,Rubber Bands,Wrap Bag,0.4
624,"Tenex Personal Self-Stacking Standard File Box, Black/Gray",Office Supplies,Storage & Organization,Small Box,0.58
625,7160,Technology,Telephones and Communication,Small Box,0.59
626,StarTAC 6500,Technology,Telephones and Communication,Small Box,0.59
627,Eldon Advantage Chair Mats for Low to Medium Pile Carpets,Furniture,Office Furnishings,Medium Box,0.75
628,SC7868i,Technology,Telephones and Communication,Small Box,0.55
629,HP Office Recycled Paper (20Lb. and 87 Bright),Office Supplies,Paper,Small Box,0.36
630,Logitech Internet Navigator Keyboard,Technology,Computer Peripherals,Small Box,0.8
631,"O'Sullivan Elevations Bookcase, Cherry Finish",Furniture,Bookcases,Jumbo Box,0.69
632,"Tyvek  Top-Opening Peel & Seel Envelopes, Plain White",Office Supplies,Envelopes,Small Box,0.38
633,Keytronic 105-Key Spanish Keyboard,Technology,Computer Peripherals,Small Box,0.77
634,Motorola SB4200 Cable Modem,Technology,Computer Peripherals,Small Box,0.48
635,Jet-Pak Recycled Peel 'N' Seal Padded Mailers,Office Supplies,Envelopes,Small Box,0.4
636,Strathmore Photo Mount Cards,Office Supplies,Paper,Small Box,0.39
637,"GBC White Gloss Covers, Plain Front",Office Supplies,Binders and Binder Accessories,Small Box,0.38
638,"Eureka Hand Vacuum, Bagless",Office Supplies,Appliances,Small Box,0.57
639,Airmail Envelopes,Office Supplies,Envelopes,Small Box,0.38
640,Keytronic French Keyboard,Technology,Computer Peripherals,Small Box,0.65
641,Newell 314,Office Supplies,Pens & Art Supplies,Wrap Bag,0.6
642,Xerox 1919,Office Supplies,Paper,Small Box,0.36
643,Accessory27,Technology,Telephones and Communication,Small Box,0.85
644,Berol Giant Pencil Sharpener,Office Supplies,Pens & Art Supplies,Small Pack,0.56
645,Xerox 227,Office Supplies,Paper,Small Box,0.37
646,"Adams Phone Message Book, Professional, 400 Message Capacity, 5 3/6Ó x 11Ó",Office Supplies,Paper,Wrap Bag,0.38
647,Xerox 1962,Office Supplies,Paper,Small Box,0.4
648,636,Technology,Telephones and Communication,Small Box,0.57
649,Global Commerce Series High-Back Swivel/Tilt Chairs,Furniture,Chairs & Chairmats,Jumbo Drum,0.6
650,Wilson Jones Easy Flow II Sheet Lifters,Office Supplies,Binders and Binder Accessories,Small Box,0.37
651,Avery White Multi-Purpose Labels,Office Supplies,Labels,Small Box,0.39
652,Accessory25,Technology,Telephones and Communication,Wrap Bag,0.57
653,Xerox 199,Office Supplies,Paper,Small Box,0.4
654,Bush Advantage Collection Racetrack Conference Table,Furniture,Tables,Jumbo Box,0.67
655,Hon Comfortask Task/Swivel Chairs,Furniture,Chairs & Chairmats,Jumbo Drum,0.69
656,Xerox 1938,Office Supplies,Paper,Small Box,0.37
657,Rediform S.O.S. Phone Message Books,Office Supplies,Paper,Wrap Bag,0.36
658,StarTAC 3000,Technology,Telephones and Communication,Small Box,0.59
659,Adesso Programmable 142-Key Keyboard,Technology,Computer Peripherals,Small Box,0.79
660,Ampad #10 Peel & Seel Holiday Envelopes,Office Supplies,Envelopes,Small Box,0.37
661,"Belkin 107-key enhanced keyboard, USB/PS/2 interface",Technology,Computer Peripherals,Small Box,0.79
662,5185,Technology,Telephones and Communication,Small Box,0.58
663,Maxell DVD-RAM Discs,Technology,Computer Peripherals,Small Pack,0.42
664,StarTAC ST7868,Technology,Telephones and Communication,Small Box,0.55
665,Novimex Turbo Task Chair,Furniture,Chairs & Chairmats,Jumbo Drum,0.73
666,Panasonic KX-P3626 Dot Matrix Printer,Technology,Office Machines,Jumbo Box,0.59
667,Belkin F9M820V08 8 Outlet Surge,Office Supplies,Appliances,Small Box,0.56
668,"Global Leather Task Chair, Black",Furniture,Chairs & Chairmats,Jumbo Drum,0.66
669,GBC VeloBinder Strips,Office Supplies,Binders and Binder Accessories,Small Box,0.35
670,MicroTAC 650,Technology,Telephones and Communication,Small Box,0.58
671,Hand-Finished Solid Wood Document Frame,Furniture,Office Furnishings,Small Box,0.55
672,Boston 1645 Deluxe Heavier-Duty Electric Pencil Sharpener,Office Supplies,Pens & Art Supplies,Small Pack,0.58
673,Xerox 210,Office Supplies,Paper,Small Box,0.37
674,Xerox 1923,Office Supplies,Paper,Small Box,0.37
675,Staples Metal Binder Clips,Office Supplies,Rubber Bands,Wrap Bag,0.39
676,Hewlett-Packard 4.7GB DVD+R Discs,Technology,Computer Peripherals,Small Pack,0.49
677,"It's Hot Message Books with Stickers, 2 3/4"" x 5""",Office Supplies,Paper,Wrap Bag,0.4
678,"Dixon Prang Watercolor Pencils, 10-Color Set with Brush",Office Supplies,Pens & Art Supplies,Wrap Bag,0.44
679,I888 World Phone,Technology,Telephones and Communication,Small Box,0.6
680,Xerox 1997,Office Supplies,Paper,Small Box,0.37
681,GBC Therma-A-Bind 250T Electric Binding System,Office Supplies,Binders and Binder Accessories,Small Box,0.37
682,Avery Printable Repositionable Plastic Tabs,Office Supplies,Binders and Binder Accessories,Small Box,0.38
683,Storex DuraTech Recycled Plastic Frosted Binders,Office Supplies,Binders and Binder Accessories,Small Box,0.35
684,Xerox 204,Office Supplies,Paper,Small Box,0.37
685,Newell 35,Office Supplies,Pens & Art Supplies,Wrap Bag,0.56
686,Staples Brown Kraft Recycled Clasp Envelopes,Office Supplies,Envelopes,Small Box,0.35
687,Xerox 1947,Office Supplies,Paper,Small Box,0.4
688,Xerox 1950,Office Supplies,Paper,Small Box,0.36
689,GBC ProClick 150 Presentation Binding System,Office Supplies,Binders and Binder Accessories,Small Box,0.38
690,Letter Size Cart,Office Supplies,Storage & Organization,Small Box,0.56
691,Kensington 6 Outlet Guardian Standard Surge Protector,Office Supplies,Appliances,Small Box,0.58
692,"Imation 3.5"" Diskettes, IBM Format, DS/HD, 10/Box, Neon",Technology,Computer Peripherals,Small Pack,0.64
693,"Career Cubicle Clock, 8 1/4"", Black",Furniture,Office Furnishings,Small Box,0.47
694,V8162,Technology,Telephones and Communication,Small Box,0.56
695,Flexible Leather- Look Classic Collection Ring Binder,Office Supplies,Binders and Binder Accessories,Small Box,0.35
696,Okidata ML520 Series Dot Matrix Printers,Technology,Office Machines,Jumbo Drum,0.56
697,"TOPS Voice Message Log Book, Flash Format",Office Supplies,Paper,Wrap Bag,0.36
698,Avery 48,Office Supplies,Labels,Small Box,0.39
699,Eldon Cleatmat Plus Chair Mats for High Pile Carpets,Furniture,Office Furnishings,Medium Box,0.74
700,6340,Technology,Telephones and Communication,Small Box,0.58
701,Microsoft Natural Keyboard Elite,Technology,Computer Peripherals,Small Box,0.7
702,Accessory41,Technology,Telephones and Communication,Wrap Bag,0.38
703,i500plus,Technology,Telephones and Communication,Small Box,0.58
704,Hewlett-Packard Deskjet 3820 Color Inkjet Printer,Technology,Office Machines,Jumbo Drum,0.37
705,Newell 346,Office Supplies,Pens & Art Supplies,Wrap Bag,0.56
706,Global Enterprise Series Seating Low-Back Swivel/Tilt Chairs,Furniture,Chairs & Chairmats,Jumbo Drum,0.55
707,3M Polarizing Light Filter Sleeves,Furniture,Office Furnishings,Small Pack,0.39
708,"Master Caster Door Stop, Brown",Furniture,Office Furnishings,Wrap Bag,0.51
709,6162i,Technology,Telephones and Communication,Small Box,0.55
710,"Fellowes Mobile Numeric Keypad, Graphite",Technology,Computer Peripherals,Small Box,0.64
711,iDENi80s,Technology,Telephones and Communication,Small Box,0.59
712,5190,Technology,Telephones and Communication,Small Box,0.59
713,M70,Technology,Telephones and Communication,Small Box,0.59
714,Acco 6 Outlet Guardian Premium Surge Suppressor,Office Supplies,Appliances,Small Box,0.58
715,G.E. Halogen Desk Lamp Bulbs,Furniture,Office Furnishings,Small Pack,0.37
716,Filing/Storage Totes and Swivel Casters,Office Supplies,Storage & Organization,Small Box,0.6
717,Ultra Door Pull Handle,Furniture,Office Furnishings,Small Pack,0.52
718,Southworth 25% Cotton Linen-Finish Paper & Envelopes,Office Supplies,Paper,Small Box,0.4
719,Hayes Optima 56K V.90 Internal Voice Modem,Technology,Computer Peripherals,Small Box,0.51
720,Xerox 1979,Office Supplies,Paper,Small Box,0.4
721,"Global Leather & Oak Executive Chair, Burgundy",Furniture,Chairs & Chairmats,Jumbo Drum,0.77
722,"DAX Two-Tone Rosewood/Black Document Frame, Desktop, 5 x 7",Furniture,Office Furnishings,Small Pack,0.45
723,Xerox 1903,Office Supplies,Paper,Small Box,0.36
724,Hon 2111 Invitation Series Corner Table,Furniture,Tables,Large Box,0.79
725,Staples Copy Paper (20Lb. and 84 Bright),Office Supplies,Paper,Small Box,0.38
726,Bevis Rectangular Conference Tables,Furniture,Tables,Jumbo Box,0.69
727,"Master Caster Door Stop, Gray",Furniture,Office Furnishings,Wrap Bag,0.51
728,Xerox 1937,Office Supplies,Paper,Small Box,0.37
729,Xerox 1986,Office Supplies,Paper,Small Box,0.37
730,Microsoft Multimedia Keyboard,Technology,Computer Peripherals,Small Box,0.74
731,Xerox 1894,Office Supplies,Paper,Small Box,0.37
732,BASF Silver 74 Minute CD-R,Technology,Computer Peripherals,Small Pack,0.51
733,Accessory32,Technology,Telephones and Communication,Small Pack,0.35
734,Westinghouse Clip-On Gooseneck Lamps,Furniture,Office Furnishings,Large Box,0.59
735,Hewlett-Packard 2600DN Business Color Inkjet Printer,Technology,Office Machines,Jumbo Box,0.39
736,Staples Plastic Wall Frames,Furniture,Office Furnishings,Small Box,0.41
737,Vinyl Sectional Post Binders,Office Supplies,Binders and Binder Accessories,Small Box,0.35
738,i2000,Technology,Telephones and Communication,Small Box,0.6
739,Ames Color-File Green Diamond Border X-ray Mailers,Office Supplies,Envelopes,Small Box,0.38
740,Hon Non-Folding Utility Tables,Furniture,Tables,Jumbo Drum,0.55
741,Office Star - Ergonomic Mid Back Chair with 2-Way Adjustable Arms,Furniture,Chairs & Chairmats,Jumbo Drum,0.69
742,Nu-Form 106-Key Ergonomic Keyboard w/ Touchpad,Technology,Computer Peripherals,Small Box,0.62
743,Avery 496,Office Supplies,Labels,Small Box,0.37
744,"Executive Impressions 14"" Contract Wall Clock with Quartz Movement",Furniture,Office Furnishings,Small Pack,0.41
745,Tuff Stuff Recycled Round Ring Binders,Office Supplies,Binders and Binder Accessories,Small Box,0.36
746,Avery 514,Office Supplies,Labels,Small Box,0.36
747,V8160,Technology,Telephones and Communication,Small Box,0.56
748,"Rush Hierlooms Collection 1"" Thick Stackable Bookcases",Furniture,Bookcases,Jumbo Box,0.66
749,Hewlett-Packard Deskjet 1220Cse Color Inkjet Printer,Technology,Office Machines,Jumbo Box,0.36
750,"Letter/Legal File Tote with Clear Snap-On Lid, Black Granite",Office Supplies,Storage & Organization,Small Box,0.59
751,Xerox 1949,Office Supplies,Paper,Small Box,0.36
752,Xerox 1907,Office Supplies,Paper,Small Box,0.38
753,Imation DVD-RAM discs,Technology,Computer Peripherals,Small Pack,0.43
754,Xerox 1974,Office Supplies,Paper,Small Box,0.36
755,Panasonic KP-150 Electric Pencil Sharpener,Office Supplies,Pens & Art Supplies,Small Pack,0.59
756,Xerox 1896,Office Supplies,Paper,Small Box,0.4
757,8890,Technology,Telephones and Communication,Small Box,0.58
758,Office Impressions Heavy Duty Welded Shelving & Multimedia Storage Drawers,Office Supplies,Storage & Organization,Large Box,0.85
759,Novimex Fabric Task Chair,Furniture,Chairs & Chairmats,Jumbo Drum,0.7
760,"Eldon Image Series Desk Accessories, Burgundy",Furniture,Office Furnishings,Small Box,0.49
761,Staples File Caddy,Office Supplies,Storage & Organization,Small Box,0.57
762,"Sauder Camden County Collection Libraries, Planked Cherry Finish",Furniture,Bookcases,Jumbo Box,0.76
763,Bush Advantage Collection Round Conference Table,Furniture,Tables,Jumbo Box,0.64
764,Avery Hole Reinforcements,Office Supplies,Binders and Binder Accessories,Small Box,0.36
765,TI 30X Scientific Calculator,Technology,Office Machines,Medium Box,0.36
766,Avery Non-Stick Binders,Office Supplies,Binders and Binder Accessories,Small Box,0.39
767,Belkin Premiere Surge Master II 8-outlet surge protector,Office Supplies,Appliances,Small Box,0.56
768,"Hon Metal Bookcases, Putty",Furniture,Bookcases,Jumbo Box,0.56
769,Newell 309,Office Supplies,Pens & Art Supplies,Wrap Bag,0.55
770,Wilson Jones ÒSnapÓ Scratch Pad Binder Tool for Ring Binders,Office Supplies,Binders and Binder Accessories,Small Box,0.4
771,Flat Face Poster Frame,Furniture,Office Furnishings,Wrap Bag,0.43
772,"Eureka Recycled Copy Paper 8 1/2"" x 11"", Ream",Office Supplies,Paper,Small Box,0.37
773,Xerox 193,Office Supplies,Paper,Small Box,0.36
774,Nu-Dell Executive Frame,Furniture,Office Furnishings,Small Pack,0.48
775,Xerox 1973,Office Supplies,Paper,Small Box,0.39
776,Hewlett Packard LaserJet 3310 Copier,Technology,Copiers and Fax,Large Box,0.37
777,Xerox 1927,Office Supplies,Paper,Small Box,0.4
778,"Bush Cubix Collection Bookcases, Fully Assembled",Furniture,Bookcases,Jumbo Box,0.62
779,3.6 Cubic Foot Counter Height Office Refrigerator,Office Supplies,Appliances,Jumbo Drum,0.57
780,"Hewlett-Packard cp1700 [D, PS] Series Color Inkjet Printers",Technology,Office Machines,Jumbo Drum,0.38
781,T65,Technology,Telephones and Communication,Small Box,0.56
782,Gyration RF Keyboard,Technology,Computer Peripherals,Small Box,0.49
783,StarTAC 8000,Technology,Telephones and Communication,Small Box,0.6
784,Xerox 1910,Office Supplies,Paper,Small Box,0.37
785,Newell 320,Office Supplies,Pens & Art Supplies,Wrap Bag,0.58
786,Howard Miller Distant Time Traveler Alarm Clock,Furniture,Office Furnishings,Small Box,0.44
787,"Carina Mini System Audio Rack, Model AR050B",Office Supplies,Storage & Organization,Large Box,0.82
788,"Hoover Replacement Belts For Soft Guard & Commercial Ltweight Upright Vacs, 2/Pk",Office Supplies,Appliances,Small Box,0.59
789,"SimpliFile Personal File, Black Granite, 15w x 6-15/16d x 11-1/4h",Office Supplies,Storage & Organization,Small Box,0.57
790,Newell 307,Office Supplies,Pens & Art Supplies,Wrap Bag,0.57
791,Tensor Computer Mounted Lamp,Furniture,Office Furnishings,Large Box,0.58
792,Hewlett-Packard Deskjet 940 REFURBISHED Color Inkjet Printer,Technology,Office Machines,Jumbo Box,0.4
793,Holmes Odor Grabber,Office Supplies,Appliances,Medium Box,0.52
794,Avery Hi-Liter Smear-Safe Highlighters,Office Supplies,Pens & Art Supplies,Wrap Bag,0.49
795,"Wirebound Four 2-3/4 x 5 Forms per Page, 400 Sets per Book",Office Supplies,Paper,Wrap Bag,0.36
796,"Iris 3-Drawer Stacking Bin, Black",Office Supplies,Storage & Organization,Small Box,0.83
797,Artistic Insta-Plaque,Furniture,Office Furnishings,Small Pack,0.46
798,"Carina 42""Hx23 3/4""W Media Storage Unit",Office Supplies,Storage & Organization,Large Box,0.83
799,"Verbatim DVD-R, 4.7GB, Spindle, WE, Blank, Ink Jet/Thermal, 20/Spindle",Technology,Computer Peripherals,Small Pack,0.49
800,Peel-Off China Markers,Office Supplies,Pens & Art Supplies,Wrap Bag,0.43
801,Model L Table or Wall-Mount Pencil Sharpener,Office Supplies,Pens & Art Supplies,Small Box,0.57
802,Okidata ML320 Series Turbo Dot Matrix Printers,Technology,Office Machines,Jumbo Box,0.56
803,Deflect-O Glasstique Clear Desk Accessories,Furniture,Office Furnishings,Wrap Bag,0.52
804,Acme Box Cutter Scissors,Office Supplies,"Scissors, Rulers and Trimmers",Small Pack,0.59
805,"Boston School Pro Electric Pencil Sharpener, 1670",Office Supplies,Pens & Art Supplies,Small Pack,0.58
806,Multicolor Computer Printout Paper,Office Supplies,Paper,Small Box,0.37
807,DAX Wood Document Frame.,Furniture,Office Furnishings,Wrap Bag,0.54
808,Newell 340,Office Supplies,Pens & Art Supplies,Wrap Bag,0.56
809,Space Solutions Commercial Steel Shelving,Office Supplies,Storage & Organization,Large Box,0.8
810,"Adams Phone Message Book, 200 Message Capacity, 8 1/16Ó x 11Ó",Office Supplies,Paper,Wrap Bag,0.39
811,"DS/HD IBM Formatted Diskettes, 10/Pack - Staples",Technology,Computer Peripherals,Small Pack,0.64
812,"Eaton Premium Continuous-Feed Paper, 25% Cotton, Letter Size, White, 1000 Shts/Box",Office Supplies,Paper,Small Box,0.37
813,"Fellowes Personal Hanging Folder Files, Navy",Office Supplies,Storage & Organization,Small Box,0.57
814,"Maxell Pro 80 Minute CD-R, 10/Pack",Technology,Computer Peripherals,Small Pack,0.45
815,StarTAC Analog,Technology,Telephones and Communication,Small Box,0.6
816,232,Technology,Telephones and Communication,Small Box,0.55
817,Colored Push Pins,Office Supplies,Rubber Bands,Wrap Bag,0.49
818,KI Conference Tables,Furniture,Tables,Jumbo Box,0.69
819,Newell 321,Office Supplies,Pens & Art Supplies,Wrap Bag,0.56
820,Newell 351,Office Supplies,Pens & Art Supplies,Wrap Bag,0.56
821,"OIC Colored Binder Clips, Assorted Sizes",Office Supplies,Rubber Bands,Wrap Bag,0.36
822,Avanti 1.7 Cu. Ft. Refrigerator,Office Supplies,Appliances,Jumbo Drum,0.57
823,"Executive Impressions 13-1/2"" Indoor/Outdoor Wall Clock",Furniture,Office Furnishings,Small Pack,0.47
824,Gyration Ultra Cordless Optical Suite,Technology,Computer Peripherals,Small Box,0.46
825,DPC 650 Piper,Technology,Telephones and Communication,Small Box,0.58
826,Staples #10 Colored Envelopes,Office Supplies,Envelopes,Small Box,0.38
827,"Imation 3.5"" Unformatted DS/HD Diskettes, 10/Box",Technology,Computer Peripherals,Small Pack,0.69
828,Accessory35,Technology,Telephones and Communication,Small Box,0.55
829,Avery Heavy-Duty EZD  Binder With Locking Rings,Office Supplies,Binders and Binder Accessories,Small Box,0.37
830,"IBM Active Response Keyboard, Black",Technology,Computer Peripherals,Small Box,0.67
831,Okidata ML184 Turbo Dot Matrix Printers,Technology,Office Machines,Jumbo Drum,0.56
832,Riverside Furniture Stanwyck Manor Table Series,Furniture,Tables,Jumbo Box,0.78
833,"Companion Letter/Legal File, Black",Office Supplies,Storage & Organization,Small Box,0.57
834,"Acco Four Pocket Poly Ring Binder with Label Holder, Smoke, 1""",Office Supplies,Binders and Binder Accessories,Small Box,0.4
835,Epson C82 Color Inkjet Printer,Technology,Office Machines,Jumbo Drum,0.36
836,Xerox 212,Office Supplies,Paper,Small Box,0.37
837,Binding Machine Supplies,Office Supplies,Binders and Binder Accessories,Small Box,0.37
838,BPI Conference Tables,Furniture,Tables,Jumbo Box,0.71
839,O'Sullivan 5-Shelf Heavy-Duty Bookcases,Furniture,Bookcases,Jumbo Box,0.6
840,"DAX Cubicle Frames, 8-1/2 x 11",Furniture,Office Furnishings,Small Pack,0.49
841,Avery Durable Slant Ring Binders With Label Holder,Office Supplies,Binders and Binder Accessories,Small Box,0.37
842,"Binney & Smith inkTank Erasable Desk Highlighter, Chisel Tip, Yellow, 12/Box",Office Supplies,Pens & Art Supplies,Wrap Bag,0.44
843,Ibico Laser Imprintable Binding System Covers,Office Supplies,Binders and Binder Accessories,Small Box,0.39
844,"1/4 Fold Party Design Invitations & White Envelopes, 24 8-1/2"" X 11"" Cards, 25 Env./Pack",Office Supplies,Paper,Small Box,0.38
845,Deflect-o Glass Clear Studded Chair Mats,Furniture,Office Furnishings,Medium Box,0.63
846,"Brites Rubber Bands, 1 1/2 oz. Box",Office Supplies,Rubber Bands,Wrap Bag,0.83
847,"Verbatim DVD-R, 3.95GB, SR, Mitsubishi Branded, Jewel",Technology,Computer Peripherals,Small Pack,0.43
848,Avery Round Ring Poly Binders,Office Supplies,Binders and Binder Accessories,Small Box,0.36
849,"Wirebound Service Call Books, 5 1/2"" x 4""",Office Supplies,Paper,Wrap Bag,0.37
850,Targus USB Numeric Keypad,Technology,Computer Peripherals,Small Box,0.74
851,Micro Innovations Media Access Pro Keyboard,Technology,Computer Peripherals,Small Box,0.76
852,"Howard Miller 13"" Diameter Goldtone Round Wall Clock",Furniture,Office Furnishings,Small Box,0.44
853,"Acco Recycled 2"" Capacity Laser Printer Hanging Data Binders",Office Supplies,Binders and Binder Accessories,Small Box,0.38
854,"Blue String-Tie & Button Interoffice Envelopes, 10 x 13",Office Supplies,Envelopes,Small Box,0.4
855,Staples 4 Outlet Surge Protector,Office Supplies,Appliances,Small Box,0.58
856,"Tensor ""Hersey Kiss"" Styled Floor Lamp",Furniture,Office Furnishings,Large Box,0.73
857,Prang Colored Pencils,Office Supplies,Pens & Art Supplies,Wrap Bag,0.4
858,6120,Technology,Telephones and Communication,Small Box,0.58
859,Belkin 5 Outlet SurgeMaster Power Centers,Office Supplies,Appliances,Small Box,0.57
860,Polycom VoiceStation 100,Technology,Office Machines,Medium Box,0.39
861,Bretford CR8500 Series Meeting Room Furniture,Furniture,Tables,Jumbo Box,0.71
862,Boston 1799 Powerhouse Electric Pencil Sharpener,Office Supplies,Pens & Art Supplies,Small Pack,0.57
863,Belkin F5C206VTEL 6 Outlet Surge,Office Supplies,Appliances,Small Box,0.55
864,Eldon Expressions Mahogany Wood Desk Collection,Furniture,Office Furnishings,Small Box,0.6
865,"Sony MFD2HD Formatted Diskettes, 10/Pack",Technology,Computer Peripherals,Small Pack,0.71
866,Hoover Upright Vacuum With Dirt Cup,Office Supplies,Appliances,Small Box,0.56
867,"Quartet Omega Colored Chalk, 12/Pack",Office Supplies,Pens & Art Supplies,Wrap Bag,0.38
868,GBC DocuBind P50 Personal Binding Machine,Office Supplies,Binders and Binder Accessories,Small Box,0.38
869,Boston 16801 Nautilus Battery Pencil Sharpener,Office Supplies,Pens & Art Supplies,Small Pack,0.59
870,Iceberg Mobile Mega Data/Printer Cart ,Office Supplies,Storage & Organization,Small Box,0.59
871,Chromcraft Rectangular Conference Tables,Furniture,Tables,Jumbo Box,0.61
872,Security-Tint Envelopes,Office Supplies,Envelopes,Small Box,0.36
873,Avery Binding System Hidden Tab Executive Style Index Sets,Office Supplies,Binders and Binder Accessories,Small Box,0.35
874,Fellowes EZ Multi-Media Keyboard,Technology,Computer Peripherals,Small Box,0.76
875,"Wilson Jones Elliptical Ring 3 1/2"" Capacity Binders, 800 sheets",Office Supplies,Binders and Binder Accessories,Small Box,0.36
876,"Holmes Replacement Filter for HEPA Air Cleaner, Medium Room",Office Supplies,Appliances,Medium Box,0.42
877,Xerox 1922,Office Supplies,Paper,Small Box,0.36
878,Avery 504,Office Supplies,Labels,Small Box,0.36
879,Talkabout T8097,Technology,Telephones and Communication,Small Box,0.58
880,Ibico Hi-Tech Manual Binding System,Office Supplies,Binders and Binder Accessories,Small Box,0.4
881,Tyvek Side-Opening Peel & Seel Expanding Envelopes,Office Supplies,Envelopes,Small Box,0.4
882,"3.5"" IBM Formatted Diskettes, DS/HD",Technology,Computer Peripherals,Small Pack,0.66
883,Xerox 1934,Office Supplies,Paper,Small Box,0.36
884,"""While you Were Out"" Message Book, One Form per Page",Office Supplies,Paper,Wrap Bag,0.35
885,"Atlantic Metals Mobile 2-Shelf Bookcases, Custom Colors",Furniture,Bookcases,Jumbo Box,0.56
886,GBC Instant Index System for Binding Systems,Office Supplies,Binders and Binder Accessories,Small Box,0.35
887,Letter or Legal Size Expandable Poly String Tie Envelopes,Office Supplies,Envelopes,Small Box,0.36
888,"Sanyo Counter Height Refrigerator with Crisper, 3.6 Cubic Foot, Stainless Steel/Black",Office Supplies,Appliances,Jumbo Drum,0.57
889,Park Ridge Embossed Executive Business Envelopes,Office Supplies,Envelopes,Small Box,0.38
890,Logitech Cordless Access Keyboard,Technology,Computer Peripherals,Small Box,0.51
891,14-7/8 x 11 Blue Bar Computer Printout Paper,Office Supplies,Paper,Small Box,0.37
892,6000,Technology,Telephones and Communication,Small Box,0.55
893,5180,Technology,Telephones and Communication,Small Box,0.56
894,O'Sullivan Living Dimensions 3-Shelf Bookcases,Furniture,Bookcases,Jumbo Box,0.75
895,Newell 333,Office Supplies,Pens & Art Supplies,Wrap Bag,0.59
896,Xerox 23,Office Supplies,Paper,Small Box,0.37
897,Anderson Hickey Conga Table Tops & Accessories,Furniture,Tables,Jumbo Box,0.76
898,"Wirebound Message Books, 5-1/2 x 4 Forms, 2 or 4 Forms per Page",Office Supplies,Paper,Wrap Bag,0.36
899,Hon Pagoda Stacking Chairs,Furniture,Chairs & Chairmats,Large Box,0.55
900,Newell 338,Office Supplies,Pens & Art Supplies,Wrap Bag,0.58
901,Avery Hi-Liter Pen Style Six-Color Fluorescent Set,Office Supplies,Pens & Art Supplies,Wrap Bag,0.44
902,"Hot File 7-Pocket, Floor Stand",Office Supplies,Storage & Organization,Small Box,0.55
903,"Eldon Expressions Punched Metal & Wood Desk Accessories, Black & Cherry",Furniture,Office Furnishings,Small Box,0.57
904,Blackstonian Pencils,Office Supplies,Pens & Art Supplies,Wrap Bag,0.57
905,"Chromcraft Bull-Nose Wood Round Conference Table Top, Wood Base",Furniture,Tables,Jumbo Box,0.68
906,Harmony HEPA Quiet Air Purifiers,Office Supplies,Appliances,Medium Box,0.5
907,GBC Standard Plastic Binding Systems' Combs,Office Supplies,Binders and Binder Accessories,Small Box,0.4
908,Panasonic KX-P1131 Dot Matrix Printer,Technology,Office Machines,Jumbo Drum,0.58
909,"REDIFORM Incoming/Outgoing Call Register, 11"" X 8 1/2"", 100 Messages",Office Supplies,Paper,Wrap Bag,0.35
910,EcoTones Memo Sheets,Office Supplies,Paper,Wrap Bag,0.37
911,Xerox 1984,Office Supplies,Paper,Small Box,0.36
912,3395,Technology,Telephones and Communication,Small Box,0.58
913,Canon MP25DIII Desktop Whisper-Quiet Printing Calculator,Technology,Office Machines,Medium Box,0.37
914,Fluorescent Highlighters by Dixon,Office Supplies,Pens & Art Supplies,Wrap Bag,0.51
915,"Tenex Traditional Chairmats for Medium Pile Carpet, Standard Lip, 36"" x 48""",Furniture,Office Furnishings,Medium Box,0.64
916,Accessory23,Technology,Telephones and Communication,Small Pack,0.36
917,"Avery 05222 Permanent Self-Adhesive File Folder Labels for Typewriters, on Rolls, White, 250/Roll",Office Supplies,Labels,Small Box,0.39
918,SAFCO Boltless Steel Shelving,Office Supplies,Storage & Organization,Large Box,0.39
919,"Imation 3.5"", RTS 247544 3M 3.5 DSDD, 10/Pack",Technology,Computer Peripherals,Small Pack,0.61
920,GBC Wire Binding Strips,Office Supplies,Binders and Binder Accessories,Small Box,0.37
921,Xerox 1952,Office Supplies,Paper,Small Box,0.38
922,Luxo Professional Fluorescent Magnifier Lamp with Clamp-Mount Base,Furniture,Office Furnishings,Large Box,0.59
923,Xerox 1933,Office Supplies,Paper,Small Box,0.38
924,Accessory15,Technology,Telephones and Communication,Small Pack,0.83
925,Tennsco Regal Shelving Units,Office Supplies,Storage & Organization,Large Box,0.82
926,Fuji Slim Jewel Case CD-R,Technology,Computer Peripherals,Small Pack,0.55
927,Self-Adhesive Removable Labels,Office Supplies,Labels,Small Box,0.37
928,KH 688,Technology,Telephones and Communication,Small Box,0.57
929,Plastic Binding Combs,Office Supplies,Binders and Binder Accessories,Small Box,0.38
930,TIMEPORT P8767,Technology,Telephones and Communication,Small Box,0.57
931,DIXON Ticonderoga Erasable Checking Pencils,Office Supplies,Pens & Art Supplies,Wrap Bag,0.46
932,Super Decoflex Portable Personal File,Office Supplies,Storage & Organization,Small Box,0.57
933,"Bravo II Megaboss 12-Amp Hard Body Upright, Replacement Belts, 2 Belts per Pack",Office Supplies,Appliances,Large Box,0.56
934,O'Sullivan Living Dimensions 2-Shelf Bookcases,Furniture,Bookcases,Jumbo Box,0.75
935,Acme Forged Steel Scissors with Black Enamel Handles,Office Supplies,"Scissors, Rulers and Trimmers",Small Pack,0.56
936,T60,Technology,Telephones and Communication,Small Box,0.56
937,OIC Bulk Pack Metal Binder Clips,Office Supplies,Rubber Bands,Wrap Bag,0.39
938,Xerox 1908,Office Supplies,Paper,Small Box,0.36
939,Xerox 1948,Office Supplies,Paper,Small Box,0.4
940,Epson C62 Color Inkjet Printer,Technology,Office Machines,Jumbo Box,0.35
941,"Mead 1st Gear 2"" Zipper Binder, Asst. Colors",Office Supplies,Binders and Binder Accessories,Small Box,0.35
942,2160,Technology,Telephones and Communication,Small Box,0.57
943,"Ampad Evidence Wirebond Steno Books, 6"" x 9""",Office Supplies,Paper,Wrap Bag,0.38
944,"Global Airflow Leather Mesh Back Chair, Black",Furniture,Chairs & Chairmats,Jumbo Drum,0.55
945,Electrix Fluorescent Magnifier Lamps & Weighted Base,Furniture,Office Furnishings,Large Box,0.57
946,Staples 1 Part Blank Computer Paper,Office Supplies,Paper,Small Box,0.36
947,Advantus Panel Wall Certificate Holder - 8.5x11,Furniture,Office Furnishings,Small Pack,0.43
948,Newell 339,Office Supplies,Pens & Art Supplies,Wrap Bag,0.59
949,Acme Galleria Hot Forged Steel Scissors with Colored Handles,Office Supplies,"Scissors, Rulers and Trimmers",Small Pack,0.56
950,"Dana Fluorescent Magnifying Lamp, White, 36""",Furniture,Office Furnishings,Large Box,0.55
951,Belkin 7 Outlet SurgeMaster Surge Protector with Phone Protection,Office Supplies,Appliances,Small Box,0.56
952,Xerox 216,Office Supplies,Paper,Small Box,0.37
953,DMI Arturo Collection Mission-style Design Wood Chair,Furniture,Chairs & Chairmats,Jumbo Drum,0.59
954,Acco D-Ring Binder w/DublLock,Office Supplies,Binders and Binder Accessories,Small Box,0.36
955,Fellowes High-Stak Drawer Files,Office Supplies,Storage & Organization,Small Box,0.62
956,Document Clip Frames,Furniture,Office Furnishings,Wrap Bag,0.43
957,Xerox 221,Office Supplies,Paper,Small Box,0.37
958,Staples Gold Paper Clips,Office Supplies,Rubber Bands,Wrap Bag,0.39
959,Eldon Shelf Savers Cubes and Bins,Office Supplies,Storage & Organization,Small Box,0.83
960,Okidata ML591 Wide Format Dot Matrix Printer,Technology,Office Machines,Jumbo Drum,0.56
961,Xerox 1917,Office Supplies,Paper,Small Box,0.38
962,Xerox 1959,Office Supplies,Paper,Small Box,0.37
963,Phone 918,Technology,Telephones and Communication,Small Box,0.59
964,Avery Self-Adhesive Photo Pockets for Polaroid Photos,Office Supplies,Binders and Binder Accessories,Small Box,0.37
965,Fellowes Bases and Tops For Staxonsteel/High-Stak Systems,Office Supplies,Storage & Organization,Small Box,0.61
966,Global Deluxe Office Fabric Chairs,Furniture,Chairs & Chairmats,Jumbo Drum,0.58
967,Accessory28,Technology,Telephones and Communication,Small Pack,0.83
968,600 Series Non-Flip,Technology,Telephones and Communication,Small Box,0.57
969,"Recycled Interoffice Envelopes with Re-Use-A-Seal Closure, 10 x 13",Office Supplies,Envelopes,Small Box,0.38
970,Staples Bulk Pack Metal Binder Clips,Office Supplies,Rubber Bands,Wrap Bag,0.35
971,"Avery Durable Plastic 1"" Binders",Office Supplies,Binders and Binder Accessories,Small Box,0.36
972,Fellowes Binding Cases,Office Supplies,Binders and Binder Accessories,Small Box,0.4
973,"Wirebound Message Forms, Four 2 3/4 x 5 Forms per Page, Pink Paper",Office Supplies,Paper,Wrap Bag,0.38
974,Letter Slitter,Office Supplies,"Scissors, Rulers and Trimmers",Wrap Bag,0.82
975,"Trav-L-File Heavy-Duty Shuttle II, Black",Office Supplies,Storage & Organization,Small Box,0.55
976,"Pressboard Data Binder, Crimson, 12"" X 8 1/2""",Office Supplies,Binders and Binder Accessories,Small Box,0.39
977,Xerox 229,Office Supplies,Paper,Small Box,0.37
978,"Black Print Carbonless 8 1/2"" x 8 1/4"" Rapid Memo Book",Office Supplies,Paper,Wrap Bag,0.39
979,GBC Durable Plastic Covers,Office Supplies,Binders and Binder Accessories,Small Box,0.39
980,"Acco Pressboard Covers with Storage Hooks, 14 7/8"" x 11"", Light Blue",Office Supplies,Binders and Binder Accessories,Small Box,0.36
981,"Eldon Expressions Wood and Plastic Desk Accessories, Oak",Furniture,Office Furnishings,Small Box,0.57
982,"Seth Thomas 14"" Putty-Colored Wall Clock",Furniture,Office Furnishings,Small Box,0.54
983,Ibico Presentation Index for Binding Systems,Office Supplies,Binders and Binder Accessories,Small Box,0.38
984,Canon PC1080F Personal Copier,Technology,Copiers and Fax,Large Box,0.5
985,Xerox 191,Office Supplies,Paper,Small Box,0.38
986,Avery Hanging File Binders,Office Supplies,Binders and Binder Accessories,Small Box,0.39
987,Hoover Replacement Belt for Commercial Guardsman Heavy-Duty Upright Vacuum,Office Supplies,Appliances,Small Box,0.55
988,Ultra Door Push Plate,Furniture,Office Furnishings,Small Pack,0.52
989,Hunt Boston Vacuum Mount KS Pencil Sharpener,Office Supplies,Pens & Art Supplies,Small Box,0.59
990,Acme Design Stainless Steel Bent Scissors,Office Supplies,"Scissors, Rulers and Trimmers",Small Pack,0.58
991,Canon Imageclass D680 Copier / Fax,Technology,Copiers and Fax,Large Box,0.54
992,Avery Premier Heavy-Duty Binder with Round Locking Rings,Office Supplies,Binders and Binder Accessories,Small Box,0.39
993,Avery 503,Office Supplies,Labels,Small Box,0.37
994,"Master Caster Door Stop, Large Neon Orange",Furniture,Office Furnishings,Wrap Bag,0.42
995,Hon 4060 Series Tables,Furniture,Tables,Large Box,0.63
996,"Telephone Message Books with Fax/Mobile Section, 4 1/4"" x 6""",Office Supplies,Paper,Wrap Bag,0.39
997,Zebra Zazzle Fluorescent Highlighters,Office Supplies,Pens & Art Supplies,Wrap Bag,0.51
998,Belkin 8 Outlet SurgeMaster II Gold Surge Protector with Phone Protection,Office Supplies,Appliances,Small Box,0.59
999,Avery 508,Office Supplies,Labels,Small Box,0.36
1000,"Belkin 325VA UPS Surge Protector, 6'",Office Supplies,Appliances,Small Box,0.6
1001,"Westinghouse Floor Lamp with Metal Mesh Shade, Black",Furniture,Office Furnishings,Jumbo Drum,0.62
1002,Hoover Commercial Lightweight Upright Vacuum with E-Z Empty Dirt Cup,Office Supplies,Appliances,Small Box,0.59
1003,Accessory1,Technology,Telephones and Communication,Small Pack,0.36
1004,Acme Kleencut Forged Steel Scissors,Office Supplies,"Scissors, Rulers and Trimmers",Small Pack,0.55
1005,SAFCO Optional Arm Kit for Workspace Cribbage Stacking Chair,Furniture,Chairs & Chairmats,Medium Box,0.6
1006,Staples Pushpins,Office Supplies,Rubber Bands,Wrap Bag,0.5
1007,"C-Line Peel & Stick Add-On Filing Pockets, 8-3/4 x 5-1/8, 10/Pack",Office Supplies,Binders and Binder Accessories,Small Box,0.38
1008,Acme Elite Stainless Steel Scissors,Office Supplies,"Scissors, Rulers and Trimmers",Small Pack,0.59
1009,Hoover Commercial Soft Guard Upright Vacuum And Disposable Filtration Bags,Office Supplies,Appliances,Small Box,0.58
1010,"Geographics Note Cards, Blank, White, 8 1/2"" x 11""",Office Supplies,Paper,Small Box,0.37
1011,Acme Office Executive Series Stainless Steel Trimmers,Office Supplies,"Scissors, Rulers and Trimmers",Small Pack,0.59
1012,Fellowes Superior 10 Outlet Split Surge Protector,Office Supplies,Appliances,Small Box,0.56
1013,Large Capacity Hanging Post Binders,Office Supplies,Binders and Binder Accessories,Small Box,0.39
1014,"Eldon Delta Triangular Chair Mat, 52"" x 58"", Clear",Furniture,Office Furnishings,Wrap Bag,0.67
1015,"Binney & Smith Crayola Metallic Colored Pencils, 8-Color Set",Office Supplies,Pens & Art Supplies,Wrap Bag,0.52
1016,Sensible Storage WireTech Storage Systems,Office Supplies,Storage & Organization,Large Box,0.8
1017,Balt Solid Wood Rectangular Table,Furniture,Tables,Jumbo Box,0.75
1018,6162m,Technology,Telephones and Communication,Small Box,0.57
1019,Office Star - Professional Matrix Back Chair with 2-to-1 Synchro Tilt and Mesh Fabric Seat,Furniture,Chairs & Chairmats,Jumbo Drum,0.61
1020,Avery 484,Office Supplies,Labels,Small Box,0.36
1021,5170,Technology,Telephones and Communication,Small Box,0.59
1022,"Situations Contoured Folding Chairs, 4/Set",Furniture,Chairs & Chairmats,Jumbo Drum,0.6
1023,Tripp Lite Isotel 8 Ultra 8 Outlet Metal Surge,Office Supplies,Appliances,Small Box,0.59
1024,"Black Print Carbonless Snap-Off Rapid Letter, 8 1/2"" x 7""",Office Supplies,Paper,Wrap Bag,0.4
1025,"Iceberg OfficeWorks 42"" Round Tables",Furniture,Tables,Jumbo Box,0.7
1026,Decoflex Hanging Personal Folder File,Office Supplies,Storage & Organization,Small Box,0.59
1027,Advantus SlideClip Paper Clips,Office Supplies,Rubber Bands,Wrap Bag,0.37
1028,"Important Message Pads, 50 4-1/4 x 5-1/2 Forms per Pad",Office Supplies,Paper,Wrap Bag,0.36
1029,Safco Industrial Wire Shelving,Office Supplies,Storage & Organization,Large Box,0.39
1030,GBC ProClick Spines for 32-Hole Punch,Office Supplies,Binders and Binder Accessories,Small Box,0.38
1031,"Global Push Button Manager's Chair, Indigo",Furniture,Chairs & Chairmats,Jumbo Drum,0.56
1032,2190,Technology,Telephones and Communication,Small Box,0.56
1033,Xerox 1916,Office Supplies,Paper,Small Box,0.35
1034,Universal Premium White Copier/Laser Paper (20Lb. and 87 Bright),Office Supplies,Paper,Small Box,0.36
1035,Brother DCP1000 Digital 3 in 1 Multifunction Machine,Technology,Copiers and Fax,Large Box,0.5
1036,"Polycom Soundstation EX Audio-Conferencing Telephone, Black",Technology,Office Machines,Medium Box,0.36
1037,Xerox 1895,Office Supplies,Paper,Small Box,0.4
1038,V70,Technology,Telephones and Communication,Small Box,0.59
1039,"Tyvek  Top-Opening Peel & Seel  Envelopes, Gray",Office Supplies,Envelopes,Small Box,0.4
1040,Storex Dura Pro Binders,Office Supplies,Binders and Binder Accessories,Small Box,0.38
1041,Newell 31,Office Supplies,Pens & Art Supplies,Wrap Bag,0.57
1042,Avoid Verbal Orders Carbonless Minifold Book,Office Supplies,Paper,Wrap Bag,0.39
1043,Rogers Profile Extra Capacity Storage Tub,Office Supplies,Storage & Organization,Small Box,0.81
1044,TimeportP7382,Technology,Telephones and Communication,Small Box,0.56
1045,Avery 501,Office Supplies,Labels,Small Box,0.38
1046,Portfile Personal File Boxes,Office Supplies,Storage & Organization,Small Box,0.59
1047,"Tennsco Stur-D-Stor Boltless Shelving, 5 Shelves, 24"" Deep, Sand",Office Supplies,Storage & Organization,Large Box,0.84
1048,Quality Park Security Envelopes,Office Supplies,Envelopes,Small Box,0.38
1049,"Memorex 'Cool' 80 Minute CD-R Spindle, 25/Pack",Technology,Computer Peripherals,Small Pack,0.46
1050,Rubber Band Ball,Office Supplies,Rubber Bands,Wrap Bag,0.83
1051,Hon Valutask Swivel Chairs,Furniture,Chairs & Chairmats,Jumbo Drum,0.69
1052,i1000plus,Technology,Telephones and Communication,Small Box,0.57
1053,Sauder Camden County Collection Library,Furniture,Bookcases,Jumbo Box,0.65
1054,Prang Dustless Chalk Sticks,Office Supplies,Pens & Art Supplies,Wrap Bag,0.35
1055,2300 Heavy-Duty Transfer File Systems by Perma,Office Supplies,Storage & Organization,Small Box,0.66
1056,Xerox 1888,Office Supplies,Paper,Small Box,0.37
1057,"Crayola Anti Dust Chalk, 12/Pack",Office Supplies,Pens & Art Supplies,Wrap Bag,0.4
1058,Newell 325,Office Supplies,Pens & Art Supplies,Wrap Bag,0.55
1059,"Binney & Smith inkTank Erasable Pocket Highlighter, Chisel Tip, Yellow",Office Supplies,Pens & Art Supplies,Wrap Bag,0.41
1060,"Avery Hi-Liter Comfort Grip Fluorescent Highlighter, Yellow Ink",Office Supplies,Pens & Art Supplies,Wrap Bag,0.46
1061,Staples Colored Interoffice Envelopes,Office Supplies,Envelopes,Small Box,0.36
1062,Xerox 1964,Office Supplies,Paper,Small Box,0.39
1063,Xerox 1880,Office Supplies,Paper,Small Box,0.38
1064,Eldon Antistatic Chair Mats for Low to Medium Pile Carpets,Furniture,Office Furnishings,Large Box,0.79
1065,"While You Were Out Pads, 50 per Pad, 4 x 5 1/4, Green Cycle",Office Supplies,Paper,Wrap Bag,0.36
1066,"TDK 4.7GB DVD-R Spindle, 15/Pack",Technology,Computer Peripherals,Small Pack,0.42
1067,Xerox 2,Office Supplies,Paper,Small Box,0.37
1068,i600,Technology,Telephones and Communication,Small Box,0.56
1069,Hon 61000 Series Interactive Training Tables,Furniture,Tables,Jumbo Box,0.67
1070,"Imation Neon 80 Minute CD-R Spindle, 50/Pack",Technology,Computer Peripherals,Small Pack,0.45
1071,"Avery Hi-Liter GlideStik Fluorescent Highlighter, Yellow Ink",Office Supplies,Pens & Art Supplies,Wrap Bag,0.41
1072,"Hewlett-Packard Business Color Inkjet 3000 [N, DTN] Series Printers",Technology,Office Machines,Jumbo Drum,0.4
1073,Xerox 1991,Office Supplies,Paper,Small Box,0.39
1074,Trimflex Flexible Post Binders,Office Supplies,Binders and Binder Accessories,Small Box,0.37
1075,Tenex Antistatic Computer Chair Mats,Furniture,Office Furnishings,Medium Box,0.75
1076,"BOSTON Ranger #55 Pencil Sharpener, Black",Office Supplies,Pens & Art Supplies,Small Box,0.56
1077,Iris Project Case,Office Supplies,Storage & Organization,Medium Box,0.59
1078,Xerox 1961,Office Supplies,Paper,Small Box,0.38
1079,Chromcraft Bull-Nose Wood Oval Conference Tables & Bases,Furniture,Tables,Jumbo Box,0.71
1080,Crayola Colored Pencils,Office Supplies,Pens & Art Supplies,Wrap Bag,0.52
1081,4009 Highlighters by Sanford,Office Supplies,Pens & Art Supplies,Wrap Bag,0.52
1082,282,Technology,Telephones and Communication,Small Box,0.56
1083,DMI Eclipse Executive Suite Bookcases,Furniture,Bookcases,Jumbo Box,0.66
1084,Rogers Handheld Barrel Pencil Sharpener,Office Supplies,Pens & Art Supplies,Small Pack,0.58
1085,Tripp Lite Isotel 6 Outlet Surge Protector with Fax/Modem Protection,Office Supplies,Appliances,Small Box,0.56
1086,Advantus Push Pins,Office Supplies,Rubber Bands,Wrap Bag,0.44
1087,V3682,Technology,Telephones and Communication,Small Box,0.59
1088,Astroparche Fine Business Paper,Office Supplies,Paper,Small Box,0.37
1089,Xerox 1951,Office Supplies,Paper,Small Box,0.4
1090,"Imation 3.5 IBM Formatted Diskettes, 10/Box",Technology,Computer Peripherals,Small Pack,0.74
1091,Maxell 4.7GB DVD-R,Technology,Computer Peripherals,Small Pack,0.51
1092,"Electrix Architect's Clamp-On Swing Arm Lamp, Black",Furniture,Office Furnishings,Large Box,0.56
1093,Accohide Poly Flexible Ring Binders,Office Supplies,Binders and Binder Accessories,Small Box,0.35
1094,Avery File Folder Labels,Office Supplies,Labels,Small Box,0.36
1095,Balt Split Level Computer Training Table,Furniture,Tables,Jumbo Box,0.74
1096,SC-3160,Technology,Telephones and Communication,Small Box,0.59
1097,"IBM 3.5"" DS/HD IBM Formatted Diskettes, 50/Pack",Technology,Computer Peripherals,Small Pack,0.69
1098,Nu-Dell Float Frame 11 x 14 1/2,Furniture,Office Furnishings,Small Pack,0.43
1099,Regeneration Desk Collection,Furniture,Office Furnishings,Small Box,0.41
1100,Xerox 1996,Office Supplies,Paper,Small Box,0.37
1101,Verbatim 4.7GB DVD-R,Technology,Computer Peripherals,Small Pack,0.41
1102,"Advantus 10-Drawer Portable Organizer, Chrome Metal Frame, Smoke Drawers",Office Supplies,Storage & Organization,Small Box,0.57
1103,Global Leather Executive Chair,Furniture,Chairs & Chairmats,Jumbo Drum,0.55
1104,"Chromcraft 48"" x 96"" Racetrack Double Pedestal Table",Furniture,Tables,Jumbo Box,0.63
1105,"Seth Thomas 8 1/2"" Cubicle Clock",Furniture,Office Furnishings,Small Box,0.53
1106,Lumber Crayons,Office Supplies,Pens & Art Supplies,Wrap Bag,0.47
1107,"Acco Six-Outlet Power Strip, 4' Cord Length",Office Supplies,Appliances,Small Box,0.59
1108,Xerox 200,Office Supplies,Paper,Small Box,0.37
1109,Hewlett Packard 610 Color Digital Copier / Printer,Technology,Copiers and Fax,Large Box,0.4
1110,Hon Rectangular Conference Tables,Furniture,Tables,Jumbo Box,0.68
1111,"Acco PRESSTEX Data Binder with Storage Hooks, Dark Blue, 9 1/2"" X 11""",Office Supplies,Binders and Binder Accessories,Small Box,0.36
1112,"DAX Value U-Channel Document Frames, Easel Back",Furniture,Office Furnishings,Medium Box,0.54
1113,Acco Keyboard-In-A-Box,Technology,Computer Peripherals,Small Box,0.78
1114,"Post-it ÒImportant MessageÓ Note Pad, Neon Colors, 50 Sheets/Pad",Office Supplies,Paper,Wrap Bag,0.37
1115,Xerox 1963,Office Supplies,Paper,Small Box,0.4
1116,Computer Printout Index Tabs,Office Supplies,Binders and Binder Accessories,Small Box,0.37
1117,"Safco Value Mate Steel Bookcase, Baked Enamel Finish on Steel, Black",Furniture,Bookcases,Jumbo Box,0.6
1118,Advantus Rolling Storage Box,Office Supplies,Storage & Organization,Small Box,0.58
1119,"Decoflex Hanging Personal Folder File, Blue",Office Supplies,Storage & Organization,Small Box,0.58
1120,Microsoft Office Keyboard,Technology,Computer Peripherals,Small Box,0.64
1121,DAX Cubicle Frames - 8x10,Furniture,Office Furnishings,Medium Box,0.55
1122,Acco Smartsocket Color-Coded Six-Outlet AC Adapter Model Surge Protectors,Office Supplies,Appliances,Small Box,0.59
1123,"IBM Numeric Access II Keypad, 17-Key, Black",Technology,Computer Peripherals,Small Box,0.75
1124,Xerox 1981,Office Supplies,Paper,Small Box,0.4
1125,"Stacking Tray, Side-Loading, Legal, Smoke",Furniture,Office Furnishings,Small Box,0.54
1126,36X48 HARDFLOOR CHAIRMAT,Furniture,Office Furnishings,Medium Box,0.78
1127,Smead Adjustable Mobile File Trolley with Lockable Top,Office Supplies,Storage & Organization,Small Box,0.58
1128,ELITE Series,Technology,Telephones and Communication,Small Box,0.58
1129,OIC Thumb-Tacks,Office Supplies,Rubber Bands,Wrap Bag,0.38
1130,Gyration Ultra Professional Cordless Optical Suite,Technology,Computer Peripherals,Small Box,0.48
1131,Bionaire 99.97% HEPA Air Cleaner,Office Supplies,Appliances,Medium Box,0.5
1132,#6 3/4 Gummed Flap White Envelopes,Office Supplies,Envelopes,Small Box,0.37
1133,Grip Seal Envelopes,Office Supplies,Envelopes,Small Box,0.38
1134,Avery Reinforcements for Hole-Punch Pages,Office Supplies,Binders and Binder Accessories,Small Box,0.4
1135,Polycom ViewStation ISDN Videoconferencing Unit,Technology,Office Machines,Large Box,0.39
1136,"Master Big Foot Doorstop, Beige",Furniture,Office Furnishings,Wrap Bag,0.54
1137,US Robotics 56K V.92 Internal PCI Faxmodem,Technology,Computer Peripherals,Small Box,0.45
1138,Wilson Jones Turn Tabs Binder Tool for Ring Binders,Office Supplies,Binders and Binder Accessories,Small Box,0.39
1139,Xerox 19,Office Supplies,Paper,Small Box,0.4
1140,GBC Plastic Binding Combs,Office Supplies,Binders and Binder Accessories,Small Box,0.36
1141,"Computer Room Manger, 14""",Furniture,Office Furnishings,Small Box,0.49
1142,"GBC Clear Cover, 8-1/2 x 11, unpunched, 25 covers per pack",Office Supplies,Binders and Binder Accessories,Small Box,0.39
1143,"Imation 3.5"" IBM-Formatted Diskettes, 10/Pack",Technology,Computer Peripherals,Small Pack,0.68
1144,Panasonic KX-P2130 Dot Matrix Printer,Technology,Office Machines,Jumbo Drum,0.59
1145,"Sanford EarthWrite Recycled Pencils, Medium Soft, #2",Office Supplies,Pens & Art Supplies,Wrap Bag,0.57
1146,GBC DocuBind 300 Electric Binding Machine,Office Supplies,Binders and Binder Accessories,Small Box,0.37
1147,Ibico Ibimaster 300 Manual Binding System,Office Supplies,Binders and Binder Accessories,Small Box,0.4
1148,Electrix 20W Halogen Replacement Bulb for Zoom-In Desk Lamp,Furniture,Office Furnishings,Small Pack,0.37
1149,Wilson Jones Standard D-Ring Binders,Office Supplies,Binders and Binder Accessories,Small Box,0.38
1150,"Eldon 300 Class Desk Accessories, Black",Furniture,Office Furnishings,Small Box,0.41
1151,Xerox 1968,Office Supplies,Paper,Small Box,0.37
1152,Hon Deluxe Fabric Upholstered Stacking Chairs,Furniture,Chairs & Chairmats,Jumbo Drum,0.57
1153,Acme Preferred Stainless Steel Scissors,Office Supplies,"Scissors, Rulers and Trimmers",Small Pack,0.56
1154,StarTAC 7797,Technology,Telephones and Communication,Small Box,0.55
1155,Kensington 6 Outlet MasterPiece HOMEOFFICE Power Control Center,Office Supplies,Appliances,Small Box,0.56
1156,Xerox 207,Office Supplies,Paper,Small Box,0.37
1157,"Quartet Alpha White Chalk, 12/Pack",Office Supplies,Pens & Art Supplies,Wrap Bag,0.38
1158,O'Sullivan Cherrywood Estates Traditional Barrister Bookcase,Furniture,Bookcases,Jumbo Box,0.78
1159,Xerox 231,Office Supplies,Paper,Small Box,0.37
1160,Space Solutions Industrial Galvanized Steel Shelving.,Office Supplies,Storage & Organization,Large Box,0.83
1161,Staples Surge Protector 6 outlet,Office Supplies,Appliances,Small Box,0.58
1162,"Boston Model 1800 Electric Pencil Sharpener, Gray",Office Supplies,Pens & Art Supplies,Small Pack,0.55
1163,Kensington 6 Outlet SmartSocket Surge Protector,Office Supplies,Appliances,Small Box,0.6
1164,Ibico EPK-21 Electric Binding System,Office Supplies,Binders and Binder Accessories,Small Box,0.36
1165,Avery 511,Office Supplies,Labels,Small Box,0.37
1166,Xerox 215,Office Supplies,Paper,Small Box,0.37
1167,"Dixon Ticonderoga Erasable Colored Pencil Set, 12-Color",Office Supplies,Pens & Art Supplies,Wrap Bag,0.51
1168,Fellowes Mighty 8 Compact Surge Protector,Office Supplies,Appliances,Small Box,0.57
1169,"Premium Writing Pencils, Soft, #2 by Central Association for the Blind",Office Supplies,Pens & Art Supplies,Wrap Bag,0.57
1170,Xerox 1998,Office Supplies,Paper,Small Box,0.37
1171,"Adams ""While You Were Out"" Message Pads",Office Supplies,Paper,Wrap Bag,0.4
1172,"6"" Cubicle Wall Clock, Black",Furniture,Office Furnishings,Small Box,0.49
1173,"Eldon Imge Series Desk Accessories, Clear",Furniture,Office Furnishings,Small Box,0.42
1174,Fellowes Officeware Wire Shelving,Office Supplies,Storage & Organization,Large Box,0.83
1175,"Eldon Expressions Desk Accessory, Wood Photo Frame, Mahogany",Furniture,Office Furnishings,Small Box,0.56
1176,Economy Rollaway Files,Office Supplies,Storage & Organization,Small Box,0.59
1177,Alliance Rubber Bands,Office Supplies,Rubber Bands,Wrap Bag,0.81
1178,"File Shuttle II and Handi-File, Black",Office Supplies,Storage & Organization,Small Box,0.6
1179,Round Specialty Laser Printer Labels,Office Supplies,Labels,Small Box,0.38
1180,Eldon 500 Class Desk Accessories,Furniture,Office Furnishings,Wrap Bag,0.52
1181,"Sauder Camden County Barrister Bookcase, Planked Cherry Finish",Furniture,Bookcases,Jumbo Box,0.71
1182,"DAX Charcoal/Nickel-Tone Document Frame, 5 x 7",Furniture,Office Furnishings,Small Pack,0.4
1183,"Staples 10"" Round Wall Clock",Furniture,Office Furnishings,Small Box,0.41
1184,Epson LQ-870 Dot Matrix Printer,Technology,Office Machines,Jumbo Drum,0.59
1185,"Adams Telephone Message Book W/Dividers/Space For Phone Numbers, 5 1/4""X8 1/2"", 200/Messages",Office Supplies,Paper,Wrap Bag,0.4
1186,"Tenex Personal Filing Tote With Secure Closure Lid, Black/Frost",Office Supplies,Storage & Organization,Small Box,0.6
1187,Canon F603 Scientific Calculator,Technology,Office Machines,Medium Box,0.36
1188,Newell 329,Office Supplies,Pens & Art Supplies,Wrap Bag,0.59
1189,"Sanford Prismacolor Professional Thick Lead Art Pencils, 36-Color Set",Office Supplies,Pens & Art Supplies,Wrap Bag,0.46
1190,Fellowes Bankers Box Stor/Drawer Steel Plus,Office Supplies,Storage & Organization,Small Box,0.75
1191,"Adams Telephone Message Books, 5 1/4Ó x 11Ó",Office Supplies,Paper,Wrap Bag,0.38
1192,Xerox 195,Office Supplies,Paper,Small Box,0.37
1193,Eldon Advantage Foldable Chair Mats for Low Pile Carpets,Furniture,Office Furnishings,Medium Box,0.64
1194,Xerox 1954,Office Supplies,Paper,Small Box,0.4
1195,V2397,Technology,Telephones and Communication,Small Box,0.58
1196,Epson FX-980 Dot Matrix Printer,Technology,Office Machines,Jumbo Drum,0.59
1197,"Avery 3 1/2"" Diskette Storage Pages, 10/Pack",Office Supplies,Binders and Binder Accessories,Small Box,0.39
1198,Soundgear TeleForum DX Desktop Conference Phone,Technology,Office Machines,Medium Box,0.38
1199,i270,Technology,Telephones and Communication,Small Box,0.55
1200,Steel Personal Filing/Posting Tote,Office Supplies,Storage & Organization,Small Box,0.58
1201,JM Magazine Binder,Office Supplies,Binders and Binder Accessories,Small Box,0.37
1202,Xerox 1926,Office Supplies,Paper,Small Box,0.38
1203,"Message Book, Standard Line ""While You Were Out"", 5 1/2"" X 4"", 200 Sets/Book",Office Supplies,Paper,Wrap Bag,0.38
1204,Smead Alpha-Z Color-Coded Name Labels First Letter Starter Set,Office Supplies,Labels,Small Box,0.37
1205,Luxo Adjustable Task Clamp Lamp,Furniture,Office Furnishings,Large Box,0.59
1206,Sanford Pocket Accent Highlighters,Office Supplies,Pens & Art Supplies,Wrap Bag,0.42
1207,Contemporary Wood/Metal Frame,Furniture,Office Furnishings,Small Box,0.5
1208,Advantus Panel Wall Acrylic Frame,Furniture,Office Furnishings,Small Pack,0.42
1209,Avery 516,Office Supplies,Labels,Small Box,0.38
1210,Newell 332,Office Supplies,Pens & Art Supplies,Wrap Bag,0.58
1211,Acco 3-Hole Punch,Office Supplies,Binders and Binder Accessories,Small Box,0.37
1212,Fellowes 8 Outlet Superior Workstation Surge Protector w/o Phone/Fax/Modem Protection,Office Supplies,Appliances,Small Box,0.59
1213,GBC ProClick Punch Binding System,Office Supplies,Binders and Binder Accessories,Small Box,0.36
1214,GBC Poly Designer Binding Covers,Office Supplies,Binders and Binder Accessories,Small Box,0.36
1215,Southworth Structures Collection,Office Supplies,Paper,Small Box,0.35
1216,Wilson Jones Custom Binder Spines & Labels,Office Supplies,Binders and Binder Accessories,Small Box,0.36
1217,Epson FX-2180 Wide Format Dot Matrix Printer,Technology,Office Machines,Jumbo Drum,0.57
1218,Xerox 1988,Office Supplies,Paper,Small Box,0.4
1219,"Eureka The Boss Plus 12-Amp Hard Box Upright Vacuum, Red",Office Supplies,Appliances,Small Box,0.58
1220,Hewlett Packard 6S Scientific Calculator,Technology,Office Machines,Medium Box,0.39
1221,"Sanford Colorific Eraseable Coloring Pencils, 12 Count",Office Supplies,Pens & Art Supplies,Wrap Bag,0.42
1222,Newell 308,Office Supplies,Pens & Art Supplies,Wrap Bag,0.6
1223,Martin Yale Chadless Opener Electric Letter Opener,Office Supplies,"Scissors, Rulers and Trimmers",Medium Box,0.83
1224,Wilson Jones Suede Grain Vinyl Binders,Office Supplies,Binders and Binder Accessories,Small Box,0.36
1225,Honeywell Enviracaire Portable HEPA Air Cleaner for up to 10 x 16 Room,Office Supplies,Appliances,Large Box,0.46
1226,"Eldon Executive Woodline II Desk Accessories, Mahogany",Furniture,Office Furnishings,Small Box,0.58
1227,"Verbatim DVD Rewritable Disc, Single-Sided, 4.7GB",Technology,Computer Peripherals,Small Pack,0.55
1228,Kensington 4 Outlet MasterPiece Compact Power Control Center,Office Supplies,Appliances,Small Box,0.57
1229,Xerox 223,Office Supplies,Paper,Small Box,0.37
1230,"210 Trimline Phone, White",Technology,Office Machines,Medium Box,0.38
1231,Stanley Bostitch Contemporary Electric Pencil Sharpeners,Office Supplies,Pens & Art Supplies,Small Pack,0.57
1232,5170i,Technology,Telephones and Communication,Small Box,0.57
1233,"Avery Hi-Liter EverBold Pen Style Fluorescent Highlighters, 4/Pack",Office Supplies,Pens & Art Supplies,Wrap Bag,0.45
1234,Desktop 3-Pocket Hot File,Office Supplies,Storage & Organization,Small Box,0.59
1235,Lexmark 4227 Plus Dot Matrix Printer,Technology,Office Machines,Jumbo Drum,0.55
1236,6162,Technology,Telephones and Communication,Small Box,0.59
1237,Avery 482,Office Supplies,Labels,Small Box,0.38
1238,Xerox 1972,Office Supplies,Paper,Small Box,0.4
1239,"Acco Clips to Go Binder Clips, 24 Clips in Two Sizes",Office Supplies,Rubber Bands,Wrap Bag,0.38
1240,"Sony IBM Color Diskettes, 25/Pack",Technology,Computer Peripherals,Small Pack,0.61
1241,"Fellowes Mobile File Cart, Black",Office Supplies,Storage & Organization,Small Box,0.58
1242,Sterilite Officeware Hinged File Box,Office Supplies,Storage & Organization,Small Box,0.58
1243,Xerox 1883,Office Supplies,Paper,Small Box,0.39
1244,Belkin OmniView SE Rackmount Kit,Office Supplies,Storage & Organization,Large Box,0.85
1245,iDEN i550,Technology,Telephones and Communication,Small Box,0.6
1246,DAX Wood Document Frame,Furniture,Office Furnishings,Small Pack,0.49
1247,"Holmes Cool Mist Humidifier for the Whole House with 8-Gallon Output per Day, Extended Life Filter",Office Supplies,Appliances,Medium Box,0.4
1248,Okidata Pacemark 4410N Wide Format Dot Matrix Printer,Technology,Office Machines,Jumbo Box,0.57
1249,R289LX,Technology,Telephones and Communication,Small Box,0.57
1250,"Electrix Incandescent Magnifying Lamp, Black",Furniture,Office Furnishings,Large Box,0.58
1251,AT&T 1430 2.4GHz Analog Phone w/Caller ID,Technology,Office Machines,Small Box,0.54
1252,UniKeep View Case Binders,Office Supplies,Binders and Binder Accessories,Small Box,0.39
1253,"Acco PRESSTEX Data Binder with Storage Hooks, Dark Blue, 14 7/8"" X 11""",Office Supplies,Binders and Binder Accessories,Small Box,0.36
1254,"Bush Cubix Conference Tables, Fully Assembled",Furniture,Tables,Jumbo Box,0.6
1255,Logitech Cordless Keyboard,Technology,Computer Peripherals,Small Box,0.49
1256,V66,Technology,Telephones and Communication,Small Box,0.59
1257,Advantus Plastic Paper Clips,Office Supplies,Rubber Bands,Wrap Bag,0.37
1258,O'Sullivan 4-Shelf Bookcase in Odessa Pine,Furniture,Bookcases,Jumbo Box,0.68
1259,"Acco Pressboard Covers with Storage Hooks, 14 7/8"" x 11"", Executive Red",Office Supplies,Binders and Binder Accessories,Small Box,0.4
1260,Novimex High-Tech Fabric Mesh Task Chair,Furniture,Chairs & Chairmats,Jumbo Drum,0.78
1261,Xerox 209,Office Supplies,Paper,Small Box,0.37
1262,"Sanford Uni-Blazer View Highlighters, Chisel Tip, Yellow",Office Supplies,Pens & Art Supplies,Wrap Bag,0.41
