row_id,order_id,order_date_key,ship_date_key,customer_key,region_key,product_key,order_priority,ship_mode,order_quantity,sales,discount,profit,unit_price,shipping_cost,profit_margin_pct,shipping_days
1,3,20101013,20101020,1,1,1,Low,Regular Air,6,261.54,0.04,-213.25,38.94,35.0,-0.8153628508067599,7
49,293,20121001,20121002,2,1,2,High,Delivery Truck,49,10123.02,0.07,457.81,208.16,68.02,0.045224646399987356,1
50,293,20121001,20121003,2,1,3,High,Regular Air,27,244.57,0.01,46.71,8.69,2.99,0.19098826511837103,2
80,483,20110710,20110712,3,1,4,High,Regular Air,30,4965.7595,0.08,1198.97,195.99,3.99,0.24144745632566378,2
85,515,20100828,20100830,4,1,5,Not Specified,Regular Air,19,394.27,0.08,30.94,21.78,5.94,0.07847414208537297,2
86,515,20100828,20100830,4,1,6,Not Specified,Regular Air,21,146.69,0.05,4.43,6.64,4.95,0.03019974095030336,2
97,613,20110617,20110617,5,1,7,High,Regular Air,12,93.54,0.03,-54.04,7.3,7.72,-0.5777207611716912,0
98,613,20110617,20110618,5,1,8,High,Regular Air,22,905.08,0.09,127.7,42.76,6.22,0.14109250011048746,1
103,643,20110324,20110325,6,1,9,High,Express Air,21,2781.82,0.07,-695.26,138.14,35.0,-0.24992990200659998,1
107,678,20100226,20100226,7,1,10,Low,Regular Air,44,228.41,0.07,-226.36,4.98,8.33,-0.9910249113436366,0
127,807,20101123,20101124,8,1,11,Medium,Regular Air,45,196.85,0.01,-166.85,4.28,6.18,-0.8475996951993904,1
128,807,20101123,20101124,8,1,12,Medium,Regular Air,32,124.56,0.04,-14.33,3.95,2.0,-0.11504495825305074,1
134,868,20120608,20120609,9,1,5,Not Specified,Regular Air,32,716.84,0.0,134.72,21.78,5.94,0.1879359410747168,1
135,868,20120608,20120610,9,1,13,Not Specified,Regular Air,31,1474.33,0.04,114.46,47.98,3.61,0.07763526483216104,2
149,933,20120804,20120804,10,1,14,Not Specified,Regular Air,15,80.61,0.02,-4.72,5.28,2.99,-0.05855352933879171,0
160,995,20110530,20110531,8,1,15,Medium,Regular Air,46,1815.49,0.03,782.91,39.89,3.04,0.4312389492643859,1
161,998,20091125,20091126,11,1,16,Not Specified,Regular Air,16,248.26,0.07,93.8,15.74,1.39,0.37782969467493754,1
175,1154,20120214,20120216,12,1,17,Critical,Delivery Truck,44,4462.23,0.04,440.72,100.98,26.22,0.09876676011769901,2
176,1154,20120214,20120216,12,1,18,Critical,Regular Air,11,663.784,0.25,-481.04,71.37,69.0,-0.7246935750183795,2
203,1344,20120415,20120422,13,1,19,Low,Regular Air,15,834.904,0.06,-11.68,65.99,5.26,-0.01398963234096375,7
204,1344,20120415,20120419,13,1,20,Low,Regular Air,18,2480.9205,0.01,313.58,155.99,8.99,0.12639663383006428,4
213,1412,20100312,20100314,4,1,21,Not Specified,Express Air,13,59.03,0.1,26.92,3.69,0.5,0.4560393020498052,2
214,1412,20100312,20100314,4,1,22,Not Specified,Regular Air,21,97.48,0.05,-5.77,4.71,0.7,-0.05919162905211325,2
229,1539,20110309,20110311,14,1,23,Low,Regular Air,33,511.83,0.1,-172.88,15.99,13.18,-0.33776839966395095,2
230,1539,20110309,20110314,14,1,24,Low,Regular Air,38,184.99,0.05,-144.55,4.89,4.93,-0.7813935888426402,5
231,1540,20120804,20120806,15,1,25,High,Regular Air,30,80.9,0.09,5.76,2.88,0.7,0.07119901112484547,2
249,1702,20110506,20110507,16,1,26,High,Regular Air,23,67.24,0.06,4.9,2.84,0.93,0.07287328970850686,1
250,1761,20101223,20101225,14,1,27,High,Delivery Truck,25,12028.23,0.01,-547.61,449.99,49.0,-0.0455270642480232,2
256,1792,20101108,20101113,4,1,28,Low,Regular Air,28,370.48,0.04,-5.45,13.48,4.51,-0.014710645648887929,5
330,2275,20121021,20121022,17,1,29,Not Specified,Regular Air,49,278.0,0.08,41.67,6.08,1.17,0.14989208633093526,1
331,2277,20110101,20110102,15,1,30,Not Specified,Regular Air,10,66.54,0.01,-46.03,5.98,4.38,-0.6917643522693117,1
332,2277,20110101,20110103,15,1,31,Not Specified,Regular Air,21,845.32,0.06,33.67,40.99,19.99,0.03983106989069228,2
362,2532,20111010,20111011,18,1,32,High,Regular Air,39,282.07,0.03,140.01,7.31,0.49,0.49636615024639275,1
363,2532,20111010,20111011,18,1,33,High,Regular Air,24,426.037,0.01,-78.96,20.99,2.5,-0.18533601541650138,1
381,2631,20100923,20100925,19,1,34,Low,Regular Air,27,1078.49,0.08,252.66,40.96,1.99,0.23427199139537686,2
406,2757,20110719,20110719,20,1,35,Critical,Delivery Truck,39,3554.46,0.07,-1766.01,95.95,74.35,-0.4968434023733563,0
413,2791,20091009,20091009,21,1,36,High,Regular Air,47,191.67,0.0,-236.27,3.89,7.01,-1.2326916053633852,0
414,2791,20091009,20091011,21,1,37,High,Delivery Truck,49,5586.33,0.09,80.44,120.98,30.0,0.014399435765520475,2
415,2791,20091009,20091010,21,1,38,High,Regular Air,18,507.64,0.1,118.94,30.98,5.76,0.2342998975652037,1
440,2976,20101209,20101211,22,1,39,Not Specified,Delivery Truck,30,14223.82,0.09,3424.22,500.98,26.0,0.24073842329275819,2
471,3232,20121008,20121010,23,1,40,Critical,Regular Air,5,42.66,0.06,-11.83,7.84,4.71,-0.27730895452414445,2
513,3524,20120502,20120503,24,1,41,High,Regular Air,21,427.32,0.0,52.35,18.97,9.03,0.12250772254984556,1
577,3908,20100308,20100308,25,1,42,Medium,Regular Air,8,820.284,0.0,-180.2,115.99,2.5,-0.2196800132636989,0
606,4132,20110528,20110530,26,1,43,Not Specified,Regular Air,5,14.76,0.01,1.32,2.88,0.5,0.08943089430894309,2
656,4612,20100919,20100921,13,1,44,Medium,Regular Air,9,89.55,0.06,-375.64,4.48,49.0,-4.194751535455053,2
669,4676,20110831,20110901,16,1,45,High,Regular Air,11,1210.0515,0.04,-104.25,125.99,7.69,-0.08615335793559199,1
670,4676,20110831,20110902,16,1,46,High,Regular Air,50,187.83,0.03,85.96,3.75,0.5,0.4576478730767182,2
671,4676,20110831,20110902,16,1,47,High,Express Air,3,49.59,0.07,-8.38,12.28,6.47,-0.16898568259729785,2
672,4676,20110831,20110901,16,1,20,High,Regular Air,30,4253.009,0.01,1115.69,155.99,8.99,0.26232956478577873,1
734,5284,20110708,20110710,16,1,3,Not Specified,Regular Air,7,59.38,0.1,-3.05,8.69,2.99,-0.05136409565510272,2
735,5316,20090130,20090201,3,1,48,Critical,Regular Air,42,1285.37,0.1,514.07,31.78,1.99,0.39993931708379693,2
755,5409,20120108,20120113,27,1,49,Low,Regular Air,11,48.91,0.01,-7.04,3.98,2.97,-0.143937845021468,5
769,5506,20101107,20101108,28,1,50,Critical,Regular Air,22,129.62,0.05,4.41,5.88,3.04,0.0340225273877488,1
782,5569,20100429,20100501,29,1,51,Not Specified,Regular Air,12,118.97,0.09,-0.06,9.65,6.22,-0.0005043288223921997,2
786,5607,20111231,20120103,30,1,52,Not Specified,Regular Air,8,61.8715,0.0,-50.33,7.99,5.03,-0.8134601553219172,3
817,5894,20090812,20090813,31,1,53,High,Regular Air,7,384.33,0.1,87.68,58.1,1.49,0.22813727786017227,1
818,5894,20090812,20090815,31,1,54,High,Regular Air,3,239.03,0.01,-68.22,80.48,4.5,-0.28540350583608753,3
821,5925,20111112,20111119,32,1,55,Low,Regular Air,44,3922.42,0.08,-354.9,92.23,39.61,-0.0904798568230837,7
822,5925,20111112,20111119,32,1,56,Low,Regular Air,25,1733.3625,0.07,-267.01,85.99,0.99,-0.15404163872242535,7
839,6016,20120120,20120120,33,1,57,High,Regular Air,19,208.28,0.07,3.63,11.48,5.43,0.017428461686191665,0
853,6116,20090320,20090322,34,1,58,Medium,Regular Air,6,9620.82,0.04,-1759.58,1637.53,24.49,-0.182892934282109,2
863,6182,20120721,20120728,17,1,59,Low,Regular Air,40,255.48,0.04,-116.79,6.48,6.65,-0.45713950211366844,7
864,6182,20120721,20120725,17,1,60,Low,Express Air,18,130.32,0.04,-67.28,6.48,7.86,-0.516267648864334,4
911,6535,20120612,20120615,35,1,61,Critical,Express Air,11,312.36,0.07,-19.33,28.15,8.99,-0.061883723908310914,3
950,6884,20090115,20090120,33,1,62,Low,Regular Air,41,217.0,0.01,-61.21,4.98,4.75,-0.282073732718894,5
951,6884,20090115,20090120,33,1,63,Low,Regular Air,47,296.13,0.04,119.09,6.35,1.02,0.4021544591902205,5
956,6916,20100604,20100608,36,1,64,Low,Express Air,40,436.17,0.08,-141.27,10.9,7.46,-0.323887475067061,4
963,6980,20100218,20100219,37,1,7,Not Specified,Regular Air,18,136.29,0.05,-77.28,7.3,7.72,-0.5670261941448382,1
964,6982,20111116,20111118,25,1,65,Not Specified,Express Air,32,1311.25,0.0,407.44,39.48,1.99,0.3107264061010486,2
965,6982,20111116,20111118,25,1,66,Not Specified,Delivery Truck,5,544.41,0.09,-338.27,100.98,57.38,-0.6213515548942893,2
966,6982,20111116,20111118,25,1,67,Not Specified,Regular Air,41,844.09,0.04,52.56,19.98,10.49,0.0622682415382246,2
988,7110,20110807,20110811,17,1,68,Low,Regular Air,22,6396.2,0.02,1902.24,276.2,24.49,0.297401582189425,4
1017,7430,20100608,20100609,34,1,69,Medium,Regular Air,50,751.77,0.05,353.2,15.67,1.39,0.4698245474014659,1
1073,7906,20091017,20091017,38,1,70,Medium,Regular Air,37,1003.06,0.03,271.78,25.98,5.37,0.2709508902757562,0
1154,8391,20110828,20110829,12,1,71,High,Delivery Truck,4,1266.72,0.04,-268.36,300.98,64.73,-0.21185423771630668,1
1156,8419,20110929,20111001,24,1,72,Critical,Express Air,19,368.04,0.07,70.39,19.98,5.97,0.1912563851755244,2
1157,8419,20110929,20110930,24,1,73,Critical,Regular Air,24,152.6,0.1,-86.62,6.48,7.03,-0.5676277850589778,1
1205,8833,20120504,20120508,24,1,74,Low,Regular Air,40,3338.98,0.0,-846.73,80.98,35.0,-0.2535894195233275,4
1226,8995,20110517,20110518,38,1,75,High,Express Air,5,24.16,0.08,8.05,1.88,1.49,0.3331953642384106,1
1227,8995,20110517,20110518,38,2,76,High,Express Air,41,270.84,0.1,-78.02,6.48,5.86,-0.28806675527987,1
1228,8995,20110517,20110518,38,2,77,High,Express Air,35,3389.93,0.08,737.94,102.3,21.26,0.21768591091851458,1
1229,8995,20110517,20110518,38,2,78,High,Regular Air,42,266.36,0.07,-191.28,6.48,8.19,-0.7181258447214296,1
1230,8995,20110517,20110519,38,2,79,High,Regular Air,46,89.41,0.01,-21.49,1.89,0.76,-0.24035342802818477,2
1258,9126,20091117,20091118,12,2,80,Medium,Regular Air,47,2799.7,0.04,884.08,62.05,3.99,0.3157766903596814,1
1259,9127,20111010,20111012,39,2,81,Not Specified,Express Air,7,2039.56,0.04,-329.49,279.48,35.0,-0.16154954990292025,2
1299,9509,20121007,20121008,32,2,82,Not Specified,Delivery Truck,36,12175.82,0.02,2825.15,320.98,58.95,0.23202954708594575,1
1300,9509,20121007,20121008,32,2,83,Not Specified,Express Air,5,101.21,0.1,2.13,18.97,5.21,0.021045351249876495,1
1301,9509,20121007,20121007,32,2,84,Not Specified,Regular Air,32,1585.64,0.02,707.15,48.91,5.81,0.44597134280164474,0
1337,9763,20110813,20110816,18,2,85,Medium,Regular Air,44,176.26,0.07,75.13,4.13,0.5,0.4262453194145013,3
1370,9927,20110816,20110817,17,2,86,High,Delivery Truck,32,4655.07,0.0,-270.63,140.98,53.48,-0.05813661233880479,1
1371,9927,20110816,20110817,17,2,87,High,Regular Air,44,10087.6,0.01,3387.35,218.08,18.06,0.3357934493834014,1
1372,9927,20110816,20110817,17,2,88,High,Express Air,34,1608.08,0.09,-82.16,50.98,6.5,-0.05109198547335953,1
1380,10022,20090304,20090304,40,2,89,Low,Regular Air,1,12.18,0.06,-3.88,10.14,2.27,-0.3185550082101806,0
1445,10437,20090818,20090820,27,2,23,Critical,Regular Air,50,820.52,0.01,-191.22,15.99,13.18,-0.23304733583581144,2
1457,10499,20101116,20101117,41,2,90,Not Specified,Delivery Truck,29,6250.936,0.01,31.21,262.11,62.74,0.004992852270443979,1
1462,10535,20110527,20110529,41,2,91,Low,Regular Air,25,854.88,0.09,-44.14,33.98,19.99,-0.05163297772786824,2
1463,10535,20110527,20110603,41,2,92,Low,Regular Air,46,80.27,0.09,-0.79,1.76,0.7,-0.009841783979070637,7
1495,10789,20100823,20100824,42,2,93,Not Specified,Express Air,15,308.54,0.0,76.42,19.84,4.1,0.24768263434238671,1
1496,10791,20110819,20110821,43,2,94,Not Specified,Regular Air,20,400.57,0.05,93.36,19.98,5.77,0.23306787827346032,2
1513,10945,20120103,20120105,37,2,95,Medium,Regular Air,14,1170.025,0.04,4.22,95.99,8.99,0.003606760539304715,2
1544,11137,20121129,20121130,11,2,96,High,Regular Air,48,5188.86,0.1,395.12,111.03,8.64,0.07614774728938534,1
1551,11202,20120317,20120318,34,2,97,Medium,Regular Air,8,339.81,0.05,79.59,43.41,2.99,0.23421912245078133,1
1589,11456,20100412,20100419,41,2,98,Low,Regular Air,15,1519.9,0.09,399.37,105.34,24.49,0.2627607079413119,7
1590,11460,20100824,20100826,5,2,99,High,Regular Air,30,102.24,0.09,37.79,3.69,0.5,0.3696205007824726,2
1594,11495,20110704,20110705,44,2,100,High,Delivery Truck,6,965.69,0.0,-144.2,146.34,43.75,-0.14932328179850674,1
1654,11911,20101110,20101112,22,2,101,Critical,Regular Air,25,397.84,0.0,-14.75,15.22,9.73,-0.03707520611301026,2
1655,11941,20100624,20100625,42,2,102,Critical,Regular Air,4,73.07,0.08,-41.01,15.7,11.25,-0.5612426440399617,1
1656,11941,20100624,20100625,42,2,103,Critical,Delivery Truck,26,4679.1,0.05,111.52,179.29,29.21,0.02383364322198713,1
1675,12096,20120919,20120919,30,2,104,Medium,Regular Air,46,8009.5925,0.02,2332.4,200.99,8.08,0.2912008320023772,0
1676,12096,20120919,20120921,30,2,105,Medium,Regular Air,23,4689.66,0.01,2176.19,194.3,11.54,0.464040037017609,2
1710,12289,20111224,20111228,44,2,106,Low,Regular Air,25,3019.41,0.04,1269.05,120.97,7.11,0.420297342858373,4
1718,12352,20120323,20120324,45,2,107,Medium,Regular Air,5,36.86,0.07,-32.82,5.81,8.49,-0.8903960933260988,1
1727,12419,20111015,20111017,12,2,108,Critical,Regular Air,12,22079.47,0.06,5322.14,1938.02,13.99,0.24104473522235814,2
1745,12485,20100807,20100808,21,2,109,Critical,Delivery Truck,24,5407.31,0.04,1068.48,226.67,28.16,0.19759917593036092,1
1751,12544,20090303,20090310,13,2,110,Low,Regular Air,34,74.3,0.08,-129.01,2.08,5.33,-1.7363391655450875,7
1770,12704,20100209,20100209,4,2,111,Low,Regular Air,44,21506.77,0.06,1260.51,499.99,24.49,0.05860991678434279,0
1771,12704,20100209,20100211,4,2,112,Low,Delivery Truck,28,669.02,0.02,-1274.02,20.98,53.03,-1.9043077934889838,2
1781,12771,20090117,20090117,4,2,113,Critical,Regular Air,40,1143.49,0.08,-193.44,30.53,19.99,-0.16916632414800303,0
1782,12771,20090117,20090119,4,2,114,Critical,Regular Air,46,78.08,0.01,-43.1,1.68,1.57,-0.5519979508196722,2
1806,12929,20100830,20100831,13,2,115,Critical,Delivery Truck,19,5297.47,0.02,-158.93,270.98,50.0,-0.030001113739200034,1
1807,12929,20100830,20100831,13,2,116,Critical,Regular Air,20,95.3,0.0,29.68,4.48,1.22,0.31143756558237146,1
1842,13280,20090911,20090912,17,2,64,High,Regular Air,40,460.68,0.01,-116.76,10.9,7.46,-0.2534514196405314,1
1843,13280,20090911,20090912,17,2,52,High,Regular Air,49,318.7585,0.1,-160.95,7.99,5.03,-0.5049277117316087,1
1848,13313,20090716,20090717,33,2,117,Not Specified,Regular Air,47,1020.61,0.04,-209.61,21.66,13.99,-0.20537717639450917,1
1855,13346,20121115,20121120,41,2,118,Low,Regular Air,44,268.34,0.09,-240.83,6.48,8.88,-0.8974808079302379,5
1913,13702,20110910,20110914,17,2,119,Low,Regular Air,6,209.0,0.08,12.32,35.44,7.5,0.05894736842105263,4
1928,13795,20110410,20110413,1,2,23,Not Specified,Regular Air,30,501.32,0.04,-119.08,15.99,13.18,-0.2375329131093912,3
1929,13795,20110410,20110413,1,2,120,Not Specified,Express Air,23,275.16,0.05,43.35,11.34,5.01,0.1575447012647187,3
1930,13795,20110410,20110411,1,2,121,Not Specified,Regular Air,37,1302.99,0.02,545.49,35.44,5.09,0.41864480924642555,1
1978,14116,20111009,20111011,41,2,122,High,Regular Air,1,40.1,0.09,-16.07,30.98,11.63,-0.40074812967581047,2
1979,14116,20111009,20111010,41,2,123,High,Regular Air,42,1414.05,0.09,161.48,34.54,14.72,0.11419681057954104,1
2013,14372,20121023,20121025,28,2,124,Critical,Delivery Truck,34,5350.61,0.09,-1059.2,170.98,60.49,-0.19795873741498635,2
2058,14726,20120108,20120108,37,2,125,Low,Regular Air,15,310.87,0.07,-21.48,20.95,4.0,-0.06909640685817223,0
2070,14819,20100125,20100127,5,2,126,Not Specified,Regular Air,48,9062.73,0.09,3122.78,207.48,0.99,0.34457387564232855,2
2071,14819,20100125,20100126,5,2,127,Not Specified,Delivery Truck,27,1584.1,0.07,-478.22,58.14,36.61,-0.30188750710182444,1
2114,15106,20110127,20110129,7,2,6,Not Specified,Regular Air,42,283.58,0.03,-14.23,6.64,4.95,-0.05017984343042528,2
2115,15106,20110127,20110127,7,2,128,Not Specified,Delivery Truck,39,5403.37,0.06,948.79,145.45,17.85,0.17559226926899324,0
2116,15106,20110127,20110129,7,2,129,Not Specified,Regular Air,35,82.15,0.03,-6.33,2.21,1.12,-0.07705416920267802,2
2117,15108,20090827,20090829,40,2,130,High,Regular Air,50,2066.16,0.02,372.36,40.99,17.48,0.18021837611801605,2
2129,15205,20110317,20110319,20,2,131,Critical,Delivery Truck,18,4605.36,0.02,678.26,243.98,43.32,0.14727621727725954,2
2130,15205,20110317,20110318,20,2,132,Critical,Regular Air,42,1753.51,0.02,155.72,39.98,9.2,0.08880474020678525,1
2161,15591,20120606,20120608,23,2,133,Critical,Regular Air,31,426.34,0.0,73.53,12.58,5.16,0.17246798329971386,2
2206,15907,20110411,20110413,46,2,134,High,Delivery Truck,36,1837.44,0.01,-1414.41,48.58,54.11,-0.7697720741901777,2
2207,15907,20110411,20110414,46,2,135,High,Express Air,36,3722.29,0.04,950.68,105.98,13.99,0.2554019165621163,3
2208,15907,20110411,20110412,46,2,136,High,Regular Air,4,28.05,0.09,-5.41,7.04,2.17,-0.1928698752228164,1
2209,15937,20121106,20121110,6,2,137,Low,Regular Air,32,311.44,0.04,74.07,9.78,1.99,0.23783072180837397,4
2210,15937,20121106,20121115,6,2,138,Low,Express Air,17,215.65,0.01,77.38,12.22,2.85,0.35882216554602364,9
2221,16039,20120516,20120517,30,2,139,High,Regular Air,3,121.12,0.1,-118.82,43.98,1.99,-0.9810105680317041,1
2246,16193,20120409,20120411,29,2,140,Not Specified,Regular Air,8,300.2,0.0,6.41,34.76,8.22,0.021352431712191873,2
2247,16193,20120409,20120411,29,2,141,Not Specified,Regular Air,29,1364.8025,0.07,-183.68,55.99,5.0,-0.13458357527920706,2
2281,16423,20120805,20120807,39,2,142,Medium,Regular Air,19,128.21,0.05,-55.13,6.48,6.57,-0.4299976600889166,2
2283,16451,20090722,20090723,27,2,143,Not Specified,Regular Air,9,252.79,0.09,58.23,30.56,2.99,0.23034930179200125,1
2294,16545,20100509,20100511,4,2,144,Not Specified,Regular Air,10,50.97,0.09,4.45,5.16,0.73,0.08730625858348048,2
2295,16545,20100509,20100511,4,2,145,Not Specified,Regular Air,1,4.99,0.04,-3.06,3.68,1.32,-0.6132264529058116,2
2296,16547,20090218,20090220,24,2,146,Not Specified,Delivery Truck,30,10554.63,0.09,1240.25,355.98,58.92,0.11750767198850173,2
2297,16547,20090218,20090218,24,2,147,Not Specified,Delivery Truck,8,1749.64,0.04,-533.23,218.75,69.64,-0.30476555177064996,0
2316,16706,20120627,20120628,28,2,148,High,Regular Air,47,1943.72,0.03,-1003.58,41.47,34.2,-0.5163192229333443,1
2317,16706,20120627,20120628,28,2,149,High,Regular Air,6,18.37,0.01,-4.06,2.78,1.2,-0.221012520413718,1
2318,16706,20120627,20120629,28,2,150,High,Express Air,49,6175.777,0.07,1881.58,155.99,3.9,0.30467097500444074,2
2323,16741,20100930,20101001,24,2,151,Medium,Regular Air,6,157.97,0.01,-42.38,22.84,16.87,-0.2682787871114769,1
2346,16932,20100415,20100416,4,2,152,Critical,Regular Air,25,144.84,0.09,-120.99,5.78,8.09,-0.8353355426677713,1
2347,16932,20100415,20100415,4,2,153,Critical,Regular Air,20,127.16,0.09,12.88,6.7,1.56,0.10128971374646116,0
2383,17283,20110914,20110915,7,2,154,Not Specified,Delivery Truck,4,5472.12,0.06,-2816.34,1360.14,14.7,-0.514670730905024,1
2384,17286,20100921,20100922,1,2,115,High,Delivery Truck,7,1810.67,0.09,-541.87,270.98,50.0,-0.29926491298800995,1
2402,17409,20100817,20100819,1,2,155,Not Specified,Regular Air,31,633.56,0.09,-158.87,20.97,6.5,-0.2507576235873477,2
2445,17764,20090916,20090916,15,2,151,Low,Regular Air,27,644.4,0.04,-97.28,22.84,16.87,-0.15096213531967723,0
2483,18080,20090622,20090623,12,2,156,High,Delivery Truck,7,1211.98,0.1,-80.83,180.98,26.2,-0.06669251967854255,1
2487,18113,20120828,20120830,47,2,157,Not Specified,Delivery Truck,27,3316.08,0.08,-514.32,130.98,30.0,-0.15509879134399654,2
2489,18144,20110607,20110609,25,2,158,Critical,Regular Air,48,207.08,0.09,-131.82,4.28,5.17,-0.6365655785203785,2
2490,18144,20110607,20110609,25,2,159,Critical,Regular Air,8,234.28,0.09,-65.42,28.28,13.99,-0.27923851801263444,2
2491,18144,20110607,20110609,25,2,160,Critical,Regular Air,41,1779.8915,0.09,-250.17,55.99,5.0,-0.1405535112674003,2
2520,18308,20091009,20091011,31,2,161,Not Specified,Regular Air,30,114.12,0.05,15.73,3.8,1.49,0.13783736417805817,2
2521,18308,20091009,20091009,31,2,162,Not Specified,Regular Air,15,436.05,0.09,-92.58,30.73,4.0,-0.21231510147918817,0
2522,18308,20091009,20091010,31,2,163,Not Specified,Regular Air,49,5247.4835,0.0,1465.87,125.99,8.08,0.2793472337740557,1
2615,18887,20101205,20101207,3,2,164,Not Specified,Regular Air,9,173.417,0.0,18.23,20.99,0.99,0.10512233518051864,2
2624,19010,20090607,20090609,17,2,165,Low,Regular Air,18,23792.93,0.0,10951.31,1270.99,19.99,0.4602758046192713,2
2637,19078,20090727,20090728,44,2,166,Critical,Regular Air,21,256.12,0.03,-18.19,11.97,4.98,-0.07102139622052163,1
2643,19138,20110905,20110910,9,2,167,Low,Express Air,30,387.0,0.01,-31.45,12.28,6.13,-0.08126614987080104,5
2726,19655,20090111,20090112,18,2,168,High,Regular Air,31,1143.45,0.06,304.42,39.24,1.99,0.26622939350212077,1
2727,19686,20100815,20100815,18,2,169,Medium,Regular Air,2,42.31,0.06,-53.08,17.98,8.51,-1.2545497518317181,0
2728,19686,20100815,20100817,18,2,170,Medium,Regular Air,11,152.67,0.04,12.76,12.95,4.98,0.08357896115805333,2
2768,20007,20090805,20090806,24,2,114,Not Specified,Regular Air,49,82.61,0.08,-46.25,1.68,1.57,-0.559859581164508,1
2782,20071,20110917,20110919,48,2,171,Medium,Delivery Truck,31,789.94,0.1,-190.41,25.98,14.36,-0.2410436235663468,2
2796,20160,20111022,20111024,49,2,172,Low,Express Air,42,435.24,0.08,174.89,10.31,1.79,0.4018242808565389,2
2811,20263,20091114,20091115,50,2,173,Medium,Regular Air,8,473.7,0.05,72.51,59.78,10.29,0.15307156428119065,1
2812,20263,20091114,20091116,50,2,174,Medium,Regular Air,33,553.5625,0.08,-76.86,20.99,1.25,-0.13884611042113582,2
2935,21285,20100703,20100704,35,2,114,Medium,Regular Air,32,54.78,0.02,-30.54,1.68,1.57,-0.5575027382256298,1
2936,21285,20100703,20100705,35,2,175,Medium,Regular Air,47,304.83,0.1,23.82,7.08,2.35,0.07814191516583013,2
2956,21383,20090130,20090204,51,2,176,Low,Regular Air,31,16066.85,0.07,7416.43,574.74,24.49,0.46159825977089475,5
2999,21607,20120315,20120317,52,2,177,Not Specified,Regular Air,17,618.9,0.09,54.92,36.55,13.89,0.08873808369688158,2
3006,21636,20090810,20090810,53,2,178,Low,Regular Air,35,1665.0395,0.02,366.51,55.99,3.3,0.22012090403861287,0
3052,21889,20100401,20100408,47,2,179,Low,Regular Air,21,1049.79,0.08,135.79,51.75,19.99,0.12934967945970147,7
3053,21889,20100401,20100403,47,2,180,Low,Regular Air,16,817.18,0.1,103.38,55.29,5.08,0.12650823563963876,2
3089,22151,20100731,20100731,28,2,51,High,Regular Air,49,465.83,0.1,-79.72,9.65,6.22,-0.1711353927398407,0
3110,22342,20090529,20090605,10,2,181,Low,Regular Air,13,241.706,0.0,-92.96,20.99,3.3,-0.38459947208592254,7
3135,22469,20101011,20101013,54,2,52,High,Regular Air,44,275.91,0.1,-162.37,7.99,5.03,-0.5884890000362437,2
3138,22501,20100518,20100519,18,2,182,High,Express Air,2,30.83,0.04,7.27,7.64,1.39,0.23580927667855983,1
3140,22532,20110208,20110208,4,2,183,Critical,Regular Air,13,121.66,0.03,-11.8,8.85,5.6,-0.09699161597895777,0
3244,23264,20101207,20101209,3,2,184,Critical,Regular Air,16,108.42,0.02,-50.82,6.48,6.81,-0.46873270614277807,2
3245,23264,20101207,20101209,3,2,185,Critical,Regular Air,27,78.47,0.06,17.99,2.88,0.99,0.22925958965209633,2
3284,23488,20090106,20090107,20,2,186,Critical,Delivery Truck,30,26133.39,0.04,-11053.6,880.98,44.55,-0.4229684706040816,1
3300,23584,20120312,20120314,18,2,187,Critical,Delivery Truck,14,2671.21,0.06,636.18,200.97,15.59,0.23816173194919155,2
3355,24007,20100826,20100902,32,2,188,Low,Regular Air,26,531.66,0.08,135.65,20.89,1.99,0.25514426513185123,7
3356,24007,20100826,20100902,32,2,189,Low,Regular Air,28,317.85,0.06,-13.95,11.58,6.97,-0.04388862671071259,7
3357,24007,20100826,20100830,32,2,85,Low,Regular Air,42,163.08,0.09,66.17,4.13,0.5,0.40575177826833453,4
3359,24038,20110620,20110622,54,2,149,High,Regular Air,38,103.07,0.1,-0.95,2.78,1.34,-0.009217036965169302,2
3371,24097,20100804,20100804,43,2,190,High,Regular Air,1,17.19,0.0,-35.34,14.48,1.99,-2.055846422338569,0
3372,24097,20100804,20100806,43,2,191,High,Regular Air,27,2689.48,0.04,399.93,99.99,19.99,0.14870160774573524,2
3373,24097,20100804,20100806,43,2,192,High,Regular Air,2,15.31,0.01,-8.15,4.98,4.86,-0.5323318092749837,2
3380,24128,20101123,20101125,21,2,193,High,Regular Air,13,270.63,0.1,7.07,21.98,8.32,0.026124228651664635,2
3381,24128,20101123,20101125,21,2,194,High,Regular Air,43,6583.913,0.09,1459.79,195.99,3.99,0.22172073051390565,2
3406,24294,20090802,20090803,46,2,187,Not Specified,Delivery Truck,24,4865.72,0.03,1951.3,200.97,15.59,0.4010300633821921,1
3418,24387,20110810,20110811,50,2,195,Critical,Regular Air,23,1003.31,0.01,51.9,40.97,14.45,0.05172877774566186,1
3419,24387,20110810,20110810,50,2,196,Critical,Delivery Truck,17,6048.18,0.04,1418.36,349.45,60.0,0.23451021629647262,0
3434,24515,20100506,20100508,21,2,197,Critical,Delivery Truck,41,3051.27,0.1,121.48,80.97,33.6,0.03981293035359047,2
3478,24743,20120628,20120705,12,2,198,Low,Delivery Truck,47,9633.59,0.06,176.67,216.6,64.2,0.018338957750952654,7
3479,24743,20120628,20120703,12,2,199,Low,Regular Air,26,3758.77,0.0,753.61,140.81,24.49,0.20049377854989797,5
3493,24871,20110323,20110324,14,2,200,Medium,Regular Air,6,143.78,0.04,75.3,22.72,8.99,0.5237167895395743,1
3552,25318,20111119,20111121,20,2,67,Critical,Express Air,22,440.92,0.05,-65.18,19.98,10.49,-0.14782727025310716,2
3560,25377,20121126,20121203,27,2,201,Low,Delivery Truck,3,4343.51,0.09,-3755.03,1500.97,29.7,-0.8645151041438837,7
3591,25634,20100729,20100801,55,2,125,Not Specified,Regular Air,29,593.32,0.03,28.99,20.95,4.0,0.04886064855390008,3
3592,25634,20100729,20100730,55,2,202,Not Specified,Express Air,26,626.07,0.03,185.32,23.99,6.71,0.29600523903077924,1
3602,25733,20120512,20120517,21,2,203,Low,Regular Air,24,557.23,0.09,-42.99,24.92,12.98,-0.07714947149292034,5
3604,25767,20120303,20120303,31,2,65,High,Regular Air,7,261.88,0.08,-59.2,39.48,1.99,-0.22605773636780205,0
3605,25767,20120303,20120304,31,2,204,High,Regular Air,15,593.73,0.04,108.01,38.76,13.26,0.18191770670169943,1
3641,26023,20100820,20100821,56,2,205,High,Regular Air,49,120.77,0.03,19.86,2.47,1.02,0.16444481245342388,1
3643,26051,20100627,20100629,16,2,206,Not Specified,Delivery Truck,22,795.74,0.0,-127.39,33.94,19.19,-0.1600899791389147,2
3644,26051,20100627,20100628,16,2,207,Not Specified,Regular Air,31,251.75,0.07,22.46,8.33,1.99,0.0892154915590864,1
3649,26116,20121029,20121030,4,2,41,Critical,Regular Air,36,697.41,0.04,81.71,18.97,9.03,0.11716207109161038,1
3658,26182,20100116,20100119,41,2,208,Not Specified,Delivery Truck,30,4684.9,0.01,-549.27,150.98,66.27,-0.11724263057909454,3
3666,26272,20120629,20120708,9,2,199,Low,Express Air,6,905.94,0.04,-4.19,140.81,24.49,-0.004625030355211162,9
3688,26370,20110808,20110810,53,2,209,Not Specified,Regular Air,12,270.23,0.08,52.02,22.84,5.47,0.19250268289975206,2
3689,26370,20110808,20110810,53,2,210,Not Specified,Express Air,20,660.27,0.09,63.83,34.76,5.49,0.0966725733412089,2
3711,26499,20100221,20100222,12,2,211,Medium,Regular Air,11,32.4,0.05,8.78,2.88,0.5,0.27098765432098765,1
3716,26531,20110620,20110622,30,2,212,Medium,Regular Air,26,4688.9485,0.0,1215.44,205.99,5.26,0.2592137661567407,2
3719,26567,20090904,20090904,12,2,213,Critical,Regular Air,8,50.7,0.08,-44.07,5.4,7.78,-0.8692307692307691,0
3720,26567,20090904,20090907,12,2,214,Critical,Express Air,10,90.06,0.09,-100.51,8.46,8.99,-1.1160337552742616,3
3721,26567,20090904,20090905,12,2,215,Critical,Regular Air,22,338.52,0.21,-17.75,14.98,8.99,-0.052434125014770176,1
3722,26567,20090904,20090905,12,2,216,Critical,Regular Air,48,6109.817,0.04,1374.95,155.99,8.08,0.22503947335902205,1
3760,26854,20090621,20090622,57,2,217,Not Specified,Regular Air,1,34.11,0.02,-12.95,25.38,8.99,-0.37965406039284666,1
3805,27109,20120208,20120210,2,2,218,Critical,Regular Air,48,538.22,0.01,-154.66,10.97,6.5,-0.28735461335513357,2
3806,27111,20090311,20090314,52,2,219,High,Regular Air,11,1064.23,0.06,-127.56,99.99,19.99,-0.11986130817586424,3
3807,27111,20090311,20090312,52,2,220,High,Regular Air,18,3497.05,0.0,282.18,193.17,19.99,0.08069086801732889,1
3808,27111,20090311,20090311,52,2,181,High,Express Air,44,774.0525,0.08,-96.34,20.99,3.3,-0.12446184205851671,0
3821,27264,20110604,20110606,58,2,221,Low,Regular Air,3,74.05,0.02,44.54,19.99,11.17,0.6014854827819042,2
3841,27392,20120302,20120311,29,2,222,Low,Regular Air,37,5753.85,0.0,2509.52,150.98,13.99,0.4361462325225718,9
3860,27553,20110812,20110814,13,2,223,Medium,Delivery Truck,48,18235.47,0.03,1166.93,370.98,99.0,0.06399231826763993,2
3861,27553,20110812,20110814,13,2,224,Medium,Regular Air,16,2631.107,0.0,297.11,179.99,13.99,0.11292205144070538,2
3863,27555,20090901,20090903,37,2,225,Critical,Regular Air,32,209.42,0.1,65.41,6.74,1.72,0.31233884060739187,2
3873,27680,20100126,20100127,40,2,226,Critical,Regular Air,32,324.4,0.1,-46.98,10.89,4.5,-0.14482120838471024,1
3874,27680,20100126,20100127,40,2,227,Critical,Regular Air,19,137.02,0.01,-46.89,6.48,6.6,-0.34221281564735073,1
3891,27778,20110902,20110904,59,2,228,Critical,Regular Air,1,232.67,0.02,-105.14,223.98,15.01,-0.45188464348648305,2
3892,27778,20110902,20110904,59,2,229,Critical,Delivery Truck,34,4805.92,0.07,-393.96,140.98,36.09,-0.08197389885807503,2
3914,27909,20120207,20120209,6,2,230,Critical,Regular Air,1,62.26,0.09,-23.24,54.96,10.75,-0.3732733697398008,2
3915,27909,20120207,20120210,6,2,231,Critical,Regular Air,47,58.53,0.07,-24.86,1.26,0.7,-0.4247394498547753,3
3929,28003,20110319,20110321,56,2,232,Critical,Regular Air,31,157.79,0.09,-95.92,4.98,6.07,-0.607896571392357,2
3936,28035,20110508,20110510,15,2,233,Not Specified,Regular Air,19,376.21,0.03,89.56,18.99,5.23,0.23805853113952316,2
3947,28135,20090925,20090927,60,2,234,Critical,Regular Air,37,1601.24,0.08,520.69,46.89,5.1,0.3251792360920287,2
3948,28135,20090925,20090925,60,2,235,Critical,Regular Air,40,501.31,0.05,38.23,12.98,3.14,0.07626019828050506,0
3952,28165,20120709,20120711,17,2,236,Not Specified,Regular Air,2,24.96,0.05,-12.8,10.91,2.99,-0.5128205128205129,2
3963,28289,20100114,20100115,14,2,62,High,Regular Air,31,166.76,0.01,-46.03,4.98,4.75,-0.2760254257615735,1
3992,28486,20090826,20090827,9,2,237,High,Regular Air,2,811.13,0.08,-517.47,415.88,11.37,-0.6379618556828129,1
4017,28675,20091008,20091009,37,2,238,Critical,Regular Air,15,822.8425,0.1,4.39,65.99,5.92,0.00533516438443566,1
4050,28870,20111110,20111113,61,2,42,High,Regular Air,35,3310.9455,0.05,822.4,115.99,2.5,0.24838826250688814,3
4051,28871,20120415,20120415,10,2,239,High,Regular Air,10,55.02,0.08,-56.12,5.02,5.14,-1.019992729916394,0
4075,29030,20120102,20120103,59,2,93,Medium,Regular Air,10,192.58,0.05,24.6,19.84,4.1,0.1277391214040918,1
4082,29095,20110308,20110309,40,2,240,Not Specified,Regular Air,40,291.67,0.01,54.46,6.75,2.99,0.1867178660815305,1
4118,29287,20090702,20090704,22,2,241,High,Regular Air,50,281.39,0.1,-106.4,5.74,5.01,-0.37812288993923027,2
4119,29287,20090702,20090704,22,2,242,High,Delivery Truck,49,12593.91,0.09,2699.67,270.97,28.06,0.21436313265697468,2
4164,29510,20110415,20110417,15,2,243,Critical,Delivery Truck,22,6123.94,0.01,1292.44,260.98,41.91,0.2110471363207347,2
4193,29795,20111125,20111126,17,2,244,High,Regular Air,49,19325.2,0.05,8793.54,387.99,19.99,0.45502970215055993,1
4194,29795,20111125,20111126,17,2,245,High,Delivery Truck,48,8380.22,0.0,813.83,160.98,35.02,0.09711320227869914,1
4202,29861,20120425,20120426,23,2,246,Critical,Regular Air,11,35.17,0.03,5.58,3.08,0.99,0.15865794711401762,1
4305,30658,20110326,20110327,56,2,111,Medium,Regular Air,35,17387.65,0.08,6907.61,499.99,24.49,0.39727105157971315,1
4306,30658,20110326,20110328,56,2,9,Medium,Regular Air,44,6040.22,0.05,-942.5,138.14,35.0,-0.15603736287751108,2
4346,30947,20100714,20100718,56,2,247,Low,Regular Air,17,691.59,0.03,261.24,41.94,2.99,0.3777382553246866,4
4347,30947,20100714,20100718,56,2,32,Low,Regular Air,45,345.2,0.01,183.53,7.31,0.49,0.5316628041714948,4
4362,31077,20101023,20101025,50,2,248,Not Specified,Regular Air,36,1955.0765,0.06,470.83,65.99,3.9,0.24082433602981776,2
4369,31111,20090824,20090826,6,2,249,Not Specified,Regular Air,27,217.93,0.03,-29.02,7.64,5.83,-0.13316202450328085,2
4372,31169,20110609,20110613,30,2,195,Low,Regular Air,6,254.76,0.06,109.88,40.97,14.45,0.4313078976291411,4
4390,31270,20121123,20121124,30,2,250,Medium,Delivery Truck,21,6806.66,0.0,801.72,299.05,87.01,0.11778464033755176,1
4391,31270,20121123,20121125,30,2,251,Medium,Delivery Truck,3,891.61,0.1,-328.36,291.73,48.8,-0.36827761016587973,2
4392,31270,20121123,20121125,30,2,252,Medium,Regular Air,5,165.04,0.03,-112.44,30.42,8.65,-0.6812893843916626,2
4401,31364,20090501,20090501,28,2,237,Not Specified,Regular Air,2,789.01,0.07,-539.59,415.88,11.37,-0.6838823335572427,0
4404,31393,20120511,20120512,61,2,253,Critical,Regular Air,4,97.57,0.04,-27.31,19.94,14.87,-0.27990160910115813,1
4405,31393,20120511,20120513,61,2,145,Critical,Regular Air,31,110.32,0.09,-32.65,3.68,1.32,-0.29595721537345904,2
4411,31492,20101015,20101017,24,2,166,Critical,Regular Air,26,321.68,0.04,-12.25,11.97,4.98,-0.03808132305396667,2
4412,31492,20101015,20101018,24,2,254,Critical,Express Air,34,971.95,0.09,-21.1,29.74,6.64,-0.0217089356448377,3
4413,31492,20101015,20101016,24,2,255,Critical,Regular Air,23,2149.03,0.03,-235.56,95.43,19.99,-0.10961224366342023,1
4429,31558,20110723,20110728,48,2,256,Low,Regular Air,12,3671.3,0.04,900.06,300.65,24.49,0.24516111459156154,5
4430,31558,20110723,20110723,48,2,257,Low,Regular Air,42,1763.6,0.08,455.37,45.19,1.99,0.25820480834656384,0
4437,31618,20110711,20110711,59,2,258,Critical,Regular Air,14,403.17,0.02,147.45,28.53,1.49,0.3657266165637324,0
4446,31684,20120916,20120919,62,2,259,Critical,Regular Air,15,89.97,0.02,23.48,5.68,1.46,0.26097588084917195,3
4447,31684,20120916,20120918,62,2,260,Critical,Express Air,28,456.91,0.04,-328.18,15.51,17.78,-0.7182596134906217,2
4459,31781,20090116,20090117,12,2,107,Medium,Regular Air,46,249.02,0.1,-282.61,5.81,8.49,-1.1348887639547025,1
4460,31781,20090116,20090117,12,2,261,Medium,Regular Air,41,78.49,0.03,5.53,1.81,0.75,0.07045483501082941,1
4524,32193,20101020,20101022,49,2,262,Low,Express Air,4,40.72,0.1,-10.25,6.68,6.93,-0.25171905697445973,2
4525,32193,20101020,20101025,49,2,263,Low,Regular Air,27,113.3,0.02,37.33,3.93,0.99,0.32947925860547217,5
4532,32229,20100830,20100830,9,2,222,High,Regular Air,8,1219.19,0.02,44.37,150.98,13.99,0.03639301503457213,0
4533,32229,20100830,20100831,9,2,264,High,Regular Air,15,28.68,0.0,-0.12,1.76,0.7,-0.0041841004184100415,1
4599,32743,20100507,20100509,17,2,265,Critical,Regular Air,19,3548.67,0.01,1280.19,177.98,0.99,0.3607520564042303,2
4607,32806,20110621,20110622,20,2,266,Critical,Regular Air,8,178.78,0.02,-28.34,20.24,8.99,-0.1585188499832196,1
4651,33123,20101124,20101126,59,2,208,Medium,Delivery Truck,41,6045.98,0.08,-996.67,150.98,66.27,-0.16484837859205623,2
4656,33159,20120427,20120429,61,2,164,Medium,Regular Air,3,56.695,0.01,-70.97,20.99,0.99,-1.2517858717699972,2
4659,33186,20120828,20120830,27,2,267,Low,Regular Air,24,1350.531,0.01,221.18,65.99,5.26,0.16377261980657978,2
4687,33377,20110731,20110802,28,2,268,High,Regular Air,20,100.4,0.06,11.94,5.18,2.04,0.11892430278884461,2
4688,33377,20110731,20110801,28,2,269,High,Regular Air,19,327.15,0.04,47.3,17.24,3.26,0.14458199602628763,1
4691,33444,20121006,20121007,18,2,270,Medium,Regular Air,11,30.51,0.09,-17.68,2.6,2.4,-0.5794821370042609,1
4692,33444,20121006,20121008,18,2,271,Medium,Regular Air,8,127.8,0.07,-30.48,14.97,7.51,-0.23849765258215963,2
4738,33703,20100206,20100207,14,2,272,Not Specified,Regular Air,4,242.36,0.08,-131.48,60.98,1.99,-0.5424987621719755,1
4739,33703,20100206,20100207,14,2,254,Not Specified,Regular Air,25,802.19,0.0,56.26,29.74,6.64,0.07013301088270858,1
4740,33703,20100206,20100208,14,2,273,Not Specified,Express Air,4,63.52,0.08,-8.47,12.21,4.81,-0.13334382871536524,2
4746,33734,20111017,20111018,42,2,274,Not Specified,Regular Air,13,371.94,0.05,106.53,29.14,4.86,0.28641716405871914,1
4763,33888,20090820,20090823,52,2,275,Not Specified,Regular Air,31,349.43,0.04,-44.92,11.5,7.19,-0.12855221360501387,3
4764,33888,20090820,20090821,52,2,102,Not Specified,Regular Air,3,58.33,0.02,-35.08,15.7,11.25,-0.6014057946168352,1
4765,33888,20090820,20090822,52,2,276,Not Specified,Delivery Truck,47,10377.22,0.05,965.48,225.02,28.66,0.09303840527617224,2
4772,33894,20100614,20100617,41,2,277,Critical,Regular Air,14,140.66,0.0,11.34,9.27,4.39,0.08061993459405659,3
4773,33894,20100614,20100615,41,2,278,Critical,Regular Air,5,42.89,0.02,-32.48,6.84,8.37,-0.7572860806714851,1
4774,33894,20100614,20100616,41,2,279,Critical,Regular Air,48,226.5,0.09,-173.15,4.98,4.62,-0.7644591611479029,2
4775,33894,20100614,20100616,41,2,280,Critical,Express Air,13,438.93,0.04,-119.02,32.98,5.5,-0.2711594103843437,2
4777,33922,20100227,20100227,9,2,281,Not Specified,Delivery Truck,31,15251.5,0.06,5353.19,500.97,69.3,0.3509943284267121,0
4803,34177,20090815,20090818,63,2,282,High,Regular Air,13,34.42,0.02,9.47,2.61,0.5,0.27513073794305637,3
4804,34177,20090815,20090816,63,2,32,High,Regular Air,26,172.76,0.1,73.18,7.31,0.49,0.4235934244037972,1
4805,34177,20090815,20090816,63,2,33,High,Regular Air,50,853.162,0.1,-83.95,20.99,2.5,-0.09839866285652667,1
4812,34215,20110514,20110515,48,2,283,High,Regular Air,6,35.65,0.02,-5.92,5.34,2.99,-0.16605890603085555,1
4820,34246,20101007,20101008,46,2,284,Critical,Regular Air,49,199.86,0.03,-257.11,4.06,6.89,-1.2864505153607526,1
4821,34246,20101007,20101008,46,2,285,Critical,Regular Air,18,1888.02,0.03,192.33,99.99,19.99,0.10186862427304796,1
4822,34246,20101007,20101009,46,2,189,Critical,Regular Air,27,322.69,0.01,1.91,11.58,6.97,0.005918993461216647,2
4864,34631,20091023,20091024,44,2,286,Not Specified,Regular Air,5,22.06,0.06,-22.28,3.36,6.27,-1.0099728014505893,1
4865,34631,20091023,20091025,44,2,287,Not Specified,Regular Air,19,12616.2,0.07,2808.22,699.99,24.49,0.22258841806566157,2
4929,35047,20100609,20100611,57,2,288,Medium,Regular Air,31,148.17,0.0,-7.06,4.71,0.7,-0.04764797192414119,2
4957,35266,20110110,20110110,28,2,289,Not Specified,Regular Air,39,217.25,0.07,33.5,5.84,1.2,0.15420023014959724,0
4958,35266,20110110,20110112,28,2,147,Not Specified,Delivery Truck,28,5993.74,0.07,-998.94,218.75,69.64,-0.16666388598771387,2
5031,35847,20090130,20090130,21,2,290,Critical,Express Air,23,361.65,0.08,-144.27,15.98,8.99,-0.39892160929075077,0
5048,36001,20110328,20110330,30,2,291,Low,Regular Air,45,1038.82,0.05,-78.36,22.38,15.1,-0.07543173985868581,2
5049,36001,20110328,20110401,30,2,170,Low,Regular Air,47,564.39,0.09,51.82,12.95,4.98,0.09181594287637981,4
5074,36134,20101122,20101122,17,2,292,Low,Regular Air,6,826.9735,0.01,-413.33,155.99,8.99,-0.4998104534183985,0
5075,36135,20110530,20110531,38,2,293,Not Specified,Regular Air,33,999.226,0.02,381.17,35.99,3.3,0.3814652541066786,1
5138,36644,20120513,20120514,25,2,191,High,Regular Air,24,2298.32,0.06,218.72,99.99,19.99,0.09516516411987887,1
5139,36646,20100608,20100609,1,2,294,Medium,Express Air,24,1168.15,0.04,-743.96,48.91,35.0,-0.6368702649488507,1
5154,36707,20091129,20091130,57,2,295,Medium,Regular Air,47,181.78,0.02,71.56,3.78,0.71,0.3936626691605237,1
5236,37253,20120901,20120901,1,2,296,High,Regular Air,46,1184.32,0.09,-99.55,26.31,5.89,-0.0840566738719265,0
5275,37541,20100226,20100228,10,2,125,Medium,Regular Air,3,71.94,0.01,-70.68,20.95,5.99,-0.9824854045037532,2
5276,37541,20100226,20100227,10,2,297,Medium,Express Air,10,550.61,0.08,98.32,55.98,13.88,0.17856559089010368,1
5277,37541,20100226,20100228,10,2,74,Medium,Regular Air,18,1373.11,0.1,-599.54,80.98,35.0,-0.4366292576705435,2
5286,37634,20120521,20120522,44,2,273,Medium,Regular Air,32,368.18,0.07,-36.78,12.21,4.81,-0.09989678961377588,1
5312,37793,20091108,20091109,25,2,298,Not Specified,Regular Air,16,224.47,0.08,-49.31,13.9,7.59,-0.21967300752884575,1
5325,37860,20100827,20100829,55,2,299,Medium,Regular Air,1,104.85,0.07,-98.31,55.5,52.2,-0.9376251788268957,2
5472,38884,20120817,20120818,22,2,300,High,Regular Air,47,256.0,0.03,-119.84,5.28,5.66,-0.468125,1
5473,38884,20120817,20120818,22,2,301,High,Delivery Truck,20,6067.76,0.06,-98.05,296.18,54.12,-0.016159175708993105,1
5559,39364,20121109,20121110,42,2,55,High,Regular Air,29,2754.93,0.06,-1.33,92.23,39.61,-0.0004827708871005797,1
5560,39364,20121109,20121111,42,2,165,High,Regular Air,15,19417.55,0.03,8417.57,1270.99,19.99,0.43350319685027205,2
5569,39457,20110602,20110602,20,2,302,Critical,Delivery Truck,40,4842.21,0.03,-1975.26,122.99,70.2,-0.40792530683303696,0
5598,39683,20110810,20110813,60,2,233,High,Regular Air,31,615.58,0.04,168.0,18.99,5.23,0.27291335001137135,3
5599,39683,20110810,20110811,60,2,87,High,Regular Air,41,8387.1,0.1,2113.95,218.08,18.06,0.25204778767392777,1
5600,39683,20110810,20110811,60,2,303,High,Regular Air,6,126.02,0.09,66.97,20.24,6.67,0.5314235835581653,1
5601,39683,20110810,20110812,60,2,304,High,Regular Air,30,68.14,0.0,6.37,2.18,0.78,0.09348400352216026,2
5628,39846,20090227,20090306,61,2,279,Low,Regular Air,14,71.47,0.06,-62.73,4.98,4.62,-0.877710927661956,7
5659,40036,20100607,20100608,52,2,305,Not Specified,Regular Air,10,568.3355,0.02,-147.36,65.99,8.99,-0.2592834690073029,1
5662,40067,20120217,20120219,18,2,306,Low,Regular Air,38,2157.3085,0.0,519.25,65.99,5.31,0.24069343814294525,2
5675,40132,20120223,20120229,45,2,307,Low,Delivery Truck,26,1363.0,0.04,149.83,50.98,14.19,0.10992663242846663,6
5676,40132,20120223,20120229,45,2,308,Low,Delivery Truck,36,4698.5,0.04,-219.38,124.49,51.94,-0.04669149728636799,6
5677,40132,20120223,20120302,45,2,291,Low,Regular Air,16,347.47,0.09,-86.2,22.38,15.1,-0.24807897084640398,8
5681,40160,20091015,20091016,20,2,309,Critical,Regular Air,23,1404.22,0.1,202.87,63.94,14.48,0.14447166398427597,1
5719,40518,20090313,20090314,9,2,310,Critical,Regular Air,3,17.52,0.05,-12.16,4.13,5.04,-0.6940639269406393,1
5746,40804,20100312,20100314,2,2,302,Medium,Delivery Truck,36,4273.8,0.06,-1775.83,122.99,70.2,-0.41551546632972997,2
5764,40902,20090707,20090709,62,2,311,Low,Regular Air,25,192.18,0.02,-48.88,7.1,6.05,-0.25434488500364244,2
5790,41063,20121121,20121123,5,2,312,Low,Regular Air,22,483.96,0.01,-34.09,21.38,8.99,-0.07043970576080669,2
5791,41063,20121121,20121128,5,2,313,Low,Regular Air,10,308.363,0.04,42.27,35.99,0.99,0.13707870269779449,7
5792,41063,20121121,20121128,5,2,314,Low,Regular Air,26,1911.4035,0.06,822.89,85.99,1.25,0.4305161102823135,7
5802,41153,20090302,20090303,18,2,162,Medium,Regular Air,29,862.2,0.1,-45.1,30.73,4.0,-0.052308049176525165,1
5805,41184,20110922,20110924,57,2,102,High,Regular Air,7,120.03,0.02,-56.06,15.7,11.25,-0.46704990419061904,2
5835,41409,20110721,20110723,28,2,275,Not Specified,Regular Air,1,18.92,0.0,-18.25,11.5,7.19,-0.9645877378435517,2
5877,41696,20090713,20090715,50,2,44,Not Specified,Express Air,45,237.28,0.03,-2088.68,4.48,49.0,-8.802596089008766,2
5944,42209,20100329,20100329,18,2,315,High,Regular Air,5,324.55,0.08,-12.82,67.84,0.99,-0.039500847327068246,0
5945,42209,20100329,20100401,18,2,68,High,Regular Air,31,8901.78,0.04,2795.36,276.2,24.49,0.31402258874067884,3
6007,42561,20100206,20100208,38,2,316,Low,Express Air,15,1062.959,0.07,298.48,85.99,2.5,0.28080104688892044,2
6009,42564,20120912,20120919,55,2,317,Low,Delivery Truck,35,7468.86,0.02,2155.41,200.98,23.76,0.28858620994368617,7
6029,42695,20101222,20101224,40,2,306,Not Specified,Regular Air,12,710.328,0.02,-10.3,65.99,5.31,-0.014500343503282992,2
6067,42981,20090530,20090601,62,2,318,Critical,Regular Air,4,3510.82,0.05,232.44,896.99,19.99,0.06620675511703818,2
6082,43109,20121221,20121222,25,2,319,Critical,Regular Air,19,281.84,0.06,-21.85,15.01,8.4,-0.0775262560317911,1
6083,43109,20121221,20121222,25,2,155,Critical,Regular Air,25,509.52,0.05,-145.78,20.97,6.5,-0.28611241953210864,1
6084,43109,20121221,20121222,25,2,320,Critical,Regular Air,10,97.02,0.06,-3.96,10.01,1.99,-0.04081632653061225,1
6097,43203,20120214,20120216,62,2,321,Not Specified,Regular Air,32,225.16,0.02,-33.69,6.68,5.2,-0.14962693195949547,2
6103,43236,20100703,20100705,42,2,322,Not Specified,Regular Air,20,205.33,0.0,10.68,9.77,6.02,0.05201383139336677,2
6105,43267,20110516,20110518,53,2,323,Critical,Express Air,17,1368.14,0.05,171.26,76.72,19.95,0.12517724794246202,2
6118,43329,20100307,20100310,41,2,324,Medium,Regular Air,42,2475.83,0.09,752.37,59.98,3.99,0.30388596955364466,3
6119,43330,20090427,20090428,53,2,305,Not Specified,Regular Air,40,2205.7585,0.03,337.04,65.99,8.99,0.15280004587990936,1
6125,43364,20120407,20120410,62,2,202,High,Regular Air,21,524.2,0.04,158.98,23.99,6.71,0.30328119038534906,3
6129,43392,20101231,20110102,41,2,325,Medium,Regular Air,39,6553.45,0.03,2969.81,162.93,19.99,0.453167415636039,2
6176,43781,20100202,20100202,10,2,326,Not Specified,Regular Air,45,497.14,0.05,240.41,10.94,1.39,0.4835861125638653,0
6177,43781,20100202,20100203,10,2,327,Not Specified,Express Air,21,917.39,0.02,393.41,40.98,2.99,0.428836154743348,1
6226,44071,20120415,20120416,29,2,328,Not Specified,Regular Air,19,110.67,0.08,-43.75,5.99,4.92,-0.3953194180898166,1
6227,44071,20120415,20120416,29,2,305,Not Specified,Regular Air,20,1163.123,0.0,83.84,65.99,8.99,0.07208180046306367,1
6290,44519,20100519,20100520,25,2,329,High,Regular Air,48,224.58,0.03,-144.76,4.57,5.42,-0.6445809956362988,1
6291,44519,20100519,20100520,25,2,330,High,Regular Air,34,365.77,0.07,155.69,10.67,1.39,0.4256499986330208,1
6292,44519,20100519,20100520,25,2,331,High,Delivery Truck,34,16073.03,0.01,5386.32,442.14,14.7,0.33511540761138375,1
6319,44708,20090727,20090728,11,2,332,Not Specified,Regular Air,15,30.68,0.02,-37.39,1.74,4.08,-1.21870925684485,1
6324,44772,20090331,20090402,25,2,141,Not Specified,Express Air,1,54.077,0.07,-232.99,55.99,5.0,-4.308486047672763,2
6330,44839,20120611,20120613,20,2,91,Critical,Express Air,27,899.97,0.09,-246.3,33.98,19.99,-0.2736757891929731,2
6372,45217,20100901,20100902,37,2,333,Not Specified,Regular Air,40,6789.9275,0.08,1864.66,200.99,4.2,0.27462148896287925,1
6402,45440,20120809,20120811,30,2,334,Critical,Delivery Truck,5,748.29,0.02,-183.6,135.99,28.63,-0.24535941947640622,2
6439,45766,20100507,20100509,57,2,309,High,Regular Air,37,2522.21,0.0,1026.07,63.94,14.48,0.406813865617851,2
6440,45766,20100507,20100508,57,2,335,High,Regular Air,28,4181.82,0.01,1765.48,140.99,13.99,0.4221798164435581,1
6446,45861,20110825,20110825,11,2,164,Medium,Regular Air,39,680.8585,0.05,319.1,20.99,0.99,0.4686730062120103,0
6450,45957,20100921,20100923,8,2,168,Critical,Regular Air,20,759.84,0.06,162.83,39.24,1.99,0.21429511476100233,2
6451,45957,20100921,20100923,8,2,249,Critical,Regular Air,19,147.39,0.08,-30.92,7.64,5.83,-0.20978356740620127,2
6591,46912,20120630,20120630,32,2,336,Low,Regular Air,5,294.0,0.0,181.53,54.74,14.83,0.6174489795918368,0
6603,46980,20110117,20110117,6,2,337,Critical,Regular Air,34,216.3,0.01,103.16,6.3,0.5,0.47693018955154876,0
6665,47460,20101010,20101012,42,2,26,Critical,Regular Air,12,31.6,0.1,-3.64,2.84,0.93,-0.11518987341772152,2
6669,47462,20110609,20110611,62,2,338,High,Regular Air,43,154.18,0.08,-166.92,3.58,5.47,-1.0826306913996626,2
6670,47462,20110609,20110611,62,2,339,High,Regular Air,18,110.31,0.05,-1.22,5.85,2.27,-0.011059740730668116,2
6671,47462,20110609,20110611,62,2,340,High,Regular Air,41,137.51,0.02,21.62,3.29,1.35,0.15722492909606575,2
6692,47620,20120626,20120705,56,2,341,Low,Regular Air,27,302.2,0.04,20.27,10.98,3.37,0.0670747849106552,9
6704,47749,20100316,20100316,48,2,342,Medium,Regular Air,46,399.58,0.04,-188.53,8.45,7.77,-0.47182041143200365,0
6721,47873,20101113,20101115,41,2,110,Critical,Regular Air,8,52.39,0.08,-17.38,5.89,5.57,-0.3317426989883565,2
6736,47943,20091114,20091114,15,2,343,Medium,Regular Air,12,61.09,0.04,24.06,4.91,0.5,0.3938451465051563,0
6737,47943,20091114,20091115,15,2,344,Medium,Regular Air,48,777.76,0.02,63.46,15.94,5.45,0.08159329356099568,1
6754,48101,20110912,20110914,53,2,151,High,Regular Air,4,108.87,0.05,-39.92,22.84,16.87,-0.36667585193349866,2
6783,48295,20091123,20091125,50,2,345,Medium,Regular Air,48,10051.52,0.05,4938.78,204.1,13.99,0.49134658240743684,2
6858,48839,20100710,20100712,9,2,346,Critical,Regular Air,1,97.13,0.05,-37.06,98.31,0.49,-0.3815504993307938,2
6894,49154,20090306,20090307,32,2,347,Medium,Regular Air,26,1523.5,0.07,-807.89,60.98,49.0,-0.5302855267476206,1
6983,49921,20110217,20110221,10,2,128,Low,Delivery Truck,5,756.15,0.06,-280.28,145.45,17.85,-0.3706671956622363,4
6984,49921,20110217,20110219,10,2,167,Low,Regular Air,1,18.15,0.04,-7.26,12.28,6.13,-0.4,2
6991,49952,20111119,20111120,28,2,348,High,Express Air,12,1323.67,0.04,630.28,107.53,5.81,0.47616097667847723,1
7021,50117,20110603,20110605,11,2,349,Critical,Regular Air,17,47.44,0.09,14.49,2.89,0.5,0.30543844856661045,2
7042,50278,20100525,20100525,28,2,350,High,Regular Air,2,51.21,0.0,-27.53,20.98,8.83,-0.5375903143917203,0
7043,50278,20100525,20100527,28,2,351,High,Delivery Truck,20,2195.55,0.01,-355.94,100.8,60.0,-0.16211883127234633,2
7060,50374,20090530,20090531,62,2,352,Not Specified,Regular Air,30,3482.41,0.05,1443.35,120.98,9.07,0.41446871563084187,1
7087,50565,20120830,20120830,12,2,353,High,Regular Air,43,683.46,0.09,-138.82,16.98,12.39,-0.20311356919205217,0
7103,50688,20111216,20111217,32,2,235,Critical,Regular Air,50,600.22,0.08,27.86,12.98,3.14,0.04641631401819333,1
7111,50754,20091209,20091210,47,2,52,Not Specified,Regular Air,9,64.0305,0.06,-58.34,7.99,5.03,-0.9111282904240948,1
7136,50914,20120703,20120703,9,2,354,Critical,Regular Air,49,8551.544,0.03,2763.13,195.99,8.99,0.32311474980424587,0
7168,51169,20101224,20101226,48,2,355,High,Regular Air,2,291.66,0.08,-192.92,136.98,24.49,-0.6614551189741479,2
7277,51938,20110517,20110521,13,2,356,Low,Regular Air,5,503.3275,0.06,-488.31,125.99,5.63,-0.9701635614982294,4
7285,51970,20120111,20120113,11,2,357,Not Specified,Delivery Truck,1,171.71,0.06,-343.47,115.99,56.14,-2.000291188631996,2
7286,51971,20111003,20111005,7,2,358,Not Specified,Regular Air,39,1326.04,0.02,-1129.96,32.48,35.0,-0.8521311574311484,2
7287,51971,20111003,20111005,7,2,359,Not Specified,Regular Air,22,3881.89,0.06,-803.52,182.55,69.0,-0.20699195494977962,2
7318,52193,20100305,20100307,55,2,360,Not Specified,Express Air,1,17.89,0.04,10.51,2.88,0.5,0.5874790385690329,2
7319,52193,20100305,20100307,55,2,361,Not Specified,Regular Air,47,137.18,0.07,6.04,2.94,0.96,0.04402974194488992,2
7343,52321,20111105,20111107,41,2,167,High,Regular Air,48,617.26,0.04,-37.52,12.28,6.13,-0.06078475844862781,2
7344,52321,20111105,20111105,41,2,196,High,Delivery Truck,45,13104.992,0.03,5626.42,349.45,60.0,0.429334104133753,0
7352,52386,20090105,20090107,62,2,362,High,Delivery Truck,6,700.73,0.08,-188.58,120.97,26.3,-0.26911934696673473,2
7404,52807,20101125,20101127,36,2,363,Medium,Regular Air,28,667.55,0.0,204.74,21.98,2.87,0.30670361770653887,2
7419,52929,20110408,20110409,1,2,364,High,Express Air,43,701.46,0.04,-90.14,15.99,9.4,-0.12850340717931172,1
7420,52929,20110408,20110409,1,2,365,High,Regular Air,19,53.94,0.05,-6.53,2.78,1.25,-0.1210604375231739,1
7421,52929,20110408,20110409,1,2,366,High,Regular Air,7,46.94,0.02,7.34,6.47,1.22,0.15636983383042183,1
7422,52929,20110408,20110409,1,2,263,High,Regular Air,20,77.99,0.03,19.68,3.93,0.99,0.25234004359533274,1
7430,52964,20100331,20100401,13,2,355,Critical,Regular Air,44,5735.79,0.08,828.27,136.98,24.49,0.14440382231567056,1
7453,53156,20120310,20120311,39,2,367,Not Specified,Regular Air,47,186.93,0.07,56.44,4.13,0.99,0.3019312041940833,1
7500,53511,20090220,20090222,43,2,107,Medium,Regular Air,41,241.1,0.07,-243.24,5.81,8.49,-1.0088759850684363,2
7501,53511,20090220,20090221,43,2,51,Medium,Regular Air,49,491.93,0.04,-53.62,9.65,6.22,-0.10899924786046794,1
7530,53797,20091001,20091001,41,2,127,Critical,Delivery Truck,10,623.71,0.01,-213.32,58.14,36.61,-0.3420179249971942,0
7548,53990,20121101,20121102,9,2,368,Not Specified,Regular Air,44,4263.9315,0.04,1411.03,110.99,2.5,0.3309222955387534,1
7559,54083,20110721,20110723,15,2,369,High,Delivery Truck,10,2700.41,0.08,258.01,279.81,23.19,0.09554475061194412,2
7584,54274,20101123,20101125,27,2,370,Not Specified,Regular Air,20,1583.06,0.05,328.0,78.65,13.99,0.20719366290601746,2
7585,54276,20100206,20100207,49,2,371,Not Specified,Regular Air,21,756.6,0.0,299.59,35.44,4.92,0.3959688078244779,1
7620,54528,20110104,20110106,64,2,372,Medium,Regular Air,17,207.19,0.01,-85.91,11.66,8.99,-0.41464356387856555,2
7621,54528,20110104,20110106,64,2,373,Medium,Regular Air,8,88.0,0.06,-6.38,10.48,2.89,-0.0725,2
7628,54567,20090802,20090804,24,2,374,Medium,Regular Air,31,196.74,0.09,-61.59,6.28,5.41,-0.3130527599878012,2
7633,54628,20100605,20100606,53,2,375,High,Regular Air,21,471.24,0.07,115.54,22.98,1.99,0.2451829216535099,1
7716,55298,20090802,20090803,50,2,71,Critical,Delivery Truck,1,368.66,0.01,-165.6,300.98,64.73,-0.4491943796452015,1
7729,55363,20101228,20101230,64,2,376,High,Regular Air,14,2232.06,0.03,542.16,155.06,7.07,0.2428966963253676,2
7730,55366,20121010,20121011,41,2,377,Critical,Regular Air,7,387.17,0.1,-204.65,55.94,6.55,-0.5285791771056642,1
7787,55715,20110402,20110404,21,2,14,Critical,Express Air,28,168.57,0.02,16.65,5.28,2.99,0.0987720234917245,2
7813,55875,20091125,20091128,23,2,378,Critical,Regular Air,50,413.86,0.0,39.29,7.59,4.0,0.0949354854298555,3
7814,55875,20091125,20091125,23,2,379,Critical,Regular Air,31,178.45,0.09,-104.96,5.98,4.69,-0.5881759596525638,0
7894,56453,20120411,20120412,25,2,380,Critical,Delivery Truck,1,2728.65,0.0,-5572.39,2550.14,29.7,-2.042178366591538,1
7993,57127,20100216,20100218,37,2,381,Low,Regular Air,13,735.54,0.0,171.82,55.48,14.3,0.23359708513473096,2
8024,57344,20100924,20100926,12,2,382,High,Regular Air,47,1060.0605,0.1,-71.03,28.99,8.59,-0.06700560958549064,2
8057,57509,20090221,20090221,8,2,383,Low,Express Air,39,199.39,0.1,101.13,4.91,0.5,0.5071969506996339,0
8058,57509,20090221,20090226,8,2,384,Low,Delivery Truck,11,2770.35,0.09,-202.58,259.71,66.67,-0.07312433447037378,5
8073,57600,20121111,20121113,17,2,173,Critical,Regular Air,32,1882.12,0.05,584.15,59.78,10.29,0.31036809555182454,2
8074,57600,20121111,20121113,17,3,85,Critical,Regular Air,44,186.94,0.05,85.81,4.13,0.5,0.4590242858671232,2
8075,57600,20121111,20121113,17,3,385,Critical,Regular Air,12,407.2,0.01,-8.42,30.98,17.08,-0.02067779960707269,2
8124,58055,20111027,20111029,20,3,386,Critical,Regular Air,26,208.6,0.0,-56.45,7.38,5.21,-0.27061361457334615,2
8133,58144,20091216,20091223,1,3,387,Low,Regular Air,29,778.38,0.01,257.32,26.38,5.86,0.33058403350548576,7
8136,58150,20100507,20100507,62,3,388,Critical,Regular Air,24,60.36,0.03,-119.62,2.16,6.05,-1.9817760106030484,0
8159,58340,20110108,20110109,12,3,389,Medium,Regular Air,36,1936.3,0.03,278.12,50.98,13.66,0.14363476733977174,1
8162,58368,20120709,20120711,41,3,110,High,Regular Air,4,14.23,0.0,-4.43,2.08,5.33,-0.31131412508784256,2
8163,58368,20120709,20120710,41,3,390,High,Regular Air,39,272.07,0.02,-206.46,6.48,9.54,-0.7588488256698644,1
8164,58368,20120709,20120709,41,3,391,High,Express Air,5,325.43,0.09,-76.11,64.98,6.88,-0.23387518053037518,0
8176,58434,20090309,20090310,7,3,392,High,Regular Air,42,843.53,0.04,268.32,19.23,6.15,0.31809182838784633,1
8197,58626,20111230,20120101,58,3,71,High,Delivery Truck,23,6641.14,0.05,673.77,300.98,64.73,0.10145396724056412,2
8198,58626,20111230,20120102,58,3,39,High,Delivery Truck,21,10469.03,0.07,2608.72,500.98,26.0,0.24918449942353776,3
8199,58626,20111230,20111231,58,3,257,High,Regular Air,18,835.55,0.04,171.59,45.19,1.99,0.20536173777751182,1
8208,58688,20090329,20090331,17,3,393,Not Specified,Regular Air,18,215.93,0.08,-41.87,11.97,5.81,-0.19390543231602833,2
8256,59045,20110213,20110215,49,3,394,Critical,Regular Air,30,140.24,0.05,32.87,4.55,1.49,0.23438391329150024,2
8257,59047,20110128,20110128,28,3,395,Not Specified,Regular Air,10,266.94,0.09,19.2,28.48,1.99,0.07192627556754326,0
8258,59047,20110128,20110130,28,3,396,Not Specified,Regular Air,26,113.85,0.06,-93.93,4.14,6.6,-0.8250329380764164,2
8282,59202,20120908,20120908,36,3,397,Medium,Regular Air,7,83.81,0.09,21.92,12.53,0.5,0.26154396850017897,0
8283,59202,20120908,20120909,36,3,339,Medium,Regular Air,36,218.81,0.03,7.45,5.85,2.27,0.034047804030894385,1
8290,59207,20090518,20090518,12,3,398,Critical,Delivery Truck,42,9502.736,0.02,-945.56,280.98,81.98,-0.09950397443431028,0
8294,59234,20120729,20120802,30,3,265,Low,Regular Air,32,5686.25,0.04,2109.21,177.98,0.99,0.3709316333260057,4
8295,59234,20120729,20120803,30,3,307,Low,Delivery Truck,16,797.24,0.04,11.46,50.98,14.19,0.01437459234358537,5
8314,59395,20120422,20120424,48,3,399,Critical,Express Air,20,963.3,0.06,367.12,48.04,7.23,0.38110661268556006,2
8333,59558,20120716,20120719,58,3,400,Not Specified,Regular Air,34,94.56,0.0,37.73,2.61,0.5,0.3990059221658206,3
8337,59585,20120922,20120923,22,3,364,High,Regular Air,45,712.04,0.07,-110.93,15.99,9.4,-0.1557918094489074,1
8344,59651,20100520,20100522,44,3,401,Critical,Regular Air,36,283.21,0.08,-196.06,8.04,8.94,-0.6922778150489037,2
8345,59651,20100520,20100522,44,3,402,Critical,Regular Air,18,45.8,0.04,-52.92,2.23,4.57,-1.1554585152838428,2
105,645,20091202,20091204,65,3,170,High,Regular Air,42,557.85,0.05,89.45,12.95,4.98,0.16034776373577125,2
115,769,20100601,20100602,66,3,357,Medium,Delivery Truck,37,4261.94,0.02,4.15,115.99,56.14,0.0009737349657667636,1
119,773,20100925,20100926,67,3,403,Medium,Regular Air,38,2071.3395,0.06,324.93,65.99,8.99,0.15686950400936206,1
180,1187,20121119,20121120,68,3,404,Medium,Regular Air,14,222.91,0.05,20.21,15.98,4.0,0.09066439370149389,1
342,2339,20101214,20101216,69,3,405,Low,Regular Air,12,1634.98,0.09,-120.45,140.85,19.99,-0.07367062594037847,2
510,3521,20121025,20121027,70,3,406,Low,Regular Air,50,204.11,0.06,28.71,4.28,0.94,0.1406594483366812,2
587,4007,20100617,20100618,54,3,407,High,Regular Air,18,1038.4,0.01,112.36,56.96,13.22,0.10820493066255778,1
588,4007,20100617,20100618,54,3,81,High,Regular Air,1,305.82,0.05,-232.24,279.48,35.0,-0.759400954810019,1
632,4416,20120629,20120703,71,3,408,Low,Regular Air,46,7441.29,0.1,2665.4,165.98,19.99,0.3581905825468434,4
636,4454,20090201,20090206,71,3,409,Low,Regular Air,17,55.45,0.01,21.42,3.08,0.5,0.38629395852119025,5
719,5153,20110825,20110827,67,3,410,Critical,Express Air,37,4896.93,0.04,1467.82,128.24,12.65,0.2997429001435593,2
762,5446,20090620,20090627,68,3,411,Low,Regular Air,42,433.68,0.07,44.1,10.98,4.8,0.10168788046485888,7
1106,8131,20100503,20100503,67,3,412,Critical,Regular Air,24,717.29,0.01,191.29,29.89,1.99,0.2666843257259965,0
1225,8994,20090407,20090409,72,3,413,Low,Regular Air,36,1423.35,0.1,-580.32,40.48,19.99,-0.40771419538412906,2
1241,9027,20110902,20110911,66,3,313,Low,Regular Air,30,932.892,0.05,458.98,35.99,0.99,0.49199692997688904,9
1264,9216,20110414,20110416,66,3,414,Medium,Delivery Truck,36,5977.63,0.1,-86.68,180.98,55.24,-0.014500730222512937,2
1302,9537,20110213,20110215,69,3,208,Not Specified,Delivery Truck,6,906.02,0.1,-382.38,150.98,66.27,-0.4220436634952871,2
1303,9537,20110213,20110215,69,3,415,Not Specified,Regular Air,43,170.88,0.01,-149.09,3.81,5.44,-0.8724836142322098,2
1307,9574,20110730,20110731,73,3,275,Medium,Regular Air,40,434.62,0.08,-68.98,11.5,7.19,-0.15871335879618978,1
1442,10435,20100810,20100812,74,3,416,Medium,Regular Air,38,871.25,0.06,-14.31,22.99,8.99,-0.01642467718794835,2
1443,10435,20100810,20100811,74,3,417,Medium,Regular Air,46,537.87,0.05,-162.24,11.66,7.95,-0.30163422388309447,1
1501,10851,20090406,20090406,75,3,418,High,Regular Air,50,608.21,0.09,-175.13,12.88,4.59,-0.28794330905443843,0
1503,10852,20101026,20101028,65,3,419,High,Regular Air,17,285.84,0.02,-27.26,15.28,10.91,-0.09536803806325218,2
1504,10852,20101026,20101027,65,3,420,High,Delivery Truck,40,12450.48,0.01,3030.16,300.98,54.92,0.24337696217334592,1
1560,11269,20120526,20120530,65,3,421,Low,Express Air,39,2083.0525,0.09,354.96,65.99,5.99,0.17040377042825375,4
1561,11269,20120526,20120602,65,3,383,Low,Regular Air,49,233.28,0.04,112.35,4.91,0.5,0.48161008230452673,7
1562,11269,20120526,20120602,65,3,422,Low,Regular Air,1,47.01,0.09,-19.32,27.75,19.99,-0.41097638800255265,7
1571,11362,20120910,20120912,76,3,423,Low,Regular Air,32,3245.73,0.09,569.57,110.98,13.99,0.1754828651797901,2
1572,11362,20120910,20120912,76,3,424,Low,Regular Air,27,63.02,0.07,-119.66,2.18,5.0,-1.898762297683275,2
1573,11362,20120910,20120915,76,3,287,Low,Regular Air,9,6420.87,0.02,-690.21,699.99,24.49,-0.10749477874493645,5
1574,11362,20120910,20120914,76,3,425,Low,Regular Air,25,2407.693,0.04,424.14,110.99,8.99,0.17616033273345064,4
1659,11968,20110316,20110316,72,3,426,Low,Regular Air,31,109.49,0.04,26.09,3.38,0.85,0.23828660151612022,0
1712,12293,20110618,20110619,65,3,427,High,Regular Air,31,283.17,0.0,119.64,8.74,1.39,0.4225023837270897,1
1783,12773,20110111,20110113,77,3,428,Low,Regular Air,6,17.0,0.07,-4.61,2.78,1.49,-0.2711764705882353,2
1784,12773,20110111,20110120,77,3,396,Low,Regular Air,15,67.41,0.04,-49.6,4.14,6.6,-0.735795875982792,9
1785,12773,20110111,20110116,77,3,60,Low,Regular Air,19,130.67,0.05,-77.18,6.48,7.86,-0.5906481977500575,5
1786,12773,20110111,20110116,77,3,429,Low,Regular Air,21,77.62,0.01,-50.88,3.28,3.97,-0.6555011594949756,5
1810,12934,20090305,20090306,68,3,430,Not Specified,Regular Air,45,440.39,0.05,186.64,9.78,1.39,0.42380617180226615,1
1811,12934,20090305,20090306,68,3,431,Not Specified,Express Air,27,96.99,0.02,-66.35,3.28,3.97,-0.6840911434168471,1
1826,13120,20091214,20091221,73,3,170,Low,Regular Air,46,590.43,0.09,82.59,12.95,4.98,0.13988110360245926,7
1827,13120,20091214,20091214,73,3,203,Low,Regular Air,8,216.33,0.0,-17.37,24.92,12.98,-0.08029399528498128,0
1896,13604,20090202,20090204,71,3,432,Not Specified,Regular Air,38,3152.75,0.04,1166.4,83.1,6.13,0.36996273094917137,2
1897,13604,20090202,20090205,71,3,433,Not Specified,Regular Air,42,3609.88,0.07,-1396.22,90.98,56.2,-0.38677739980276354,3
1947,13927,20090826,20090902,78,3,434,Low,Express Air,26,188.05,0.04,-21.41,6.48,5.16,-0.11385269875033235,7
2104,15044,20120306,20120310,71,3,435,Low,Regular Air,42,1681.6,0.07,167.37,39.99,10.25,0.0995302093244529,4
2124,15139,20091119,20091121,68,3,71,High,Delivery Truck,17,5203.9,0.07,636.2,300.98,64.73,0.12225446299890469,2
2125,15139,20091119,20091119,68,3,436,High,Delivery Truck,33,744.12,0.01,-1163.21,20.98,45.0,-1.5632021716927378,0
2158,15463,20100724,20100726,74,3,437,Low,Express Air,48,293.3,0.04,-193.48,5.98,7.5,-0.6596658711217183,2
2164,15618,20100804,20100807,73,3,438,Medium,Regular Air,9,50.93,0.06,-34.98,5.28,6.26,-0.6868250539956803,3
2165,15618,20100804,20100806,73,3,439,Medium,Regular Air,44,792.8,0.08,26.27,18.97,9.54,0.03313572149344097,2
2166,15618,20100804,20100806,73,3,440,Medium,Regular Air,14,782.4505,0.06,-11.4,65.99,3.99,-0.014569611751797718,2
2227,16100,20110307,20110308,79,3,441,Medium,Regular Air,44,226.18,0.01,-115.54,4.82,5.72,-0.5108320806437351,1
2269,16320,20111020,20111022,80,3,442,Not Specified,Regular Air,17,1856.9695,0.0,176.87,125.99,8.08,0.09524658320990195,2
2278,16419,20090804,20090805,73,3,443,Not Specified,Regular Air,43,241.19,0.08,-103.65,5.78,5.67,-0.4297441850823003,1
2362,17090,20100428,20100430,77,3,229,Low,Delivery Truck,30,4177.52,0.04,-443.78,140.98,36.09,-0.10623049081751851,2
2363,17090,20100428,20100503,77,3,302,Low,Delivery Truck,26,3351.08,0.05,-1086.43,122.99,70.2,-0.3242029435286535,5
2391,17315,20090422,20090426,73,3,444,Low,Regular Air,29,159.11,0.07,64.01,5.43,0.95,0.40230029539312423,4
2395,17376,20111204,20111206,73,3,395,High,Regular Air,44,1127.81,0.1,425.08,28.48,1.99,0.37690745781647617,2
2506,18210,20100806,20100807,77,3,445,Not Specified,Regular Air,27,9293.82,0.08,2437.17,363.25,19.99,0.26223555007521127,1
2507,18210,20100806,20100807,77,3,25,Not Specified,Regular Air,27,80.79,0.0,12.58,2.88,0.7,0.15571234063621733,1
2514,18273,20110915,20110917,54,3,446,Low,Regular Air,18,925.03,0.06,-3.68,49.99,19.99,-0.003978249354075003,2
2600,18788,20091002,20091003,73,3,221,Not Specified,Regular Air,27,566.12,0.03,-19.33,19.99,11.17,-0.03414470430297463,1
2628,19042,20090301,20090302,74,3,447,Critical,Regular Air,8,327.61,0.07,54.9,40.98,7.47,0.16757730228015016,1
2633,19073,20090624,20090625,81,3,448,Not Specified,Regular Air,16,178.4,0.04,20.08,10.64,5.16,0.11255605381165917,1
2634,19073,20090624,20090626,81,3,149,Not Specified,Express Air,40,115.01,0.03,5.81,2.78,1.34,0.0505173463177115,2
2678,19365,20110116,20110117,80,3,449,Medium,Regular Air,29,181.83,0.03,-43.36,5.98,5.2,-0.2384644998075125,1
2716,19617,20120120,20120122,54,3,450,Low,Regular Air,38,952.47,0.03,270.69,23.99,6.3,0.2841979274937793,2
2717,19617,20120120,20120120,54,3,451,Low,Regular Air,3,171.9635,0.07,-296.37,65.99,8.99,-1.7234471268612235,0
2770,20033,20100521,20100523,54,3,111,Critical,Regular Air,5,2543.95,0.04,-1011.32,499.99,24.49,-0.3975392598124964,2
2930,21223,20120315,20120316,65,3,17,Not Specified,Delivery Truck,3,317.95,0.1,-144.43,100.98,26.22,-0.45425381349268756,1
2931,21223,20120315,20120316,65,3,452,Not Specified,Regular Air,8,435.29,0.03,122.41,51.65,18.45,0.2812148223023731,1
2950,21378,20110807,20110808,54,3,258,Medium,Regular Air,34,937.04,0.08,391.6,28.53,1.49,0.4179117220182703,1
2951,21378,20110807,20110810,54,3,191,Medium,Regular Air,17,1616.64,0.07,26.94,99.99,19.99,0.01666419239904988,3
2984,21542,20110521,20110522,82,3,312,High,Regular Air,18,404.3,0.04,-27.34,21.38,8.99,-0.06762305218896858,1
2985,21542,20110521,20110522,82,3,453,High,Delivery Truck,43,11674.968,0.05,715.18,348.21,84.84,0.061257555481094246,1
3133,22469,20101011,20101013,54,3,347,High,Regular Air,24,1482.81,0.03,-678.63,60.98,49.0,-0.4576648390555769,2
3134,22469,20101011,20101013,54,3,454,High,Regular Air,23,6693.28,0.02,40.32,290.98,69.0,0.006023952382090694,2
3155,22656,20101222,20101224,74,3,455,Not Specified,Express Air,10,309.3,0.05,-77.89,30.98,6.5,-0.25182670546395086,2
3163,22695,20090703,20090708,73,3,456,Low,Regular Air,44,444.52,0.02,161.13,10.06,2.06,0.3624808782506974,5
3214,23076,20090527,20090528,78,3,457,Critical,Regular Air,50,742.21,0.03,122.21,14.2,5.3,0.16465690303283437,1
3360,24038,20110620,20110622,54,3,267,High,Express Air,15,896.1805,0.0,82.04,65.99,5.26,0.09154405836770606,2
3365,24067,20120822,20120823,82,3,437,High,Regular Air,19,120.56,0.07,-79.35,5.98,7.5,-0.6581785003317849,1
3366,24067,20120822,20120823,82,3,238,High,Express Air,46,2640.6865,0.03,751.38,65.99,5.92,0.28453964527784725,1
3420,24388,20110126,20110127,71,3,458,Critical,Delivery Truck,15,8662.34,0.0,-704.66,549.99,49.0,-0.08134753426903123,1
3428,24451,20121203,20121204,54,3,459,Critical,Delivery Truck,24,1689.97,0.06,-564.74,68.81,60.0,-0.3341716125138316,1
3487,24806,20100906,20100908,80,3,460,Not Specified,Regular Air,20,112.03,0.05,-57.99,5.18,5.74,-0.5176292064625547,2
3505,24965,20110329,20110403,54,3,461,Low,Express Air,6,2528.49,0.07,580.15,420.98,19.99,0.22944524202191824,5
3506,24965,20110329,20110329,54,3,462,Low,Regular Air,42,1146.11,0.09,330.63,29.18,8.55,0.28848016333510745,0
3533,25154,20100820,20100821,70,3,463,High,Regular Air,16,102.5,0.1,13.84,6.68,1.5,0.13502439024390245,1
3549,25315,20101202,20101202,73,3,464,Low,Express Air,36,7783.36,0.07,3506.24,225.04,11.79,0.4504789705217284,0
3550,25315,20101202,20101202,73,3,26,Low,Regular Air,21,61.76,0.0,4.34,2.84,0.93,0.0702720207253886,0
3551,25315,20101202,20101204,73,3,465,Low,Delivery Truck,36,1280.34,0.0,-1048.25,31.76,45.51,-0.818727837918053,2
3559,25376,20110326,20110327,77,3,466,Critical,Regular Air,12,76.61,0.09,-31.83,6.28,5.29,-0.41548100770134444,1
3662,26240,20091219,20091222,4,3,65,Critical,Regular Air,38,1483.44,0.04,439.77,39.48,1.99,0.29645283934638406,3
3663,26240,20091219,20091220,4,3,467,Critical,Regular Air,39,145.68,0.04,12.0,3.7,1.61,0.08237232289950576,1
3753,26791,20110429,20110506,65,3,468,Low,Regular Air,45,500.48,0.08,-48.2,11.29,5.03,-0.09630754475703325,7
4042,28836,20101024,20101025,71,3,469,High,Regular Air,50,8221.2935,0.06,2342.21,195.99,4.2,0.28489555810165396,1
4043,28836,20101024,20101026,71,3,470,High,Regular Air,7,1158.26,0.06,170.08,172.99,19.99,0.14684095108179512,2
4071,28995,20100512,20100513,76,3,38,High,Regular Air,9,298.52,0.0,73.19,30.98,5.76,0.24517620259949083,1
4072,28995,20100512,20100513,76,3,471,High,Regular Air,34,667.35,0.04,80.92,19.98,8.68,0.12125571289428336,1
4085,29121,20100411,20100413,54,3,45,Medium,Regular Air,31,3206.965,0.08,575.33,125.99,7.69,0.1794001493624034,2
4125,29319,20090124,20090126,80,3,472,Low,Regular Air,30,6654.39,0.1,1151.69,238.4,24.49,0.1730722124792806,2
4126,29319,20090124,20090126,80,3,473,Low,Express Air,21,4429.69,0.03,983.55,199.99,24.49,0.22203585352473876,2
4137,29382,20101117,20101120,77,3,474,High,Regular Air,42,239.35,0.05,78.96,5.68,1.39,0.3298934614581157,3
4138,29382,20101117,20101119,77,3,67,High,Express Air,34,684.66,0.07,35.09,19.98,10.49,0.05125171618029387,2
4151,29445,20100929,20101001,65,3,475,High,Delivery Truck,28,2531.35,0.09,415.55,90.97,28.0,0.16416141584529995,2
4187,29762,20100803,20100805,83,3,476,Critical,Regular Air,15,22.45,0.03,0.78,1.48,0.7,0.03474387527839644,2
4229,30048,20110613,20110615,67,3,414,Medium,Delivery Truck,44,7765.13,0.06,433.63,180.98,55.24,0.05584323765345847,2
4249,30243,20100505,20100507,76,3,477,Critical,Regular Air,44,2435.32,0.09,650.56,60.22,3.5,0.26713532513181015,2
4250,30243,20100505,20100507,76,3,473,Critical,Regular Air,21,4242.76,0.07,340.88,199.99,24.49,0.0803439270663436,2
4267,30372,20100830,20100901,72,3,138,High,Regular Air,1,14.4,0.1,-7.39,12.22,2.85,-0.5131944444444444,2
4282,30499,20121030,20121101,4,3,478,High,Regular Air,16,92.06,0.1,5.66,5.98,2.5,0.06148164240712579,2
4283,30499,20121030,20121101,4,3,289,High,Regular Air,33,199.62,0.01,42.34,5.84,1.2,0.21210299569181446,2
4528,32199,20090715,20090716,71,3,479,High,Regular Air,40,196.5,0.08,-99.76,4.91,4.97,-0.5076844783715013,1
4529,32199,20090715,20090716,71,3,480,High,Regular Air,1,3672.89,0.01,-3061.82,3499.99,24.49,-0.8336269259357074,1
4530,32199,20090715,20090717,71,3,289,High,Regular Air,8,46.97,0.03,-0.01,5.84,1.2,-0.00021290185224611454,2
4546,32327,20120807,20120814,71,3,481,Low,Delivery Truck,45,20333.816,0.02,-1430.45,550.98,147.12,-0.0703483300920988,7
4594,32676,20090201,20090204,73,3,257,Critical,Regular Air,37,1697.44,0.06,523.43,45.19,1.99,0.3083643604486756,3
4611,32835,20120707,20120709,73,3,482,Medium,Regular Air,15,572.4325,0.05,-19.44,45.99,4.99,-0.03396033593480454,2
4613,32869,20090327,20090328,72,3,483,Medium,Regular Air,41,322.03,0.06,-82.83,8.12,2.83,-0.2572120609881067,1
4614,32869,20090327,20090328,72,3,452,Medium,Regular Air,49,2470.84,0.05,25.04,51.65,18.45,0.010134205371452622,1
4615,32869,20090327,20090328,72,3,463,Medium,Regular Air,2,15.26,0.01,-7.51,6.68,1.5,-0.49213630406290954,1
4616,32869,20090327,20090328,72,3,484,Medium,Regular Air,39,5250.6625,0.1,930.99,175.99,8.99,0.1773090538574894,1
4748,33763,20100923,20100925,74,3,111,Not Specified,Regular Air,23,10791.38,0.08,-234.79,499.99,24.49,-0.021757180267954607,2
4792,34048,20110328,20110330,72,3,485,Low,Regular Air,1,26.68,0.04,-10.74,22.23,3.63,-0.4025487256371814,2
4823,34275,20090701,20090703,77,3,486,Low,Regular Air,27,123.46,0.07,26.66,4.84,0.71,0.21594038554997572,2
4844,34438,20101211,20101212,65,3,487,High,Regular Air,28,588.54,0.04,-30.72,20.15,8.99,-0.05219696197369762,1
4901,34880,20090916,20090917,83,3,488,High,Regular Air,44,284.38,0.04,-62.43,6.48,5.19,-0.219530206062311,1
4912,34978,20110204,20110206,4,3,489,High,Regular Air,49,165.51,0.08,-269.91,3.52,6.83,-1.6307775965198479,2
4945,35141,20100911,20100912,69,3,490,Medium,Regular Air,29,2046.81,0.02,469.28,67.28,19.99,0.22927384564273184,1
4962,35300,20100302,20100303,78,3,491,Medium,Regular Air,10,28.81,0.02,7.15,2.89,0.49,0.24817771607080877,1
4963,35300,20100302,20100305,78,3,492,Medium,Regular Air,35,1445.6,0.08,126.03,41.32,8.66,0.08718179302711677,3
4964,35300,20100302,20100303,78,3,493,Medium,Regular Air,13,119.03,0.06,29.62,8.95,2.01,0.24884482903469715,1
4996,35558,20090915,20090917,4,3,494,Critical,Regular Air,2,34.88,0.09,-22.12,13.79,8.78,-0.6341743119266054,2
5091,36293,20101230,20110110,4,3,495,Medium,Regular Air,13,1272.83,0.04,250.47,100.98,7.18,0.19678197402638217,11
5092,36293,20101230,20110114,4,3,496,Medium,Express Air,25,165.36,0.09,-94.79,6.48,7.49,-0.5732341557813256,15
5128,36516,20110725,20110728,70,3,495,Medium,Regular Air,9,883.37,0.1,51.3,100.98,7.18,0.05807306111821773,3
5147,36677,20091223,20091225,54,3,497,Low,Regular Air,38,23255.61,0.0,-734.33,599.99,24.49,-0.031576466925614936,2
5223,37185,20121031,20121101,68,3,270,High,Regular Air,8,23.19,0.02,-13.27,2.6,2.4,-0.5722294092281155,1
5329,37888,20091222,20091224,76,3,498,Critical,Regular Air,31,639.19,0.09,274.9,20.98,1.49,0.43007556438617617,2
5387,38310,20120414,20120417,54,3,499,High,Regular Air,4,62.45,0.08,-141.76,3.48,49.0,-2.2699759807846274,3
5702,40327,20110513,20110515,71,3,500,Medium,Regular Air,42,152.55,0.06,-20.27,3.69,2.5,-0.13287446738774172,2
5703,40327,20110513,20110515,71,3,501,Medium,Regular Air,36,152.96,0.09,-123.87,4.28,5.74,-0.809819560669456,2
5714,40480,20111207,20111207,65,3,461,Critical,Express Air,19,7608.88,0.06,3049.45,420.98,19.99,0.40077514693358285,0
5715,40480,20111207,20111209,65,3,502,Critical,Regular Air,50,1270.03,0.1,221.81,26.48,6.93,0.17464941773028983,2
5741,40800,20101204,20101206,84,3,474,Not Specified,Regular Air,18,101.34,0.06,26.11,5.68,1.39,0.25764752318926387,2
5750,40835,20091124,20091126,69,3,319,High,Regular Air,26,393.59,0.06,-8.08,15.01,8.4,-0.020528976854086743,2
5751,40835,20091124,20091126,69,3,413,High,Regular Air,14,551.18,0.09,-326.97,40.48,19.99,-0.593218186436373,2
5752,40835,20091124,20091125,69,3,167,High,Regular Air,1,18.73,0.05,-6.68,12.28,6.13,-0.3566470902295782,1
5759,40871,20110913,20110915,73,3,183,Not Specified,Regular Air,32,294.04,0.03,-5.53,8.85,5.6,-0.018806965038770235,2
5760,40871,20110913,20110915,73,3,503,Not Specified,Delivery Truck,18,2022.65,0.05,-157.63,110.98,30.0,-0.07793241539564433,2
5857,41570,20101203,20101205,65,3,504,Not Specified,Regular Air,24,2289.92,0.09,1037.55,104.85,4.65,0.4530944312465064,2
5922,41991,20111218,20111223,83,3,307,Low,Delivery Truck,36,1773.86,0.06,133.3,50.98,14.19,0.075146854881445,5
5923,41991,20111218,20111222,83,3,505,Low,Regular Air,35,543.22,0.0,68.44,14.58,7.4,0.12598947019623724,4
5924,41991,20111218,20111222,83,3,506,Low,Regular Air,18,813.9,0.06,256.66,45.98,4.8,0.3153458655854528,4
5981,42400,20120809,20120811,70,3,507,Low,Regular Air,44,865.27,0.03,11.55,19.98,4.0,0.013348434592670497,2
5982,42400,20120809,20120814,70,3,218,Low,Regular Air,41,429.28,0.06,-168.95,10.97,6.5,-0.3935659709280656,5
6036,42754,20100824,20100825,79,3,508,Critical,Regular Air,31,341.71,0.04,32.19,10.98,5.14,0.09420268648854292,1
6055,42918,20110522,20110524,85,3,509,High,Regular Air,46,648.26,0.07,30.48,14.27,7.27,0.04701817172122297,2
6056,42918,20110522,20110524,85,3,510,High,Regular Air,46,410.43,0.1,-54.58,9.49,5.76,-0.1329824817873937,2
6059,42944,20121118,20121119,80,3,198,Critical,Delivery Truck,43,9750.55,0.0,1061.61,216.6,64.2,0.1088769351472481,1
6219,44037,20120628,20120630,4,3,511,High,Regular Air,39,835.55,0.07,326.43,22.23,5.08,0.3906767997127641,2
6220,44037,20120628,20120630,4,3,512,High,Regular Air,38,1799.6115,0.07,557.6,55.99,1.25,0.3098446525819601,2
6270,44387,20090204,20090209,71,3,412,Low,Express Air,50,1441.57,0.07,475.26,29.89,1.99,0.3296822214668729,5
6271,44387,20090204,20090208,71,3,513,Low,Regular Air,20,173.09,0.03,-6.71,8.34,4.82,-0.038765959905251605,4
6295,44576,20091225,20091226,77,3,308,Not Specified,Delivery Truck,38,5016.25,0.01,-189.35,124.49,51.94,-0.03774732120608024,1
6417,45601,20110926,20110928,78,3,72,High,Regular Air,47,945.03,0.0,267.64,19.98,5.97,0.2832079404886617,2
6419,45606,20110922,20110924,84,3,514,Medium,Regular Air,38,325.75,0.1,-124.25,8.75,8.54,-0.3814274750575595,2
6420,45606,20110922,20110923,84,3,339,Medium,Regular Air,24,136.42,0.09,-8.38,5.85,2.27,-0.061427943116845046,1
6480,46119,20090215,20090217,4,3,161,Critical,Regular Air,23,93.05,0.03,15.27,3.8,1.49,0.16410531972058034,2
6481,46119,20090215,20090217,4,3,515,Critical,Regular Air,20,154.13,0.07,57.31,7.98,1.25,0.3718289755401285,2
6482,46119,20090215,20090216,4,3,516,Critical,Delivery Truck,46,18824.42,0.07,-575.35,417.4,75.23,-0.0305640226896765,1
6574,46756,20091011,20091013,81,3,517,Medium,Regular Air,3,33.64,0.01,-22.45,7.28,11.15,-0.667360285374554,2
6700,47714,20110310,20110311,83,3,518,Medium,Regular Air,30,176.15,0.01,-125.36,5.53,6.98,-0.7116661935850127,1
6715,47846,20120811,20120813,76,3,519,High,Regular Air,5,66.43,0.01,-9.45,10.68,13.04,-0.14225500526870388,2
6716,47846,20120811,20120813,76,3,423,High,Regular Air,25,2674.18,0.06,631.99,110.98,13.99,0.2363303891286301,2
6717,47846,20120811,20120812,76,3,135,High,Regular Air,50,5513.82,0.03,1581.93,105.98,13.99,0.28690272805423467,1
6718,47846,20120811,20120812,76,3,262,High,Regular Air,37,241.14,0.08,-120.08,6.68,6.93,-0.4979679854026707,1
6722,47876,20091225,20091227,77,3,234,High,Regular Air,8,365.22,0.04,58.08,46.89,5.1,0.15902743551831772,2
6749,48067,20120629,20120701,69,3,520,Low,Express Air,31,3229.66,0.05,695.06,125.99,3.0,0.21521150833214642,2
6750,48067,20120629,20120629,69,3,521,Low,Express Air,24,4010.9375,0.0,630.7,195.99,8.99,0.15724503311258278,0
6772,48199,20090118,20090121,71,3,16,Not Specified,Regular Air,47,672.46,0.1,279.74,15.74,1.39,0.4159950034202778,3
6879,49029,20120520,20120522,84,3,194,High,Express Air,49,8223.07,0.06,2549.4,195.99,3.99,0.31003019553524414,2
6899,49216,20090319,20090319,86,3,203,High,Regular Air,11,259.69,0.1,-45.82,24.92,12.98,-0.17644114136085332,0
6900,49216,20090319,20090319,86,4,242,High,Delivery Truck,9,2503.86,0.06,-172.48,270.97,28.06,-0.06888564057095843,0
6901,49216,20090319,20090320,86,4,522,High,Express Air,29,374.67,0.0,30.63,12.28,6.35,0.08175194170870366,1
7005,49990,20090905,20090905,74,4,331,Not Specified,Delivery Truck,11,5155.35,0.0,501.51,442.14,14.7,0.09727952515348133,0
7018,50081,20091103,20091104,68,4,523,Not Specified,Delivery Truck,7,538.51,0.0,-88.75,70.98,26.74,-0.16480659597779057,1
7063,50404,20110326,20110327,68,4,524,High,Regular Air,18,3780.43,0.05,905.57,210.55,9.99,0.2395415336350627,1
7064,50404,20110326,20110328,68,4,359,High,Regular Air,10,1961.68,0.04,-367.0,182.55,69.0,-0.18708453978222747,2
7116,50784,20120210,20120211,81,4,280,High,Regular Air,20,638.72,0.04,-130.88,32.98,5.5,-0.20490981963927854,1
7128,50850,20090506,20090508,77,4,447,Critical,Regular Air,37,1599.54,0.0,578.14,40.98,7.47,0.3614414144066419,2
7129,50850,20090506,20090507,77,4,516,Critical,Delivery Truck,2,942.42,0.02,-634.87,417.4,75.23,-0.6736593026463785,1
7161,51075,20101123,20101125,4,4,525,Not Specified,Express Air,43,1290.2065,0.06,-160.68,35.99,5.0,-0.1245382037681565,2
7209,51461,20110210,20110212,77,4,221,Not Specified,Regular Air,43,858.53,0.07,-97.54,19.99,11.17,-0.11361280328002517,2
7232,51558,20100329,20100329,77,4,526,Not Specified,Regular Air,34,245.4,0.0,-87.27,6.68,6.92,-0.35562347188264054,0
7233,51558,20100329,20100329,77,4,527,Not Specified,Delivery Truck,47,4177.66,0.04,85.29,85.29,60.0,0.020415735124447658,0
7310,52130,20120905,20120907,4,4,528,Low,Regular Air,13,63.33,0.0,-39.96,4.13,5.34,-0.6309805779251539,2
7311,52130,20120905,20120907,4,4,529,Low,Regular Air,36,1436.55,0.1,-4.01,40.89,18.98,-0.0027914099752880165,2
7363,52482,20110131,20110131,77,4,530,Critical,Express Air,21,848.2,0.06,163.78,40.98,5.33,0.19309125206319264,0
7364,52482,20110131,20110202,77,4,485,Critical,Regular Air,30,717.21,0.0,217.06,22.23,3.63,0.3026449714867333,2
7480,53410,20090807,20090809,72,4,531,Critical,Regular Air,44,642.8,0.08,-253.11,14.81,13.32,-0.39376166770379595,2
7493,53477,20120505,20120507,73,4,35,High,Delivery Truck,32,3114.05,0.01,-1207.18,95.95,74.35,-0.38765594643631285,2
7494,53477,20120505,20120506,73,4,71,High,Delivery Truck,27,8161.93,0.06,1261.44,300.98,64.73,0.15455168079118542,1
7495,53477,20120505,20120507,73,4,532,High,Regular Air,36,1314.65,0.06,536.87,37.94,5.08,0.40837485262237094,2
7496,53477,20120505,20120507,73,4,533,High,Regular Air,28,4479.16,0.07,610.9,161.55,19.99,0.13638717973905823,2
7497,53508,20091110,20091112,73,4,534,High,Regular Air,13,1072.22,0.03,149.64,80.98,7.18,0.13956091100706944,2
7498,53508,20091110,20091112,73,4,535,High,Regular Air,25,342.85,0.06,-32.42,13.99,7.51,-0.0945603033396529,2
7499,53508,20091110,20091110,73,4,536,High,Regular Air,4,62.48,0.06,1.06,15.04,1.97,0.016965428937259924,0
7522,53703,20100614,20100615,68,4,405,Not Specified,Regular Air,14,1966.26,0.06,-34.79,140.85,19.99,-0.017693489162165735,1
7562,54115,20120107,20120112,87,4,537,Low,Regular Air,24,114.17,0.01,-80.05,4.37,5.15,-0.7011474117544013,5
7563,54115,20120107,20120112,87,4,538,Low,Regular Air,39,197.11,0.03,-89.42,4.98,4.95,-0.4536553193648217,5
7607,54437,20101219,20101219,85,4,141,High,Regular Air,15,653.871,0.09,-311.05,55.99,5.0,-0.47570545260456576,0
7616,54501,20121129,20121130,68,4,539,Critical,Regular Air,36,2039.082,0.01,481.7,65.99,4.99,0.23623375617066894,1
7617,54501,20121129,20121201,68,4,535,Critical,Regular Air,16,225.46,0.09,-33.03,13.99,7.51,-0.14650048789142198,2
7618,54501,20121129,20121201,68,4,540,Critical,Regular Air,38,783.96,0.05,-1195.29,20.34,35.0,-1.524682381754171,2
7642,54753,20090418,20090419,72,4,150,Medium,Regular Air,36,4711.244,0.06,1380.32,155.99,3.9,0.29298418846487256,1
7690,55138,20090924,20090925,84,4,294,High,Regular Air,22,1132.54,0.0,-628.38,48.91,35.0,-0.5548413301075459,1
7713,55271,20110311,20110313,4,4,541,Medium,Delivery Truck,16,1648.33,0.07,-210.14,100.89,42.0,-0.12748660765744724,2
7722,55331,20101213,20101215,69,4,500,High,Regular Air,13,50.35,0.05,-8.24,3.69,2.5,-0.16365441906653427,2
7769,55618,20120121,20120122,87,4,542,Medium,Regular Air,48,1494.232,0.04,479.95,35.99,1.25,0.32120179463430043,1
7924,56645,20120106,20120106,65,4,385,Low,Regular Air,46,1483.49,0.02,65.82,30.98,17.08,0.04436834761272405,0
7925,56645,20120106,20120108,65,4,453,Low,Delivery Truck,42,14729.36,0.07,3277.57,348.21,40.19,0.22251951204940337,2
7949,56803,20091210,20091210,4,4,543,Not Specified,Regular Air,42,258.19,0.1,-103.27,6.48,5.9,-0.39997676129981796,0
8001,57159,20100212,20100213,76,4,544,Critical,Delivery Truck,17,4621.1,0.09,-635.65,280.98,57.0,-0.13755382917487177,1
8002,57159,20100212,20100212,76,4,545,Critical,Regular Air,42,460.2,0.01,-214.39,9.99,11.59,-0.46586266840504126,0
8056,57507,20090626,20090629,85,4,319,Critical,Regular Air,10,155.45,0.03,-19.68,15.01,8.4,-0.12660019298809908,3
8114,57922,20110208,20110208,68,4,278,Critical,Regular Air,50,343.26,0.04,-287.28,6.84,8.37,-0.8369166229680125,0
8132,58117,20110220,20110221,71,4,546,Critical,Regular Air,42,134.86,0.04,-62.84,3.14,1.92,-0.4659647041376242,1
8149,58278,20120910,20120912,85,4,547,High,Regular Air,37,3512.9,0.08,2093.7,99.23,8.99,0.5960033021150616,2
8150,58278,20120910,20120913,85,4,56,High,Regular Air,4,281.5455,0.1,-434.56,85.99,0.99,-1.5434805386695933,3
8185,58502,20100212,20100214,65,4,109,Critical,Delivery Truck,23,5186.31,0.03,1009.38,226.67,28.16,0.1946239233674809,2
8225,58788,20100201,20100203,72,4,455,Low,Regular Air,31,983.78,0.04,43.72,30.98,6.5,0.0444408302669296,2
8245,58947,20110926,20110926,67,4,548,Not Specified,Regular Air,48,410.15,0.01,102.58,8.01,2.87,0.2501036206266,0
8246,58947,20110926,20110927,67,4,549,Not Specified,Regular Air,28,135.72,0.09,-67.79,4.98,5.02,-0.499484232242853,1
8263,59074,20100812,20100814,54,5,215,Low,Regular Air,37,589.63,0.03,70.8,14.98,8.99,0.12007530146023777,2
8292,59233,20100820,20100822,54,5,550,High,Delivery Truck,3,336.84,0.08,-160.46,100.98,35.84,-0.47636860230376443,2
8293,59233,20100820,20100820,54,5,551,High,Express Air,30,397.17,0.1,7.69,14.34,5.0,0.01936198605131304,0
8316,59425,20120517,20120519,70,5,432,Medium,Regular Air,24,2094.12,0.0,717.12,83.1,6.13,0.34244455905105725,2
8317,59425,20120517,20120520,70,5,532,Medium,Regular Air,46,1714.02,0.04,741.27,37.94,5.08,0.43247453355270066,3
8360,59750,20100709,20100713,84,5,552,Low,Regular Air,34,223.59,0.04,-66.05,6.48,5.74,-0.2954067713225099,4
7,35,20111022,20111023,88,5,553,Not Specified,Regular Air,30,288.56,0.03,60.72,9.11,2.25,0.21042417521485998,1
8,35,20111022,20111024,88,5,554,Not Specified,Regular Air,14,1892.848,0.01,48.99,155.99,8.99,0.02588163444713997,2
51,294,20100715,20100716,89,5,220,Medium,Regular Air,35,6375.28,0.06,489.02,193.17,19.99,0.07670565057534728,1
76,450,20110304,20110305,90,5,555,Not Specified,Express Air,29,1000.78,0.05,109.33,34.58,8.99,0.10924478906452967,1
77,450,20110304,20110306,90,5,102,Not Specified,Regular Air,35,543.72,0.05,-211.13,15.7,11.25,-0.3883064812771279,2
164,1028,20090105,20090106,90,5,395,High,Regular Air,6,165.75,0.03,-28.46,28.48,1.99,-0.17170437405731523,1
165,1028,20090105,20090107,90,5,556,High,Regular Air,11,2021.147,0.01,-60.39,205.99,5.99,-0.02987907361513042,2
199,1314,20090512,20090514,91,5,277,Medium,Regular Air,4,42.58,0.0,-7.61,9.27,4.39,-0.17872240488492253,2
333,2279,20100222,20100223,92,5,557,Medium,Delivery Truck,49,4577.18,0.0,205.83,90.98,30.0,0.044968736208757354,1
334,2279,20100222,20100224,92,5,558,Medium,Regular Air,39,845.9,0.04,52.53,20.98,5.42,0.062099538952594874,2
353,2465,20110623,20110625,92,5,65,Critical,Regular Air,28,1082.45,0.04,271.87,39.48,1.99,0.2511617164765116,2
361,2530,20090320,20090322,92,5,400,Medium,Regular Air,9,23.46,0.06,4.58,2.61,0.5,0.19522591645353793,2
431,2883,20110122,20110124,92,5,391,Low,Regular Air,34,2154.34,0.1,177.66,64.98,6.88,0.08246609170325946,2
485,3362,20110728,20110801,93,5,559,Low,Regular Air,40,1699.52,0.04,734.75,40.98,1.99,0.43232795142157787,4
486,3362,20110728,20110806,93,5,560,Low,Regular Air,50,760.85,0.03,-109.1,15.14,4.53,-0.14339225865807978,9
739,5318,20100403,20100405,90,5,561,High,Regular Air,8,1042.25,0.08,195.16,131.12,0.99,0.18724874070520509,2
740,5318,20100403,20100404,90,5,333,High,Express Air,29,5010.7415,0.03,1196.37,200.99,4.2,0.23876106959419077,1
835,5988,20101121,20101122,89,5,111,Not Specified,Express Air,40,19109.61,0.1,-379.29,499.99,24.49,-0.019848128768718984,1
851,6115,20100911,20100912,90,5,562,Medium,Regular Air,25,409.08,0.1,78.86,17.78,5.03,0.19277402952967634,1
882,6337,20110831,20110902,91,5,563,Not Specified,Regular Air,48,3397.72,0.01,-912.08,70.71,37.58,-0.26843883545436353,2
883,6337,20110831,20110901,91,5,564,Not Specified,Delivery Truck,1,449.42,0.07,-261.61,376.13,85.63,-0.5821058252859241,1
895,6434,20090607,20090607,92,5,565,High,Regular Air,13,59.58,0.07,14.49,4.76,0.88,0.243202416918429,0
989,7136,20090322,20090324,94,5,65,High,Regular Air,17,642.9,0.07,88.72,39.48,1.99,0.13799968890962824,2
990,7136,20090322,20090324,94,5,383,High,Regular Air,9,47.28,0.0,17.05,4.91,0.5,0.3606175972927242,2
1029,7489,20100930,20101003,95,5,566,Critical,Delivery Truck,38,6900.13,0.01,552.97,180.98,23.58,0.08013906984361165,3
1083,7968,20100915,20100915,96,5,567,Low,Delivery Truck,10,1449.21,0.06,-270.0,150.98,30.0,-0.18630840250895314,0
1122,8227,20100110,20100111,93,5,568,Not Specified,Express Air,32,162.25,0.05,-43.21,4.77,2.39,-0.26631741140215714,1
1255,9123,20100626,20100627,90,5,569,Critical,Express Air,27,384.9,0.07,-108.28,14.03,9.37,-0.2813198233307353,1
1339,9792,20110723,20110723,97,5,213,Low,Regular Air,14,84.09,0.02,-73.14,5.4,7.78,-0.8697823760256868,0
1352,9860,20101010,20101011,95,5,570,Critical,Regular Air,43,319.69,0.0,-73.66,7.28,3.52,-0.23041071037567643,1
1423,10310,20090205,20090209,93,5,571,Low,Regular Air,48,139.86,0.07,9.59,2.88,1.01,0.06856856856856856,4
1424,10310,20090205,20090212,93,5,4,Low,Regular Air,6,926.585,0.1,-655.42,195.99,3.99,-0.7073501081929882,7
1436,10369,20111109,20111111,95,5,572,Low,Regular Air,4,27.34,0.06,-12.38,5.78,4.96,-0.4528163862472568,2
1437,10369,20111109,20111114,95,5,573,Low,Regular Air,23,683.68,0.0,-95.54,28.48,8.99,-0.13974373976129184,5
1486,10692,20090726,20090728,92,5,574,Low,Regular Air,26,100.41,0.04,-69.91,3.57,4.17,-0.6962453938850712,2
1487,10692,20090726,20090730,92,5,333,Low,Regular Air,48,8101.9875,0.05,2369.84,200.99,4.2,0.2925010684106832,4
1488,10692,20090726,20090726,92,5,354,Low,Regular Air,8,1313.811,0.07,-457.16,195.99,8.99,-0.34796481381264127,0
1596,11553,20090418,20090419,91,5,575,Medium,Express Air,28,1350.34,0.1,-517.17,52.99,19.99,-0.38299243153576135,1
1597,11553,20090418,20090421,91,5,66,Medium,Delivery Truck,8,861.26,0.07,-429.86,100.98,57.38,-0.49910596103383414,3
1598,11553,20090418,20090420,91,5,576,Medium,Regular Air,20,1531.411,0.03,365.42,85.99,0.99,0.2386165438278816,2
1626,11776,20120224,20120224,93,5,231,Low,Express Air,40,57.24,0.04,-14.1,1.26,0.7,-0.24633123689727462,0
1631,11782,20120728,20120802,98,5,62,Low,Regular Air,46,247.21,0.02,-63.72,4.98,4.75,-0.25775656324582336,5
1632,11782,20120728,20120804,98,5,577,Low,Regular Air,27,1541.781,0.07,14.35,66.99,13.99,0.009307417849876215,7
1690,12199,20111214,20111219,91,5,578,Low,Regular Air,2,19.0,0.01,-10.73,6.54,5.27,-0.5647368421052632,5
1691,12199,20111214,20111218,91,5,376,Low,Regular Air,50,8289.51,0.01,3051.62,155.06,7.07,0.36813032374651816,4
2004,14275,20100613,20100615,96,5,579,Low,Regular Air,20,42.22,0.04,-7.73,2.08,1.49,-0.18308858360966368,2
2005,14275,20100613,20100615,96,5,580,Low,Delivery Truck,4,653.44,0.06,-187.75,160.98,30.0,-0.28732553868756117,2
2043,14535,20101001,20101002,96,5,468,Not Specified,Regular Air,22,245.96,0.03,-33.82,11.29,5.03,-0.13750203285087007,1
2145,15329,20120427,20120427,92,5,412,High,Express Air,34,1014.87,0.04,319.52,29.89,1.99,0.31483835368076696,0
2169,15621,20110924,20110925,96,5,114,Critical,Express Air,18,35.51,0.02,-13.95,1.68,1.57,-0.3928470853280766,1
2170,15621,20110924,20110924,96,5,159,Critical,Regular Air,39,1105.66,0.02,-136.2,28.28,13.99,-0.12318434238373459,0
2452,17826,20120630,20120701,99,5,36,High,Regular Air,18,78.93,0.04,-88.61,3.89,7.01,-1.1226403142024577,1
2463,17926,20111110,20111112,97,5,581,Critical,Regular Air,37,608.33,0.02,-70.04,15.31,8.78,-0.1151348774513833,2
2513,18247,20091105,20091106,92,5,378,Not Specified,Regular Air,20,155.8,0.0,27.22,7.59,4.0,0.1747111681643132,1
2551,18471,20090219,20090220,91,5,582,Not Specified,Regular Air,37,226.65,0.0,46.41,5.98,0.96,0.20476505625413632,1
2552,18471,20090219,20090220,91,5,583,Not Specified,Regular Air,4,10.96,0.02,-8.02,2.08,2.56,-0.7317518248175181,1
2553,18471,20090219,20090220,91,5,584,Not Specified,Regular Air,29,185.61,0.02,-47.12,5.98,5.46,-0.2538656322396422,1
2745,19813,20100302,20100303,94,5,585,Critical,Regular Air,29,1098.506,0.05,218.73,45.99,2.5,0.1991158901271363,1
2815,20322,20090628,20090630,100,5,338,Critical,Regular Air,46,160.27,0.06,-183.36,3.58,5.47,-1.1440693829163286,2
2816,20322,20090628,20090628,100,5,550,Critical,Delivery Truck,46,4601.02,0.09,-129.53,100.98,35.84,-0.028152453151692448,0
2817,20322,20090628,20090628,100,5,586,Critical,Regular Air,15,89.89,0.1,-72.28,5.78,7.96,-0.8040938925353209,0
2830,20422,20090126,20090127,96,5,551,High,Regular Air,30,447.33,0.03,115.21,14.34,5.0,0.25755035432454787,1
2831,20448,20110802,20110803,101,5,500,Critical,Express Air,23,104.82,0.02,6.84,3.69,2.5,0.06525472238122496,1
3056,21892,20100704,20100706,91,5,479,High,Regular Air,6,34.88,0.06,-18.34,4.91,4.97,-0.525802752293578,2
3204,22980,20121001,20121002,92,5,587,Not Specified,Regular Air,17,224.09,0.0,-27.92,12.44,6.27,-0.124592797536704,1
3341,23907,20110714,20110714,88,5,588,Not Specified,Regular Air,7,384.2,0.05,-164.46,65.99,2.5,-0.4280583029672046,0
3362,24064,20100725,20100728,89,5,589,Medium,Delivery Truck,23,6366.52,0.07,935.8,297.64,14.7,0.14698767929732412,3
3382,24132,20090706,20090711,91,5,240,Low,Regular Air,4,31.01,0.03,-4.49,6.75,2.99,-0.14479200257981295,5
3383,24132,20090706,20090706,91,5,311,Low,Regular Air,46,331.83,0.05,-101.25,7.1,6.05,-0.30512611879576895,0
3384,24132,20090706,20090711,91,5,125,Low,Regular Air,22,446.46,0.04,-1.88,20.95,4.0,-0.004210903552389912,5
3385,24132,20090706,20090713,91,5,590,Low,Regular Air,31,1252.89,0.05,339.75,39.06,10.55,0.2711730479132246,7
3386,24132,20090706,20090715,91,5,489,Low,Regular Air,12,47.79,0.04,-57.75,3.52,6.83,-1.2084118016321406,9
3387,24132,20090706,20090713,91,5,260,Low,Regular Air,3,63.84,0.02,-47.97,15.51,17.78,-0.7514097744360901,7
3441,24576,20121211,20121213,101,5,591,Not Specified,Regular Air,29,531.063,0.03,24.56,20.99,4.81,0.046246867132524766,2
3442,24576,20121211,20121213,101,5,505,Not Specified,Regular Air,10,152.84,0.05,38.02,14.58,7.4,0.24875686992933788,2
3541,25248,20111201,20111203,93,5,207,Medium,Express Air,33,271.14,0.05,29.21,8.33,1.99,0.10773032381795383,2
3542,25248,20111201,20111202,93,5,84,Medium,Regular Air,26,1150.3,0.1,418.19,48.91,5.81,0.36354863948535165,1
3573,25475,20090404,20090404,94,5,496,Critical,Regular Air,49,305.96,0.06,-191.49,6.48,7.49,-0.6258661262910185,0
3784,26978,20100625,20100626,100,5,41,Medium,Regular Air,2,48.84,0.01,-21.2,18.97,9.03,-0.43407043407043405,1
3798,27105,20110216,20110217,89,5,478,Not Specified,Regular Air,37,223.74,0.01,39.63,5.98,2.5,0.17712523464735855,1
3799,27105,20110216,20110217,89,5,592,Not Specified,Regular Air,2,26.82,0.0,26.21,10.4,5.4,0.9772557792692022,1
3940,28068,20100826,20100828,88,5,593,Low,Regular Air,23,631.99,0.08,-43.96,27.48,4.0,-0.06955806262757322,2
4032,28802,20101104,20101106,89,5,594,High,Express Air,23,413.8,0.08,51.36,17.67,8.99,0.12411793136781053,2
4033,28802,20101104,20101107,89,5,513,High,Express Air,36,336.25,0.0,25.95,8.34,4.82,0.07717472118959108,3
4034,28802,20101104,20101106,89,5,595,High,Regular Air,22,4001.4685,0.02,884.91,205.99,3.0,0.2211463116603317,2
4044,28839,20090428,20090430,43,5,596,Low,Express Air,30,102.95,0.06,-175.86,3.34,7.49,-1.7082078678970374,2
4111,29252,20090806,20090810,43,5,488,Low,Regular Air,9,65.81,0.01,-15.44,6.48,5.19,-0.2346148001823431,4
4488,31941,20090318,20090319,95,5,370,Medium,Express Air,32,2564.45,0.01,650.73,78.65,13.99,0.2537503168320693,1
4489,31941,20090318,20090320,95,5,597,Medium,Regular Air,7,53.55,0.07,-43.5,6.48,9.68,-0.8123249299719888,2
4555,32418,20090105,20090106,98,5,131,Not Specified,Delivery Truck,5,1244.19,0.08,-131.31,243.98,43.32,-0.10553854314855447,1
4813,34241,20121008,20121008,89,5,598,Low,Regular Air,4,207.55,0.08,16.23,52.71,2.5,0.0781980245723922,0
4893,34816,20101105,20101105,97,5,599,Not Specified,Regular Air,29,1158.45,0.1,267.16,41.71,4.5,0.23061849885623031,0
4894,34816,20101105,20101107,97,5,600,Not Specified,Regular Air,43,2568.71,0.1,590.77,60.98,19.99,0.22998703629448244,2
4917,35011,20121210,20121212,101,5,341,Not Specified,Regular Air,14,154.45,0.09,-2.31,10.98,3.37,-0.014956296536095825,2
5058,36068,20090205,20090206,43,5,369,Critical,Delivery Truck,23,6133.18,0.06,1243.17,279.81,23.19,0.20269582826527185,1
5196,36930,20110928,20110930,99,5,601,Medium,Regular Air,34,2632.4755,0.01,1325.82,85.99,3.3,0.5036400148833293,2
5245,37315,20120605,20120612,101,5,158,Low,Regular Air,43,170.81,0.1,-133.68,4.28,5.17,-0.7826239681517476,7
5246,37315,20120605,20120612,101,5,602,Low,Express Air,31,4726.595,0.05,1176.48,175.99,4.99,0.24890645380025156,7
5340,37925,20100926,20100927,101,5,603,Medium,Delivery Truck,46,3780.16,0.1,1265.82,90.97,14.0,0.33485884195377974,1
5341,37925,20100926,20100927,101,5,440,Medium,Regular Air,31,1784.048,0.05,394.45,65.99,3.99,0.2210983112561994,1
5351,38021,20090121,20090123,92,5,604,Medium,Regular Air,46,1482.01,0.02,709.33,30.44,1.49,0.47862699981781504,2
5389,38336,20121005,20121006,88,5,240,Critical,Regular Air,14,91.75,0.07,2.82,6.75,2.99,0.030735694822888283,1
5390,38336,20121005,20121006,88,5,218,Critical,Regular Air,31,346.57,0.0,-116.45,10.97,6.5,-0.33600715584153273,1
5430,38565,20090325,20090327,91,5,448,Critical,Express Air,20,234.09,0.01,-11.69,10.64,5.16,-0.04993805801187577,2
5615,39783,20120920,20120922,97,5,284,Not Specified,Regular Air,19,82.43,0.04,-94.76,4.06,6.89,-1.1495814630595658,2
5616,39783,20120920,20120922,97,5,183,Not Specified,Regular Air,31,295.97,0.02,5.02,8.85,5.6,0.016961178497820723,2
5617,39783,20120920,20120921,97,5,605,Not Specified,Regular Air,29,94.5,0.02,39.9,3.15,0.5,0.4222222222222222,1
5997,42500,20100205,20100207,99,5,606,Not Specified,Regular Air,39,1836.06,0.04,437.07,48.92,4.5,0.23804777621646353,2
5998,42500,20100205,20100207,99,5,3,Not Specified,Regular Air,2,21.03,0.03,-10.48,8.69,2.99,-0.49833571088920586,2
6233,44162,20100319,20100320,88,5,341,High,Regular Air,46,507.64,0.04,42.76,10.98,3.37,0.08423292096761484,1
6246,44256,20111119,20111128,97,5,548,Low,Regular Air,39,301.36,0.09,48.45,8.01,2.87,0.16077117069285904,9
6247,44256,20111119,20111124,97,5,607,Low,Regular Air,17,114.28,0.08,-38.72,6.48,5.84,-0.33881694084704234,5
6248,44256,20111119,20111126,97,5,608,Low,Express Air,49,1889.04,0.1,182.15,40.97,8.99,0.09642463897005887,7
6261,44320,20090429,20090430,97,5,609,Medium,Regular Air,49,7002.08,0.1,-1640.51,154.13,69.0,-0.23428895413934145,1
6386,45377,20110403,20110405,95,5,610,Low,Regular Air,47,91.43,0.08,-22.9,2.08,1.49,-0.25046483648692985,2
6658,47367,20110416,20110416,92,5,161,Medium,Regular Air,7,27.99,0.06,-0.17,3.8,1.49,-0.006073597713469097,0
6659,47367,20110416,20110417,92,5,21,Medium,Regular Air,6,21.07,0.08,2.28,3.69,0.5,0.10821072615092547,1
6705,47750,20100615,20100620,97,5,360,Low,Regular Air,37,102.46,0.08,36.64,2.88,0.5,0.3576029670115167,5
6706,47750,20100615,20100620,97,5,217,Low,Regular Air,43,1097.6,0.05,216.12,25.38,8.99,0.19690233236151605,5
6791,48388,20090809,20090811,98,5,241,High,Regular Air,3,21.64,0.08,-13.33,5.74,5.01,-0.615988909426987,2
6882,49059,20090920,20090922,102,5,349,Medium,Regular Air,48,128.0,0.09,45.51,2.89,0.5,0.355546875,2
6883,49059,20090920,20090921,102,5,84,Medium,Regular Air,5,252.66,0.02,32.86,48.91,5.81,0.13005620201060714,1
6938,49510,20120320,20120321,101,5,611,Critical,Regular Air,16,44.1,0.04,-6.22,2.58,1.3,-0.14104308390022674,1
6949,49634,20120323,20120325,97,5,612,Not Specified,Regular Air,45,132.31,0.02,10.91,2.88,1.49,0.08245786410702138,2
7035,50210,20100719,20100724,99,5,46,Low,Regular Air,47,178.51,0.0,82.3,3.75,0.5,0.46103859727746344,5
7036,50210,20100719,20100728,99,5,613,Low,Regular Air,15,31.32,0.0,-30.26,1.86,2.58,-0.9661558109833972,9
7079,50503,20121121,20121123,89,5,614,Medium,Regular Air,28,1538.8655,0.05,-186.33,65.99,19.99,-0.12108270670828607,2
7120,50816,20090327,20090329,43,5,166,High,Regular Air,25,286.07,0.07,-35.94,11.97,4.98,-0.12563358618519943,2
7121,50816,20090327,20090329,43,5,258,High,Regular Air,26,733.92,0.03,302.8,28.53,1.49,0.4125790276869414,2
7122,50816,20090327,20090329,43,5,615,High,Regular Air,6,99.11,0.01,-12.46,15.28,1.99,-0.12571889819392595,2
7159,51073,20100514,20100516,101,5,355,Not Specified,Express Air,17,2475.08,0.0,958.8,136.98,24.49,0.3873814179743685,2
7160,51073,20100514,20100515,101,5,616,Not Specified,Regular Air,49,1610.42,0.0,813.35,30.93,3.92,0.5050545820345003,1
7235,51584,20101017,20101018,92,5,503,Critical,Delivery Truck,48,5620.2,0.01,176.04,110.98,30.0,0.031322728728515,1
7273,51879,20100824,20100826,6,5,617,Not Specified,Regular Air,26,1382.31,0.03,372.26,51.94,19.99,0.2693028336624925,2
7274,51879,20100824,20100825,6,5,471,Not Specified,Regular Air,46,991.36,0.01,212.06,19.98,8.68,0.21390816655907036,1
7335,52288,20110810,20110811,95,5,618,High,Regular Air,19,1410.44,0.07,545.11,78.69,19.99,0.38648223249482433,1
7456,53190,20090924,20090927,99,5,258,Medium,Regular Air,10,268.18,0.06,74.64,28.53,1.49,0.27832053098665077,3
7457,53190,20090924,20090925,99,5,440,Medium,Regular Air,9,477.054,0.1,-170.53,65.99,3.99,-0.3574647733799528,1
7502,53536,20121030,20121101,89,5,619,High,Regular Air,35,738.69,0.1,109.16,22.98,7.58,0.14777511540700428,2
7503,53536,20121030,20121101,89,5,620,High,Delivery Truck,5,1015.4,0.0,-234.59,179.29,56.2,-0.231032105574158,2
7506,53572,20100507,20100508,98,5,621,Medium,Regular Air,17,184.09,0.07,4.79,11.09,5.25,0.026019881579662122,1
7533,53825,20110409,20110411,73,5,399,Low,Regular Air,36,1646.05,0.08,649.8,48.04,7.23,0.3947632210443182,2
7534,53863,20100603,20100606,102,5,533,High,Express Air,46,7807.45,0.02,1660.15,161.55,19.99,0.2126366483294802,3
7565,54119,20100522,20100523,6,5,622,Medium,Express Air,45,261.0,0.04,-43.45,5.81,3.37,-0.16647509578544062,1
7566,54119,20100522,20100525,6,5,254,Medium,Regular Air,4,127.56,0.05,-41.75,29.74,6.64,-0.3272969582941361,3
7861,56224,20121025,20121027,99,5,415,Medium,Regular Air,35,144.06,0.01,-117.27,3.81,5.44,-0.8140358184089962,2
7862,56224,20121025,20121026,99,5,35,Medium,Delivery Truck,32,3205.24,0.01,-1115.99,95.95,74.35,-0.34817673559546247,1
7863,56224,20121025,20121025,99,5,623,Medium,Regular Air,46,339.27,0.1,48.59,7.89,2.82,0.14321926489226872,0
7864,56224,20121025,20121026,99,5,308,Medium,Delivery Truck,9,902.024,0.04,-153.25,124.49,51.94,-0.16989570122302733,1
7873,56293,20100105,20100105,99,5,221,Not Specified,Regular Air,34,702.79,0.04,-44.81,19.99,11.17,-0.06376015594985701,0
7874,56293,20100105,20100106,99,5,624,Not Specified,Regular Air,44,712.64,0.06,-27.72,16.91,6.25,-0.038897620116748986,1
8116,57959,20111230,20111231,97,5,622,Medium,Regular Air,40,239.86,0.04,-32.06,5.81,3.37,-0.1336613024264154,1
8117,57959,20111230,20111231,97,5,296,Medium,Express Air,48,1269.79,0.08,-65.33,26.31,5.89,-0.05144945227163547,1
8184,58500,20110214,20110214,102,5,425,Low,Regular Air,17,1529.014,0.07,14.01,110.99,8.99,0.009162767639799244,0
8335,59584,20100528,20100529,73,5,550,Medium,Delivery Truck,3,336.84,0.08,-160.46,100.98,35.84,-0.47636860230376443,1
8336,59584,20100528,20100528,73,5,222,Medium,Regular Air,7,1120.27,0.0,16.81,150.98,13.99,0.015005311219616698,0
45,261,20100628,20100629,103,5,625,Medium,Regular Air,47,5677.609,0.04,1680.79,140.99,4.2,0.2960383499462538,1
143,928,20110301,20110306,104,5,324,Low,Express Air,21,1222.68,0.06,300.97,59.98,3.99,0.2461559852128112,5
144,928,20110301,20110303,104,5,505,Low,Express Air,26,390.2,0.02,45.0,14.58,7.4,0.11532547411583803,2
191,1282,20120227,20120229,105,5,48,Not Specified,Regular Air,26,892.38,0.0,366.48,31.78,1.99,0.41067706582397634,2
192,1282,20120227,20120229,105,5,149,Not Specified,Regular Air,10,29.41,0.01,-2.06,2.78,1.34,-0.07004420265215913,2
267,1856,20120319,20120321,106,5,347,Not Specified,Regular Air,24,1449.3,0.08,-712.14,60.98,49.0,-0.49136824673980545,2
268,1856,20120319,20120320,106,5,442,Not Specified,Regular Air,43,4374.6865,0.05,973.16,125.99,8.08,0.22245251173998412,1
269,1856,20120319,20120320,106,5,626,Not Specified,Regular Air,44,4283.235,0.1,676.13,125.99,8.8,0.15785498577593807,1
280,1925,20120304,20120305,87,5,68,Critical,Regular Air,7,1874.37,0.08,67.84,276.2,24.49,0.036193494347434074,1
424,2848,20120309,20120311,105,5,627,Critical,Express Air,35,1476.39,0.06,-303.62,43.31,15.9,-0.2056502685604752,2
425,2848,20120309,20120311,105,5,628,Critical,Regular Air,8,863.583,0.04,-264.28,125.99,8.99,-0.30602733032030505,2
767,5504,20100105,20100107,107,5,629,High,Express Air,6,49.55,0.06,-20.33,5.78,7.64,-0.41029263370332997,2
768,5504,20100105,20100107,107,5,482,High,Regular Air,15,606.56,0.04,20.23,45.99,4.99,0.03335201793721974,2
1153,8390,20120421,20120421,105,5,630,Medium,Regular Air,24,715.4,0.08,-99.34,30.98,4.0,-0.13885937936818563,0
1168,8545,20090617,20090621,108,5,528,Low,Regular Air,25,113.75,0.0,-77.34,4.13,5.34,-0.6799120879120879,4
1169,8545,20090617,20090621,108,5,631,Low,Delivery Truck,24,3081.95,0.1,-662.8,130.98,54.74,-0.21505864793393792,4
1305,9573,20120613,20120614,105,5,546,Medium,Regular Air,41,133.23,0.0,-59.91,3.14,1.92,-0.44967349696014414,1
1356,9892,20120716,20120717,109,5,632,Medium,Regular Air,50,1406.64,0.02,424.36,27.18,8.23,0.30168344423590965,1
1381,10048,20090515,20090518,103,5,633,Not Specified,Regular Air,46,3197.45,0.08,97.16,73.98,4.0,0.030386714413047897,3
1382,10048,20090515,20090517,103,5,145,Not Specified,Regular Air,21,78.57,0.02,-20.65,3.68,1.32,-0.2628229604174621,2
1395,10144,20110102,20110104,103,5,146,Critical,Delivery Truck,16,5403.75,0.08,103.83,355.98,58.92,0.019214434420541292,2
1396,10144,20110102,20110104,103,5,580,Critical,Delivery Truck,1,192.49,0.02,-98.3,160.98,30.0,-0.5106758792664554,2
1397,10144,20110102,20110102,103,5,398,Critical,Delivery Truck,24,6408.3,0.1,539.54,280.98,35.67,0.08419393598926392,0
1440,10432,20120105,20120112,103,5,634,Low,Regular Air,13,2323.36,0.08,220.39,179.99,19.99,0.09485830865642861,7
1481,10661,20090123,20090124,110,5,278,Not Specified,Regular Air,18,136.41,0.0,-99.34,6.84,8.37,-0.7282457297852064,1
1791,12806,20111224,20111225,103,5,635,Not Specified,Regular Air,20,761.23,0.0,107.93,35.89,14.72,0.14178369218238904,1
1837,13158,20121120,20121122,109,5,240,Critical,Regular Air,26,187.16,0.01,29.33,6.75,2.99,0.15671083564864285,2
1876,13507,20121229,20121230,107,5,636,Medium,Regular Air,27,176.1,0.09,-75.71,6.78,6.18,-0.4299261783077796,1
2014,14375,20100131,20100201,111,5,443,Medium,Regular Air,7,44.05,0.07,-21.77,5.78,5.67,-0.49421112372304205,1
2049,14627,20090204,20090205,103,5,637,Medium,Regular Air,47,671.03,0.07,67.86,14.48,6.46,0.10112811647765375,1
2077,14852,20111224,20111224,112,5,461,Medium,Express Air,9,3800.4,0.03,1234.57,420.98,19.99,0.32485264708978,0
2256,16230,20100227,20100301,103,5,32,Low,Regular Air,2,13.3,0.09,-7.86,7.31,0.49,-0.5909774436090226,2
2257,16230,20100227,20100301,103,5,631,Low,Delivery Truck,27,3379.01,0.06,-801.09,130.98,54.74,-0.2370783158380709,2
2258,16230,20100227,20100306,103,5,84,Low,Regular Air,15,687.52,0.08,223.76,48.91,5.81,0.32545962299278564,7
2259,16230,20100227,20100304,103,5,96,Low,Regular Air,40,4538.66,0.0,506.86,111.03,8.64,0.11167613348433239,5
2635,19074,20120625,20120627,103,5,2,Critical,Delivery Truck,17,3816.59,0.01,191.47,208.16,68.02,0.050167819964942524,2
2801,20194,20120313,20120315,113,5,303,High,Regular Air,10,194.29,0.1,68.89,20.24,6.67,0.35457306088836277,2
2912,21024,20101228,20101230,114,5,289,Medium,Regular Air,34,195.49,0.05,33.8,5.84,1.2,0.17289886950739167,2
2978,21509,20120703,20120705,113,5,99,High,Regular Air,13,47.93,0.04,15.82,3.69,0.5,0.33006467765491343,2
3042,21856,20120405,20120407,103,5,99,Not Specified,Regular Air,47,168.55,0.05,71.77,3.69,0.5,0.42580836547018686,2
3043,21856,20120405,20120405,103,5,546,Not Specified,Regular Air,26,77.03,0.08,-47.75,3.14,1.92,-0.619888355186291,0
3085,22119,20090724,20090729,114,5,638,Low,Regular Air,20,939.39,0.07,-122.77,49.43,19.99,-0.13069119322113287,5
3141,22534,20110718,20110720,109,5,639,Medium,Regular Air,3,279.33,0.0,-44.18,83.93,19.99,-0.15816417857015,2
3154,22629,20100415,20100420,103,5,640,Low,Regular Air,5,365.93,0.05,-243.02,73.98,14.52,-0.6641160877763507,5
3208,23011,20100615,20100622,109,5,320,Low,Regular Air,1,12.2,0.01,-33.93,10.01,1.99,-2.7811475409836066,7
3368,24070,20110315,20110316,103,5,479,High,Regular Air,36,170.42,0.1,-98.31,4.91,4.97,-0.5768689120995188,1
3369,24070,20110315,20110316,103,5,199,High,Regular Air,3,431.29,0.1,-164.59,140.81,24.49,-0.38162257413805095,1
3370,24070,20110315,20110316,103,5,641,High,Express Air,48,294.26,0.0,88.8,5.58,0.7,0.3017739414123564,1
3474,24737,20091206,20091209,103,5,156,High,Delivery Truck,3,549.92,0.09,-210.97,180.98,26.2,-0.3836376200174571,3
3475,24737,20091206,20091207,103,5,488,High,Regular Air,26,182.09,0.0,-28.15,6.48,5.19,-0.15459388214619144,1
3691,26373,20100722,20100725,107,5,530,Medium,Regular Air,7,285.08,0.08,2.3,40.98,5.33,0.008067910761891398,3
3781,26978,20100625,20100627,100,5,497,Medium,Regular Air,46,27875.54,0.0,-635.69,599.99,24.49,-0.02280458064668882,2
3782,26978,20100625,20100627,100,5,642,Medium,Regular Air,49,2030.44,0.04,938.26,40.99,5.86,0.46209688540414884,2
3783,26978,20100625,20100627,100,5,581,Medium,Express Air,47,695.99,0.09,-157.44,15.31,8.78,-0.22621014669751002,2
3815,27174,20111008,20111010,106,5,643,Critical,Regular Air,17,477.5045,0.09,-245.56,35.99,5.0,-0.5142569337042897,2
3910,27876,20100907,20100914,115,5,644,Low,Regular Air,44,777.63,0.03,-70.54,16.99,8.99,-0.09071152090325735,7
4005,28582,20120122,20120123,106,5,168,Not Specified,Express Air,40,1500.17,0.06,423.87,39.24,1.99,0.28254797789583846,1
4006,28582,20120122,20120123,106,5,548,Not Specified,Regular Air,45,377.31,0.02,87.96,8.01,2.87,0.23312395642840103,1
4048,28868,20120405,20120406,107,5,645,High,Regular Air,30,204.49,0.05,-142.3,6.48,8.73,-0.6958775490244022,1
4200,29857,20091212,20091214,112,5,229,Medium,Delivery Truck,41,5572.92,0.07,-639.47,140.98,36.09,-0.11474595005849716,2
4209,29921,20120323,20120325,103,5,352,Medium,Regular Air,33,3977.97,0.06,1733.47,120.98,9.07,0.43576748944813565,2
4307,30659,20110913,20110915,109,5,56,Critical,Regular Air,45,3116.7715,0.08,-106.51,85.99,0.99,-0.03417318208922278,2
4308,30660,20120905,20120908,107,5,18,Critical,Regular Air,16,986.272,0.02,-647.14,71.37,69.0,-0.6561475941728042,3
4332,30883,20100821,20100822,106,5,646,Medium,Regular Air,30,201.37,0.1,59.84,6.98,1.6,0.297164423697671,1
4619,32871,20121026,20121029,116,5,155,High,Express Air,42,939.77,0.0,9.72,20.97,4.0,0.010342956255253947,3
4718,33600,20101006,20101008,103,5,647,Low,Regular Air,42,187.28,0.06,-94.36,4.28,4.79,-0.5038445108927808,2
4722,33632,20100313,20100314,106,5,648,Critical,Regular Air,8,763.6485,0.06,-277.78,115.99,5.26,-0.3637537427232555,1
4727,33665,20110525,20110530,117,5,649,Low,Delivery Truck,45,12457.63,0.08,1063.46,284.98,69.55,0.08536615712619496,5
4841,34434,20110509,20110510,108,5,650,Not Specified,Regular Air,16,32.35,0.08,-63.19,1.8,4.79,-1.953323029366306,1
4842,34434,20110509,20110511,108,5,651,Not Specified,Regular Air,23,116.56,0.04,50.66,4.98,0.49,0.4346259437199725,2
4885,34753,20100118,20100120,108,5,652,Not Specified,Regular Air,7,117.062,0.09,-63.7,20.99,0.99,-0.5441560882267517,2
4970,35364,20091212,20091214,117,5,653,Critical,Regular Air,16,72.08,0.04,-54.75,4.28,5.68,-0.7595726970033296,2
4971,35364,20091212,20091214,117,5,564,Critical,Delivery Truck,29,10338.93,0.06,-871.52,376.13,85.63,-0.08429498990707936,2
4972,35364,20091212,20091213,117,5,654,Critical,Delivery Truck,37,15897.01,0.06,455.02,424.21,110.2,0.028622992625657276,1
4973,35364,20091212,20091214,117,5,521,Critical,Regular Air,8,1265.293,0.06,-554.44,195.99,8.99,-0.43819099607758843,2
5019,35812,20100122,20100124,108,5,655,Critical,Delivery Truck,24,2722.85,0.08,-112.62,113.98,30.0,-0.04136107387480031,2
5020,35812,20100122,20100124,108,5,162,Critical,Regular Air,2,59.93,0.09,-147.81,30.73,4.0,-2.4663774403470717,2
5021,35812,20100122,20100124,108,5,656,Critical,Regular Air,19,851.52,0.08,307.64,47.9,5.86,0.3612833521232619,2
5212,37063,20121209,20121210,106,5,594,Not Specified,Regular Air,50,919.0,0.0,89.6,17.67,8.99,0.09749727965179543,1
5238,37281,20090828,20090829,59,5,591,Medium,Regular Air,25,453.2455,0.05,3.31,20.99,4.81,0.007302885522305241,1
5315,37798,20121104,20121104,112,5,251,High,Delivery Truck,23,6276.83,0.09,813.49,291.73,48.8,0.1296020443440399,0
5347,38017,20100720,20100724,100,5,657,Low,Regular Air,26,122.51,0.06,45.14,4.98,0.8,0.3684597175740756,4
5348,38017,20100720,20100727,100,5,658,Low,Regular Air,27,2846.361,0.08,453.65,125.99,7.69,0.15937894033820726,7
5380,38272,20111115,20111117,115,5,75,Critical,Regular Air,39,71.04,0.07,-20.65,1.88,1.49,-0.2906813063063063,2
5551,39301,20090322,20090323,109,5,659,Medium,Express Air,16,2232.66,0.1,-521.09,152.48,4.0,-0.2333942472208039,1
5562,39367,20090806,20090807,113,5,310,Critical,Regular Air,45,177.88,0.07,-146.97,4.13,5.04,-0.8262311670789296,1
5563,39367,20090806,20090808,113,5,660,Critical,Regular Air,30,139.59,0.0,5.9,4.48,2.5,0.042266638011318865,2
5596,39655,20120323,20120323,59,5,570,High,Regular Air,35,253.15,0.03,-72.43,7.28,3.52,-0.28611495160971756,0
5744,40803,20110413,20110418,116,5,161,Low,Regular Air,22,83.02,0.08,9.24,3.8,1.49,0.11129848229342328,5
5745,40803,20110413,20110415,116,5,71,Low,Delivery Truck,35,10278.79,0.04,1512.07,300.98,64.73,0.14710583638735686,2
5747,40806,20110906,20110907,108,5,213,Critical,Regular Air,8,53.14,0.0,-41.26,5.4,7.78,-0.7764395935265337,1
6147,43523,20120523,20120525,107,5,584,Medium,Regular Air,50,295.37,0.04,-97.23,5.98,5.46,-0.3291803500694045,2
6239,44199,20120304,20120308,100,5,12,Low,Regular Air,12,50.69,0.04,-6.33,3.95,2.0,-0.12487670151903729,4
6243,44231,20091103,20091105,106,5,580,Not Specified,Delivery Truck,11,1865.94,0.04,116.1,160.98,30.0,0.06222065018167786,2
6244,44231,20091103,20091105,106,5,661,Not Specified,Regular Air,43,784.72,0.01,-87.96,17.98,4.0,-0.11209093689468853,2
6245,44231,20091103,20091104,106,5,662,Not Specified,Regular Air,24,2343.076,0.06,311.64,115.99,8.99,0.13300464859014388,1
6415,45573,20090812,20090814,103,5,37,High,Delivery Truck,5,627.64,0.05,-151.46,120.98,30.0,-0.24131667835064688,2
6438,45763,20100707,20100708,117,5,282,High,Regular Air,25,67.45,0.05,24.28,2.61,0.5,0.3599703484062268,1
6761,48165,20101105,20101107,113,5,390,High,Regular Air,28,199.94,0.01,-147.27,6.48,9.54,-0.7365709712913875,2
6769,48197,20120505,20120507,104,5,195,Not Specified,Regular Air,32,1282.49,0.07,154.74,40.97,14.45,0.1206559115470686,2
6808,48484,20100623,20100624,108,5,663,Medium,Regular Air,22,346.42,0.05,67.96,16.48,1.99,0.19617804976617975,1
6809,48484,20100623,20100624,108,5,303,Medium,Express Air,41,773.44,0.08,133.83,20.24,6.67,0.1730321679768308,1
6810,48484,20100623,20100625,108,5,41,Medium,Regular Air,43,881.84,0.0,153.8,18.97,9.03,0.17440805588315342,2
6811,48484,20100623,20100625,108,5,664,Medium,Regular Air,50,5067.5725,0.09,1275.91,125.99,8.99,0.2517793282681205,2
6893,49153,20120728,20120728,108,5,665,Medium,Delivery Truck,31,2245.78,0.05,-432.46,70.98,30.0,-0.19256561194774197,0
6926,49412,20090307,20090307,113,5,666,Critical,Delivery Truck,20,9418.14,0.09,909.36,517.48,16.63,0.096554096668769,0
6958,49761,20110124,20110125,117,5,450,Not Specified,Regular Air,45,1090.6,0.07,300.91,23.99,6.3,0.27591234183018526,1
7051,50310,20090815,20090817,115,5,667,Medium,Express Air,42,1811.3,0.07,520.41,42.98,4.62,0.28731297962789154,2
7052,50310,20090815,20090818,115,5,668,Medium,Delivery Truck,43,4095.76,0.03,-444.14,89.99,42.0,-0.10843897103345898,3
7053,50310,20090815,20090817,115,5,125,Medium,Regular Air,22,482.37,0.03,34.03,20.95,4.0,0.07054750502726123,2
7158,51072,20091002,20091004,107,5,533,Critical,Regular Air,43,7036.11,0.0,1268.65,161.55,19.99,0.18030559499496174,2
7242,51648,20120101,20120108,59,5,446,Low,Regular Air,45,2354.8,0.03,332.97,49.99,19.99,0.14140054357057924,7
7243,51648,20120101,20120106,59,5,49,Low,Regular Air,50,187.88,0.08,-38.23,3.98,2.97,-0.20348094528422397,5
7298,52035,20091127,20091130,59,5,287,High,Regular Air,29,20872.16,0.03,-4437.91,699.99,24.49,-0.21262341798836343,3
7348,52326,20100804,20100808,113,5,415,Low,Regular Air,41,152.28,0.06,-154.81,3.81,5.44,-1.0166141318623587,4
7400,52737,20101108,20101109,106,5,669,Not Specified,Express Air,14,125.54,0.03,-15.74,7.68,6.16,-0.1253783654612076,1
7458,53216,20121204,20121207,59,5,645,High,Regular Air,36,228.01,0.06,-185.54,6.48,8.73,-0.8137362396386123,3
7558,54081,20110310,20110312,100,5,395,Low,Regular Air,2,57.5,0.02,-83.18,28.48,1.99,-1.446608695652174,2
7624,54560,20090716,20090719,108,5,395,Critical,Regular Air,22,604.38,0.09,167.58,28.48,1.99,0.2772758860319667,3
7625,54560,20090716,20090718,108,5,670,Critical,Express Air,45,2404.599,0.08,496.89,65.99,4.99,0.206641523181204,2
7662,54947,20090222,20090223,118,5,279,Not Specified,Regular Air,27,132.36,0.05,-98.35,4.98,4.62,-0.7430492595950438,1
7663,54947,20090222,20090224,118,5,671,Not Specified,Regular Air,42,1498.46,0.02,565.37,34.23,5.02,0.37730069538059074,2
7694,55170,20120921,20120923,113,5,672,Critical,Express Air,22,985.29,0.04,138.37,43.98,8.99,0.14043581077652265,2
7796,55777,20121110,20121111,59,5,179,Not Specified,Regular Air,6,323.53,0.06,136.32,51.75,19.99,0.4213519611782524,1
7797,55777,20121110,20121112,59,5,440,Not Specified,Express Air,1,65.7475,0.1,-252.48,65.99,3.99,-3.8401460131563936,2
7830,56001,20100412,20100416,106,5,673,Low,Express Air,17,118.36,0.08,-60.65,6.48,7.37,-0.5124197363974315,4
7921,56640,20110825,20110826,104,5,57,High,Regular Air,2,29.31,0.0,-12.78,11.48,5.43,-0.436028659160696,1
7922,56640,20110825,20110826,104,5,674,High,Regular Air,11,80.26,0.06,-22.55,6.68,5.66,-0.28096187390979316,1
8313,59393,20101120,20101121,100,5,189,Medium,Regular Air,34,398.76,0.07,0.82,11.58,6.97,0.0020563747617614605,1
8357,59712,20100615,20100617,103,5,675,Critical,Express Air,25,67.58,0.09,16.8,2.62,0.8,0.24859425865640725,2
8382,59905,20120414,20120416,119,5,676,High,Regular Air,19,159.24,0.09,8.3,8.5,1.99,0.05212258226576237,2
8383,59905,20120414,20120416,119,5,677,High,Regular Air,6,48.77,0.0,5.95,7.4,1.71,0.12200123026450686,2
8384,59905,20120414,20120415,119,5,678,High,Express Air,5,26.5,0.01,2.61,4.26,1.2,0.09849056603773584,1
52,322,20120318,20120320,120,5,679,Critical,Regular Air,20,2634.8555,0.08,257.76,155.99,8.08,0.09782699658482219,2
53,322,20120318,20120320,120,5,680,Critical,Regular Air,46,281.0,0.1,-291.59,6.48,10.05,-1.0376868327402133,2
151,962,20090505,20090507,121,5,681,Low,Regular Air,33,4064.05,0.06,1408.19,122.99,19.99,0.346499181850617,2
152,962,20090505,20090507,121,5,459,Low,Delivery Truck,47,3213.87,0.08,-1069.72,68.81,60.0,-0.33284482570856944,2
185,1221,20120418,20120418,122,5,682,Not Specified,Regular Air,1,14.68,0.06,-13.78,8.6,6.19,-0.938692098092643,0
186,1221,20120418,20120420,122,5,318,Not Specified,Regular Air,11,10145.14,0.03,3724.57,896.99,19.99,0.36712849699462013,2
187,1221,20120418,20120420,122,5,683,Not Specified,Regular Air,16,68.45,0.08,-57.88,4.24,5.41,-0.8455807158509862,2
222,1445,20110109,20110112,123,5,461,Medium,Regular Air,3,1326.09,0.0,-20.55,420.98,19.99,-0.015496685745311406,3
223,1445,20110109,20110111,123,5,393,Medium,Regular Air,30,339.49,0.08,-74.21,11.97,5.81,-0.21859259477451468,2
259,1799,20090306,20090308,124,5,655,Not Specified,Delivery Truck,10,1187.12,0.06,-127.3,113.98,30.0,-0.10723431498079386,2
260,1799,20090306,20090308,124,5,684,Not Specified,Regular Air,16,108.31,0.05,-52.77,6.48,6.86,-0.4872126304127043,2
393,2720,20100607,20100610,125,5,440,Critical,Express Air,36,2051.016,0.02,483.97,65.99,3.99,0.23596597978757847,3
548,3685,20120116,20120117,121,5,685,Medium,Regular Air,29,106.78,0.0,-98.05,3.28,5.0,-0.9182431166885184,1
549,3687,20100202,20100202,126,5,340,Critical,Regular Air,25,79.37,0.07,6.14,3.29,1.35,0.07735920372936878,0
574,3907,20120818,20120818,125,5,44,Medium,Regular Air,36,218.12,0.02,-1642.65,4.48,49.0,-7.530946268109298,0
594,4067,20121006,20121008,123,5,311,High,Regular Air,16,118.38,0.04,-42.46,7.1,6.05,-0.3586754519344484,2
617,4257,20110324,20110326,127,5,686,Medium,Regular Air,45,253.89,0.01,-83.66,5.58,5.3,-0.32951278112568433,2
618,4261,20121002,20121003,122,5,459,Critical,Delivery Truck,22,1556.87,0.04,-521.42,68.81,60.0,-0.33491556777380255,1
619,4261,20121002,20121004,122,5,687,Critical,Regular Air,33,195.98,0.08,-71.47,5.98,5.35,-0.3646800693948362,2
620,4261,20121002,20121004,122,5,256,Critical,Regular Air,32,9235.97,0.04,2848.17,300.65,24.49,0.30837800469252286,2
621,4261,20121002,20121004,122,5,688,Critical,Regular Air,48,274.38,0.04,-94.82,5.78,5.37,-0.34557912384284567,2
622,4294,20120814,20120816,121,5,332,Medium,Regular Air,8,17.72,0.02,-15.34,1.74,4.08,-0.8656884875846501,2
657,4642,20110226,20110227,123,5,570,Critical,Regular Air,9,65.61,0.08,-39.74,7.28,3.52,-0.6057003505563177,1
658,4642,20110226,20110226,123,5,569,Critical,Express Air,21,309.62,0.0,-80.2,14.03,9.37,-0.2590271946256702,0
695,4864,20121110,20121114,128,5,689,Low,Regular Air,16,4901.99,0.04,1724.68,315.98,19.99,0.35183262307756646,4
710,4996,20120913,20120914,129,5,690,Medium,Regular Air,30,4305.79,0.0,1020.32,142.86,19.99,0.23696464527996025,1
718,5121,20120510,20120511,128,5,512,Not Specified,Regular Air,45,1991.703,0.07,559.11,55.99,1.25,0.28071956511588325,1
741,5346,20101225,20101226,130,5,433,Critical,Regular Air,34,2932.99,0.07,-1448.83,90.98,56.2,-0.49397713596023174,1
742,5346,20101225,20101227,130,5,147,Critical,Delivery Truck,45,9194.8,0.1,-1760.57,218.75,69.64,-0.19147452908165485,2
743,5346,20101225,20101227,130,5,229,Critical,Delivery Truck,17,2285.12,0.08,-455.8,140.98,36.09,-0.1994643607337908,2
766,5473,20120324,20120326,131,5,427,Not Specified,Regular Air,42,355.69,0.09,-149.46,8.74,8.29,-0.42019736287216397,2
795,5698,20090520,20090521,132,5,691,Medium,Regular Air,15,297.05,0.09,-16.89,20.48,6.32,-0.05685911462716714,1
796,5698,20090520,20090521,132,5,69,Medium,Regular Air,7,108.26,0.06,25.51,15.67,1.39,0.23563643081470534,1
855,6144,20090621,20090624,128,5,360,Critical,Regular Air,24,67.35,0.07,22.63,2.88,0.5,0.33600593912397925,3
856,6144,20090621,20090622,128,5,453,Critical,Delivery Truck,4,1472.31,0.03,-223.59,348.21,40.19,-0.15186339833323145,1
888,6374,20110807,20110808,133,5,692,Critical,Express Air,29,857.42,0.07,51.18,31.11,3.6,0.05969070000699774,1
889,6374,20110807,20110809,133,5,476,Critical,Regular Air,1,2.24,0.01,-1.97,1.48,0.7,-0.8794642857142856,2
992,7169,20100326,20100328,122,5,693,Medium,Regular Air,22,446.72,0.05,-39.0,20.28,14.39,-0.08730300859598854,2
993,7169,20100326,20100328,122,5,694,Medium,Regular Air,30,1580.6005,0.07,303.53,65.99,2.79,0.19203460963095986,2
1013,7427,20121215,20121215,133,5,445,Not Specified,Regular Air,47,16002.29,0.09,4604.79,363.25,19.99,0.2877581896091122,0
1014,7427,20121215,20121216,133,5,695,Not Specified,Regular Air,9,182.26,0.01,60.61,18.94,1.49,0.33254691100625483,1
1123,8229,20091207,20091209,134,5,696,Medium,Delivery Truck,7,3565.27,0.04,-502.81,510.14,14.7,-0.141029992118409,2
1124,8229,20091207,20091209,134,5,697,Medium,Regular Air,50,241.01,0.0,-4.69,4.76,3.01,-0.01945977345338368,2
1134,8290,20091209,20091211,134,5,698,Critical,Regular Air,32,209.02,0.04,101.8,6.3,0.5,0.48703473351832355,2
1167,8515,20101221,20101222,124,5,125,Critical,Regular Air,33,729.92,0.0,99.31,20.95,4.0,0.13605600613765892,1
1197,8801,20120810,20120815,135,5,699,Low,Express Air,32,2593.08,0.0,-673.31,79.52,48.2,-0.2596564702978697,5
1198,8801,20120810,20120812,135,5,520,Low,Express Air,25,2529.396,0.06,371.21,125.99,3.0,0.1467583565404547,2
1221,8992,20101112,20101113,123,5,199,High,Regular Air,3,441.43,0.06,-154.45,140.81,24.49,-0.34988559907573114,1
1222,8992,20101112,20101114,123,5,469,High,Regular Air,14,2145.6975,0.08,-176.79,195.99,4.2,-0.08239278835903009,2
1223,8992,20101112,20101113,123,5,700,High,Regular Air,18,1341.963,0.0,180.78,85.99,2.79,0.1347131031183423,1
1288,9409,20120505,20120507,136,5,659,Critical,Regular Air,12,1712.66,0.1,-390.77,152.48,4.0,-0.22816554365723493,2
1420,10306,20100721,20100721,122,5,505,Low,Regular Air,20,310.31,0.02,51.5,14.58,7.4,0.16596306918887563,0
1455,10470,20120504,20120509,130,5,386,Critical,Regular Air,35,246.98,0.1,-94.78,7.38,5.21,-0.3837557696979513,5
1497,10819,20100824,20100824,121,5,390,Critical,Regular Air,35,233.39,0.06,-197.39,6.48,9.54,-0.8457517460045417,0
1509,10916,20110310,20110310,124,5,241,Medium,Regular Air,23,135.31,0.06,-49.32,5.74,5.01,-0.36449634173379647,0
1512,10944,20111112,20111114,121,5,169,High,Regular Air,9,181.66,0.0,-27.47,17.98,8.51,-0.15121655840581305,2
1565,11301,20120322,20120322,137,5,701,Medium,Regular Air,29,1194.96,0.04,107.45,39.98,4.0,0.08991932784360983,0
1567,11332,20091116,20091120,127,5,702,Low,Regular Air,6,184.331,0.07,-89.2,35.99,5.99,-0.4839120929198019,4
1568,11332,20091116,20091123,127,5,703,Low,Express Air,23,1223.3795,0.08,83.57,65.99,5.92,0.0683107735580006,7
1575,11392,20090905,20090907,138,5,394,Low,Regular Air,28,128.69,0.04,28.29,4.55,1.49,0.2198306006682726,2
1623,11745,20120719,20120720,139,5,413,High,Regular Air,17,686.27,0.06,-345.36,40.48,19.99,-0.5032421641627931,1
1644,11875,20120820,20120821,131,5,587,Medium,Regular Air,19,242.63,0.0,-36.11,12.44,6.27,-0.14882743271648188,1
1650,11907,20100823,20100823,139,5,704,Low,Delivery Truck,45,4729.85,0.03,2014.82,100.97,14.0,0.4259796822309375,0
1681,12129,20121225,20121228,120,5,302,Medium,Delivery Truck,36,4852.05,0.0,-1197.58,122.99,70.2,-0.2468193856205109,3
1753,12579,20110616,20110616,134,5,536,Not Specified,Regular Air,5,70.33,0.1,1.07,15.04,1.97,0.015213991184416324,0
1779,12743,20100623,20100625,139,5,652,High,Regular Air,39,677.518,0.09,168.22,20.99,0.99,0.24828860635436992,2
1803,12902,20101029,20101031,140,5,455,Not Specified,Regular Air,9,302.05,0.0,-58.81,30.98,6.5,-0.19470286376427745,2
1860,13380,20090715,20090715,129,5,705,Critical,Regular Air,24,66.12,0.09,4.85,2.88,0.7,0.07335148215366,0
1898,13606,20090426,20090428,121,5,426,Not Specified,Regular Air,34,109.86,0.07,19.04,3.38,0.85,0.1733114873475332,2
1936,13889,20110904,20110905,141,5,706,Medium,Delivery Truck,49,12979.1,0.03,2820.44,258.98,54.31,0.21730628471927946,1
1952,13984,20120924,20120924,130,5,563,Critical,Regular Air,30,2052.82,0.05,-870.61,70.71,37.58,-0.4241044027240576,0
1953,13986,20111011,20111014,132,5,65,High,Regular Air,46,1905.79,0.01,675.65,39.48,1.99,0.3545248951878224,3
1995,14240,20120217,20120218,128,5,428,High,Regular Air,24,68.88,0.0,1.31,2.78,1.49,0.01901858304297329,1
2006,14276,20090618,20090619,122,5,373,Medium,Regular Air,11,110.79,0.1,-11.13,10.48,2.89,-0.10046033035472515,1
2029,14471,20110526,20110526,128,5,707,Not Specified,Regular Air,44,823.63,0.03,375.02,18.65,3.77,0.4553258137756031,0
2030,14471,20110526,20110528,128,5,496,Not Specified,Regular Air,42,286.73,0.05,-141.51,6.48,7.49,-0.4935304990757855,2
2037,14529,20100920,20100924,142,5,668,Low,Delivery Truck,44,3819.42,0.1,-821.87,89.99,42.0,-0.2151818862549811,4
2038,14529,20100920,20100922,142,5,708,Low,Regular Air,42,208.78,0.05,24.87,5.08,2.03,0.11912060542197529,2
2087,14948,20110528,20110529,131,5,550,Medium,Delivery Truck,6,647.78,0.0,-144.87,100.98,35.84,-0.2236407422272994,1
2237,16161,20120728,20120729,132,5,709,Medium,Regular Air,49,2692.6895,0.03,768.32,65.99,4.2,0.28533553534486616,1
2238,16161,20120728,20120730,132,5,295,Medium,Regular Air,38,151.19,0.03,60.63,3.78,0.71,0.4010185858853099,2
2261,16257,20120505,20120506,143,5,478,Not Specified,Regular Air,16,102.73,0.03,16.33,5.98,2.5,0.15896038158278983,1
2335,16806,20100617,20100618,136,5,710,High,Regular Air,4,167.37,0.1,-132.15,43.22,4.0,-0.7895680229431798,1
2336,16806,20100617,20100619,136,5,711,High,Regular Air,18,1026.6385,0.0,-201.05,65.99,19.99,-0.19583329477708075,2
2393,17344,20100719,20100721,129,5,712,Critical,Regular Air,40,2405.4575,0.01,571.54,65.99,7.69,0.23760137104895845,2
2399,17382,20110704,20110705,142,5,713,Not Specified,Regular Air,20,2162.8165,0.01,223.25,125.99,8.99,0.10322188683136087,1
2411,17507,20120612,20120612,122,5,714,Medium,Regular Air,27,399.76,0.04,48.13,14.56,3.5,0.12039723834300581,0
2412,17507,20120612,20120614,122,5,242,Medium,Delivery Truck,22,5393.27,0.1,353.72,270.97,28.06,0.06558544259790443,2
2442,17702,20120413,20120413,139,5,593,High,Express Air,9,264.63,0.02,-66.78,27.48,4.0,-0.2523523410044213,0
2453,17831,20121025,20121026,133,5,715,Critical,Regular Air,34,239.3,0.06,41.31,6.98,2.83,0.17262849979105724,1
2454,17831,20121025,20121028,133,5,687,Critical,Express Air,38,260.41,0.0,-45.75,5.98,5.35,-0.17568449752313658,3
2498,18179,20090801,20090801,127,5,272,Not Specified,Regular Air,50,3075.83,0.03,1207.91,60.98,1.99,0.3927102603199787,0
2499,18179,20090801,20090802,127,5,246,Not Specified,Regular Air,24,73.37,0.04,16.1,3.08,0.99,0.219435736677116,1
2500,18179,20090801,20090803,127,5,172,Not Specified,Regular Air,50,527.6,0.0,221.59,10.31,1.79,0.4199962092494314,2
2629,19044,20120411,20120413,129,5,222,Low,Regular Air,32,4800.44,0.08,1912.92,150.98,13.99,0.3984884718900768,2
2630,19044,20120411,20120418,129,5,716,Low,Regular Air,29,271.33,0.07,-191.09,9.71,9.45,-0.7042715512475584,7
2690,19462,20110920,20110921,139,5,74,Medium,Regular Air,2,206.68,0.0,-156.47,80.98,35.0,-0.7570640603832011,1
2758,19936,20121113,20121114,120,5,75,Critical,Regular Air,19,36.75,0.06,-9.82,1.88,1.49,-0.2672108843537415,1
2759,19936,20121113,20121114,120,5,412,Critical,Regular Air,41,1115.2,0.09,301.31,29.89,1.99,0.27018472022955525,1
2761,19972,20120616,20120618,127,5,215,Critical,Regular Air,6,97.86,0.04,-21.09,14.98,8.99,-0.2155119558553035,2
2777,20038,20100226,20100228,97,5,396,Low,Regular Air,42,173.44,0.05,-172.4,4.14,6.6,-0.9940036900369004,2
2824,20389,20090811,20090813,127,5,243,High,Delivery Truck,31,7477.78,0.09,883.29,260.98,41.91,0.11812195598158812,2
2825,20389,20090811,20090813,127,5,717,High,Regular Air,24,270.39,0.01,-30.42,10.52,7.94,-0.11250416065682904,2
2826,20389,20090811,20090813,127,5,437,High,Express Air,30,201.35,0.02,-107.37,5.98,7.5,-0.5332505587285821,2
2829,20422,20090126,20090128,96,5,349,High,Regular Air,5,15.38,0.01,1.61,2.89,0.5,0.1046814044213264,2
2864,20676,20121122,20121126,123,5,75,Low,Regular Air,22,43.97,0.04,-9.05,1.88,1.49,-0.20582215146690927,4
2887,20807,20120721,20120723,144,5,580,Not Specified,Delivery Truck,39,6152.52,0.08,768.06,160.98,30.0,0.12483665229857033,2
2890,20838,20090410,20090411,123,5,429,Not Specified,Regular Air,5,20.17,0.05,-15.42,3.28,3.97,-0.7645017352503718,1
2891,20838,20090410,20090411,123,5,341,Not Specified,Regular Air,21,235.98,0.03,11.82,10.98,3.37,0.05008899059242309,1
2901,20960,20111118,20111123,120,5,218,Low,Regular Air,19,195.96,0.1,-104.82,10.97,6.5,-0.5349050826699325,5
2902,20961,20100114,20100116,122,5,473,Not Specified,Regular Air,34,6607.92,0.06,1462.72,199.99,24.49,0.22135861208973476,2
2949,21350,20110224,20110225,128,5,718,Medium,Regular Air,30,278.94,0.01,-143.7,9.06,9.86,-0.5151645515164551,1
2986,21572,20090213,20090215,136,5,105,Critical,Regular Air,42,8549.04,0.03,2861.01,194.3,11.54,0.3346586283372168,2
3014,21671,20100615,20100618,135,5,257,High,Regular Air,15,670.94,0.02,87.51,45.19,1.99,0.13042895042775807,3
3156,22657,20111029,20111030,128,5,719,High,Express Air,36,9544.18,0.0,3392.88,256.99,11.25,0.3554920380797512,1
3157,22657,20111029,20111030,128,5,12,High,Regular Air,8,32.92,0.05,-7.73,3.95,2.0,-0.23481166464155528,1
3238,23207,20101022,20101023,128,5,720,Critical,Regular Air,11,336.91,0.1,42.5,30.98,8.74,0.12614644860645274,1
3346,23940,20110408,20110409,130,5,44,Medium,Regular Air,20,138.52,0.03,-895.24,4.48,49.0,-6.462893444989893,1
3347,23940,20110408,20110411,130,5,721,Medium,Delivery Truck,11,1735.59,0.02,-506.43,150.89,60.2,-0.291791264065822,3
3425,24450,20120709,20120711,132,5,166,Critical,Regular Air,37,443.35,0.02,-21.73,11.97,4.98,-0.04901319499266945,2
3426,24450,20120709,20120712,132,5,722,Critical,Express Air,41,392.61,0.08,-100.15,9.48,7.29,-0.25508774610937063,3
3427,24450,20120709,20120711,132,5,723,Critical,Regular Air,4,30.85,0.03,-12.88,5.98,5.79,-0.41750405186385736,2
3446,24580,20120623,20120624,139,5,672,High,Regular Air,25,1081.22,0.08,130.8,43.98,8.99,0.12097445478256044,1
3447,24580,20120623,20120625,139,5,402,High,Regular Air,14,36.41,0.01,-31.45,2.23,4.57,-0.8637736885471025,2
3488,24833,20100716,20100718,97,5,308,Not Specified,Delivery Truck,45,5205.83,0.08,-818.77,124.49,51.94,-0.15727943478753628,2
3498,24933,20090726,20090728,123,5,66,Low,Delivery Truck,32,3416.38,0.01,-1142.2,100.98,57.38,-0.3343304901679556,2
3499,24933,20090726,20090728,123,5,89,Low,Regular Air,14,142.81,0.01,39.64,10.14,2.27,0.2775715986275471,2
3514,25031,20090823,20090825,97,5,724,High,Regular Air,24,4636.62,0.1,-318.45,209.37,69.0,-0.06868149643490301,2
3515,25031,20090823,20090824,97,5,725,High,Regular Air,20,100.11,0.07,-41.7,4.98,4.7,-0.4165418040155829,1
3590,25633,20110801,20110806,97,5,726,Low,Delivery Truck,36,5140.08,0.06,-582.43,145.98,51.92,-0.11331146596940124,5
3593,25635,20120529,20120530,97,5,667,Critical,Express Air,14,633.08,0.04,145.48,42.98,4.62,0.22979718203070698,1
3594,25635,20120529,20120530,97,5,727,Critical,Regular Air,22,110.42,0.09,-36.6,5.08,3.63,-0.33146169172251405,1
3618,25830,20100506,20100506,144,5,284,Low,Regular Air,5,25.34,0.1,-21.29,4.06,6.89,-0.8401736385161799,0
3619,25830,20100506,20100511,144,5,419,Low,Regular Air,11,178.57,0.05,-37.39,15.28,10.91,-0.2093856750854007,5
3684,26342,20091018,20091027,130,5,545,Low,Regular Air,24,265.35,0.02,-128.69,9.99,11.59,-0.4849820991143772,9
3685,26342,20091018,20091023,130,5,728,Low,Regular Air,41,1993.94,0.02,931.7,48.04,5.79,0.4672658154207248,5
3686,26342,20091018,20091025,130,5,729,Low,Regular Air,3,24.73,0.04,-10.77,6.68,4.91,-0.4355034371209058,7
3687,26368,20100715,20100717,123,5,316,Medium,Regular Air,25,1809.0125,0.01,795.05,85.99,2.5,0.4394939227893671,2
3690,26372,20090712,20090716,128,5,412,Low,Regular Air,1,31.96,0.01,-74.64,29.89,1.99,-2.3354192740926156,4
3743,26756,20120510,20120510,120,5,730,Medium,Regular Air,25,767.26,0.07,-29.56,30.97,4.0,-0.038526705419284206,0
3744,26756,20120510,20120512,120,5,731,Medium,Regular Air,40,253.89,0.09,-103.77,6.48,6.22,-0.4087203119461184,2
3745,26756,20120510,20120512,120,5,673,Medium,Regular Air,20,127.9,0.07,-80.41,6.48,7.37,-0.6286942924159499,2
3757,26851,20110724,20110726,145,5,732,High,Regular Air,44,73.64,0.07,-58.87,1.7,1.99,-0.7994296577946768,2
3787,26981,20120830,20120830,136,5,733,Medium,Regular Air,13,603.347,0.08,142.98,55.99,1.25,0.23697805740311959,0
3788,26981,20120830,20120831,136,5,624,Medium,Regular Air,44,770.53,0.04,30.17,16.91,6.25,0.03915486742891257,1
3827,27298,20111119,20111123,146,5,473,Low,Regular Air,40,7813.7,0.09,2154.33,199.99,24.49,0.2757118906535956,4
3828,27298,20111119,20111124,146,5,192,Low,Regular Air,31,164.92,0.04,-54.36,4.98,4.86,-0.3296143584768373,5
3834,27330,20090916,20090916,139,5,299,Low,Regular Air,8,507.74,0.05,-118.54,55.5,52.2,-0.23346594713829913,0
3835,27330,20090916,20090925,139,5,331,Low,Delivery Truck,30,12600.99,0.05,2963.48,442.14,14.7,0.23517834709812482,9
3896,27781,20110915,20110917,131,5,500,High,Regular Air,47,181.13,0.0,-11.39,3.69,2.5,-0.06288301220118148,2
3956,28225,20090122,20090122,130,5,693,Critical,Regular Air,9,206.04,0.0,-49.81,20.28,14.39,-0.24174917491749176,0
3975,28389,20091103,20091104,139,5,616,High,Regular Air,22,668.39,0.07,344.61,30.93,3.92,0.5155822199613999,1
3976,28389,20091103,20091104,139,5,589,High,Delivery Truck,16,4657.35,0.05,322.66,297.48,18.06,0.06927974062503355,1
3977,28389,20091103,20091105,139,5,301,High,Delivery Truck,7,2097.94,0.07,-404.05,296.18,54.12,-0.19259368714071898,2
4054,28898,20110528,20110528,139,5,586,Low,Regular Air,44,246.0,0.1,-207.36,5.78,7.96,-0.8429268292682928,0
4056,28901,20120611,20120612,124,5,642,High,Regular Air,23,871.32,0.1,315.16,40.99,5.86,0.36170408116421066,1
4091,29185,20100120,20100121,129,5,407,High,Regular Air,8,468.49,0.03,-6.37,56.96,13.22,-0.013596875066703665,1
4092,29185,20100120,20100122,129,5,734,High,Express Air,48,446.53,0.04,-261.45,8.37,10.16,-0.5855149709985892,2
4093,29185,20100120,20100122,129,5,130,High,Express Air,5,217.85,0.02,-25.31,40.99,17.48,-0.11618085838879963,2
4143,29408,20100502,20100503,147,5,735,Not Specified,Delivery Truck,44,4260.73,0.07,251.58,119.99,56.14,0.05904621977923972,1
4219,29985,20120711,20120712,130,5,736,Critical,Express Air,22,196.75,0.03,0.13,7.96,4.95,0.0006607369758576874,1
4220,29986,20110703,20110703,129,5,737,Critical,Regular Air,40,1477.39,0.03,641.4,37.7,2.99,0.4341439971842235,0
4237,30147,20120617,20120619,148,5,67,Not Specified,Regular Air,37,740.14,0.06,29.73,19.98,10.49,0.04016807630988732,2
4238,30149,20101212,20101213,139,5,610,Medium,Regular Air,8,16.47,0.1,-6.82,2.08,1.49,-0.4140862173649059,1
4239,30149,20101212,20101214,139,5,206,Medium,Delivery Truck,5,173.62,0.09,-88.64,33.94,19.19,-0.5105402603386706,2
4240,30149,20101212,20101215,139,5,494,Medium,Regular Air,50,690.97,0.03,-16.94,13.79,8.78,-0.02451625975078513,3
4257,30310,20120426,20120428,135,5,626,Medium,Regular Air,21,2024.0285,0.1,4.9,125.99,8.8,0.0024209145276363453,2
4407,31426,20090805,20090809,143,5,738,Low,Regular Air,40,4054.058,0.09,914.19,125.99,2.5,0.22549998051335232,4
4471,31872,20100906,20100910,136,5,739,Low,Express Air,34,2833.19,0.06,1409.87,83.98,5.01,0.49762635050949633,4
4472,31872,20100906,20100910,136,5,740,Low,Delivery Truck,30,4452.65,0.09,-265.12,159.31,60.0,-0.05954207045242721,4
4477,31874,20120915,20120915,123,5,341,High,Express Air,29,321.95,0.03,20.76,10.98,3.37,0.06448206243205468,0
4478,31874,20120915,20120915,123,5,453,High,Delivery Truck,39,13244.04,0.05,275.93,348.21,84.84,0.020834277154101015,0
4485,31938,20110727,20110728,123,5,668,Medium,Delivery Truck,13,1193.62,0.08,-304.47,89.99,42.0,-0.2550811816155896,1
4486,31938,20110727,20110729,123,5,378,Medium,Regular Air,47,363.23,0.05,40.58,7.59,4.0,0.11171984692894309,2
4576,32582,20090625,20090626,137,5,98,Not Specified,Express Air,27,2780.88,0.07,595.38,105.34,24.49,0.21409769569344955,1
4580,32611,20090827,20090829,147,5,579,Medium,Regular Air,16,33.76,0.04,-7.15,2.08,1.49,-0.21178909952606637,2
4581,32611,20090827,20090828,147,5,741,Medium,Delivery Truck,19,3537.39,0.0,232.78,180.98,30.0,0.06580557982014988,1
4582,32611,20090827,20090828,147,5,742,Medium,Express Air,18,986.24,0.02,68.9,53.98,5.5,0.06986129136924076,1
4583,32611,20090827,20090827,147,5,549,Medium,Regular Air,15,81.66,0.05,-31.99,4.98,5.02,-0.3917462650012246,0
4620,32901,20110110,20110111,147,5,743,Critical,Regular Air,13,49.74,0.0,17.7,3.75,0.5,0.3558504221954161,1
4678,33284,20120331,20120402,122,5,744,Low,Regular Air,21,480.39,0.01,144.66,22.23,8.99,0.30113033160557046,2
4680,33287,20110422,20110425,121,5,242,Critical,Delivery Truck,44,11904.55,0.0,3909.33,270.97,28.06,0.32838956533426295,3
4745,33732,20090828,20090829,145,5,51,Not Specified,Regular Air,33,332.95,0.05,-28.16,9.65,6.22,-0.08457726385343145,1
4843,34435,20090805,20090807,144,5,373,Low,Regular Air,42,447.36,0.01,40.92,10.48,2.89,0.09146995708154507,2
4899,34852,20120905,20120909,129,5,610,Low,Regular Air,26,53.93,0.04,-10.95,2.08,1.49,-0.20304097904691265,4
5001,35649,20111009,20111011,144,5,745,Medium,Regular Air,9,43.26,0.1,3.9,4.82,1.49,0.09015256588072122,2
5002,35649,20111009,20111011,144,5,552,Medium,Regular Air,25,174.03,0.02,-42.37,6.48,5.74,-0.2434637706142619,2
5121,36480,20100822,20100823,122,5,258,Medium,Regular Air,44,1190.8,0.07,502.49,28.53,1.49,0.42197682230433325,1
5171,36803,20120804,20120806,128,5,746,Not Specified,Regular Air,42,121.65,0.05,30.76,2.88,0.99,0.2528565556925606,2
5172,36803,20120804,20120806,128,5,110,Not Specified,Express Air,2,19.02,0.05,10.73,2.08,5.33,0.564143007360673,2
5173,36803,20120804,20120806,128,5,747,Not Specified,Regular Air,2,103.105,0.09,-316.32,65.99,2.5,-3.0679404490567865,2
5174,36805,20101214,20101216,123,5,671,Medium,Regular Air,7,263.8,0.0,165.33,34.23,5.02,0.6267247915087187,2
5175,36805,20101214,20101216,123,5,19,Medium,Express Air,28,1546.3965,0.07,226.72,65.99,5.26,0.14661181656838979,2
5180,36834,20091224,20091226,129,5,748,Low,Delivery Truck,11,1935.1,0.01,-42.96,170.98,35.89,-0.02220040307994419,2
5255,37410,20101012,20101014,149,5,749,Medium,Delivery Truck,45,18775.76,0.03,8504.47,400.97,48.26,0.45294944119439107,2
5297,37729,20090115,20090115,120,5,682,Not Specified,Regular Air,48,447.89,0.0,-26.78,8.6,6.19,-0.059791466654758985,0
5346,37988,20110405,20110405,130,5,750,Not Specified,Regular Air,12,189.19,0.08,-56.71,16.06,8.34,-0.29975157249326073,0
5449,38690,20120120,20120124,123,5,450,Low,Regular Air,28,697.5,0.02,169.89,23.99,6.3,0.24356989247311825,4
5457,38758,20110924,20110926,144,5,347,Not Specified,Regular Air,7,497.2,0.0,-219.61,60.98,49.0,-0.4416934835076428,2
5554,39332,20111009,20111010,130,5,195,Critical,Express Air,4,198.72,0.01,-34.43,40.97,14.45,-0.17325885668276972,1
5608,39745,20110504,20110505,128,5,357,Not Specified,Delivery Truck,8,955.29,0.05,-286.2,115.99,56.14,-0.2995948874163866,1
5678,40134,20111009,20111016,131,5,226,Low,Regular Air,10,109.37,0.1,-21.66,10.89,4.5,-0.19804333912407424,7
5679,40134,20111009,20111013,131,5,48,Low,Regular Air,43,1461.1,0.01,674.46,31.78,1.99,0.46161111491342144,4
5680,40134,20111009,20111014,131,5,751,Low,Regular Air,1,9.75,0.0,-6.72,4.98,4.72,-0.6892307692307692,5
5683,40164,20100410,20100412,149,5,619,Not Specified,Regular Air,8,184.07,0.04,75.63,22.98,7.58,0.41087629706090073,2
5723,40608,20120819,20120821,150,5,439,Not Specified,Regular Air,29,573.97,0.05,55.82,18.97,9.54,0.09725246964127045,2
5724,40608,20120819,20120820,150,5,300,Not Specified,Regular Air,39,223.79,0.01,-89.88,5.28,5.66,-0.40162652486706285,1
5742,40801,20120701,20120701,138,5,731,Not Specified,Regular Air,20,129.16,0.07,-56.15,6.48,6.22,-0.4347321152059461,0
5775,40965,20091120,20091121,139,5,720,Medium,Regular Air,29,843.55,0.08,168.76,30.98,8.74,0.20005927330922885,1
5820,41286,20120916,20120917,142,5,731,Medium,Regular Air,40,260.96,0.09,-96.7,6.48,6.22,-0.37055487431023915,1
5836,41412,20090917,20090919,123,5,213,Not Specified,Regular Air,47,263.81,0.03,-237.54,5.4,7.78,-0.9004207573632538,2
5856,41569,20100721,20100723,130,5,467,Critical,Regular Air,16,60.76,0.03,5.25,3.7,1.61,0.08640552995391705,2
5866,41633,20101109,20101109,150,5,302,Low,Delivery Truck,29,3636.91,0.0,-1284.24,122.99,70.2,-0.3531129447800468,0
5910,41895,20110110,20110112,137,5,480,Critical,Regular Air,8,27663.92,0.05,-391.92,3499.99,24.49,-0.01416718961014925,2
5936,42112,20101224,20101226,150,5,521,Not Specified,Regular Air,16,2744.361,0.01,201.03,195.99,8.99,0.07325202478828405,2
5942,42177,20120530,20120531,131,5,382,Not Specified,Regular Air,49,1201.934,0.03,47.42,28.99,8.59,0.039453081450395784,1
5943,42177,20120530,20120602,131,5,322,Not Specified,Regular Air,38,395.84,0.0,8.42,9.77,6.02,0.021271220695230398,3
5969,42339,20090212,20090212,148,5,597,Critical,Regular Air,31,206.54,0.02,-178.82,6.48,9.68,-0.86578870920887,0
5971,42342,20090904,20090905,150,5,752,Not Specified,Regular Air,25,318.14,0.01,49.67,12.28,5.09,0.15612623373357642,1
6061,42947,20100826,20100828,134,5,753,Low,Regular Air,5,177.05,0.0,-50.67,35.41,1.99,-0.28619034171138097,2
6080,43079,20090721,20090722,120,5,162,Medium,Regular Air,40,1184.03,0.04,-20.79,30.73,4.0,-0.017558676722718176,1
6087,43111,20110912,20110913,97,5,408,High,Regular Air,27,4722.83,0.01,1749.78,165.98,19.99,0.37049396230649845,1
6091,43140,20090318,20090320,126,5,754,Critical,Regular Air,23,130.16,0.1,-49.53,5.98,5.14,-0.38053165334972344,2
6228,44098,20100127,20100131,151,5,546,Low,Regular Air,1,5.06,0.01,-2.64,3.14,1.92,-0.5217391304347827,4
6282,44451,20110911,20110913,130,6,619,Critical,Express Air,4,103.9,0.07,-19.26,22.98,7.58,-0.18537054860442734,2
6354,45059,20110203,20110204,137,6,755,Not Specified,Express Air,35,1327.59,0.05,371.28,37.74,2.9,0.27966465550358166,1
6355,45059,20110203,20110205,137,6,255,Not Specified,Express Air,39,3401.8,0.09,-508.87,95.43,19.99,-0.14958845317185018,2
6362,45155,20110215,20110222,128,6,528,Low,Regular Air,44,181.61,0.03,-150.26,4.13,5.34,-0.8273773470623863,7
6363,45155,20110215,20110215,128,6,546,Low,Regular Air,35,111.55,0.05,-54.25,3.14,1.92,-0.4863290004482295,0
6380,45317,20120301,20120308,124,6,168,Low,Regular Air,36,1435.95,0.05,486.9,39.24,1.99,0.33907865872767157,7
6381,45317,20120301,20120308,124,6,671,Low,Regular Air,28,961.06,0.05,361.82,34.23,5.02,0.3764801365159303,7
6432,45731,20090810,20090811,96,6,731,Critical,Express Air,19,146.63,0.01,-30.06,6.48,6.22,-0.20500579690377138,1
6433,45731,20090810,20090812,96,6,601,Critical,Regular Air,35,2506.2675,0.03,1160.58,85.99,3.3,0.4630710808004333,2
6578,46849,20101213,20101214,138,6,207,Not Specified,Regular Air,23,188.54,0.09,9.82,8.33,1.99,0.05208443831547683,1
6621,47108,20091015,20091016,144,6,707,Not Specified,Regular Air,19,359.68,0.07,187.15,18.65,3.77,0.5203236209964412,1
6622,47108,20091015,20091017,144,6,169,Not Specified,Regular Air,7,131.55,0.06,-43.74,17.98,8.51,-0.332497149372862,2
6623,47108,20091015,20091018,144,6,756,Not Specified,Express Air,26,258.11,0.1,9.95,9.99,4.78,0.038549455658440195,3
6624,47108,20091015,20091016,144,6,484,Not Specified,Express Air,9,1288.515,0.08,-382.57,175.99,8.99,-0.29690768054698624,1
6676,47520,20091007,20091009,127,6,669,Not Specified,Regular Air,36,277.88,0.09,-64.41,7.68,6.16,-0.2317907010220239,2
6677,47520,20091007,20091009,127,6,251,Not Specified,Delivery Truck,13,3939.89,0.05,598.24,291.73,48.8,0.1518418026899228,2
6678,47520,20091007,20091009,127,6,94,Not Specified,Regular Air,47,925.3,0.04,257.31,19.98,5.77,0.2780827839619583,2
6683,47527,20100917,20100918,143,6,131,Medium,Delivery Truck,48,12072.9,0.04,3064.51,243.98,43.32,0.25383379304061165,1
6699,47713,20090703,20090703,126,6,757,High,Regular Air,34,3419.1505,0.0,858.58,115.99,5.92,0.25110915708448633,0
6707,47750,20100615,20100615,97,6,758,Low,Regular Air,1,195.04,0.08,-149.41,167.27,35.0,-0.7660479901558654,0
6797,48452,20101009,20101011,120,6,759,High,Delivery Truck,32,1859.01,0.09,-588.9,60.98,30.0,-0.31678151274065225,2
6798,48452,20101009,20101009,120,6,191,High,Regular Air,19,1781.11,0.1,51.44,99.99,19.99,0.02888086642599278,0
6799,48452,20101009,20101010,120,6,760,High,Regular Air,44,185.32,0.03,-192.56,4.18,6.92,-1.0390675588171812,1
6800,48452,20101009,20101011,120,6,479,High,Regular Air,15,73.41,0.08,-44.79,4.91,4.97,-0.6101348590110339,2
6801,48452,20101009,20101011,120,6,476,High,Regular Air,28,43.66,0.04,5.77,1.48,0.7,0.13215758131012367,2
6885,49088,20090923,20090924,132,6,483,Critical,Regular Air,16,130.11,0.03,-47.69,8.12,2.83,-0.36653600799323643,1
6886,49088,20090923,20090924,132,6,81,Critical,Express Air,15,4012.58,0.05,-425.14,279.48,35.0,-0.10595178164672106,1
6887,49088,20090923,20090925,132,6,130,Critical,Regular Air,31,1295.54,0.06,214.23,40.99,17.48,0.16535961838306806,2
6906,49223,20111002,20111002,149,6,761,Medium,Regular Air,24,238.25,0.05,-83.55,9.38,7.28,-0.35068205666316893,0
6947,49634,20120323,20120324,97,6,226,Not Specified,Regular Air,39,403.73,0.06,-44.13,10.89,4.5,-0.10930572412255715,1
6948,49634,20120323,20120325,97,6,395,Not Specified,Regular Air,3,86.85,0.05,-67.22,28.48,1.99,-0.7739781232009212,2
6999,49987,20110119,20110122,152,6,762,High,Delivery Truck,15,1795.49,0.05,-626.04,114.98,58.72,-0.34867362112849415,3
7000,49987,20110119,20110122,152,6,763,High,Delivery Truck,4,926.58,0.03,-226.51,212.6,52.2,-0.24445811478771393,3
7032,50208,20110122,20110123,138,6,764,Medium,Express Air,4,38.76,0.1,-12.13,6.23,6.97,-0.31295149638802894,1
7057,50338,20090323,20090325,127,6,535,Not Specified,Regular Air,36,551.44,0.0,28.7,13.99,7.51,0.05204555346003191,2
7138,50945,20110107,20110109,136,6,542,Critical,Regular Air,27,834.0625,0.01,192.29,35.99,1.25,0.2305462720119895,2
7210,51462,20110622,20110624,146,6,61,Medium,Express Air,15,417.88,0.08,-13.95,28.15,8.99,-0.03338278931750742,2
7218,51494,20110803,20110805,144,6,765,Critical,Regular Air,42,493.56,0.06,12.73,11.99,5.99,0.025792203582137938,2
7221,51525,20111107,20111109,134,6,507,Critical,Express Air,18,360.24,0.04,-36.24,19.98,4.0,-0.10059960026648901,2
7222,51525,20111107,20111109,134,6,140,Critical,Regular Air,46,1463.27,0.09,104.22,34.76,8.22,0.07122403930921839,2
7428,52933,20100826,20100902,127,6,766,Low,Express Air,44,210.46,0.03,50.04,4.49,1.49,0.23776489594222178,7
7437,53025,20100317,20100318,144,6,437,Critical,Regular Air,32,195.57,0.09,-132.93,5.98,7.5,-0.6797054763000461,1
7539,53894,20090707,20090708,148,6,457,Critical,Regular Air,47,691.52,0.03,107.02,14.2,5.3,0.15476052753354927,1
7540,53894,20090707,20090708,148,6,18,Critical,Regular Air,37,2756.17,0.04,-1561.72,71.37,69.0,-0.5666268771519899,1
7541,53894,20090707,20090707,148,6,104,Critical,Express Air,29,5159.3725,0.02,1252.48,200.99,8.08,0.24275820363813622,0
7544,53953,20090327,20090328,145,6,493,Not Specified,Regular Air,36,307.65,0.07,91.73,8.95,2.01,0.29816349748090365,1
7587,54304,20100217,20100219,144,6,767,High,Regular Air,11,558.62,0.03,118.32,48.58,3.99,0.21180766889835664,2
7685,55075,20110201,20110204,142,6,171,Critical,Delivery Truck,21,556.45,0.08,-124.42,25.98,14.36,-0.2235960104232186,3
7710,55268,20120317,20120318,134,6,24,High,Express Air,11,61.46,0.08,-47.83,4.89,4.93,-0.7782297429222258,1
7731,55367,20090110,20090111,132,6,768,Critical,Delivery Truck,31,2137.1,0.05,-686.01,70.98,46.74,-0.3210004211314398,1
7732,55367,20090110,20090112,132,6,769,Critical,Regular Air,48,571.17,0.05,129.87,11.55,2.36,0.22737538736278168,2
7875,56321,20100416,20100418,123,6,770,Critical,Regular Air,24,135.88,0.1,-75.39,5.8,5.59,-0.5548277892257875,2
7919,56610,20100307,20100307,144,6,710,Medium,Express Air,20,857.95,0.08,51.85,43.22,4.0,0.06043475727023719,0
7943,56740,20121016,20121023,130,6,771,Critical,Regular Air,33,662.21,0.01,256.57,18.84,3.62,0.38744507029492153,7
7962,56901,20090911,20090913,153,6,270,Critical,Regular Air,36,100.68,0.0,-45.21,2.6,2.4,-0.4490464839094159,2
8020,57314,20101012,20101016,134,6,532,Low,Express Air,22,846.35,0.04,341.53,37.94,5.08,0.4035328173923317,4
8021,57314,20101012,20101019,134,6,700,Low,Regular Air,26,1976.3945,0.0,473.36,85.99,2.79,0.23950683934811598,7
8027,57376,20110619,20110621,121,6,717,Critical,Regular Air,44,442.72,0.07,-168.38,10.52,7.94,-0.3803306830502349,2
8028,57376,20110619,20110619,121,6,306,Critical,Regular Air,6,326.893,0.07,-223.21,65.99,5.31,-0.6828228196994124,0
8086,57671,20121107,20121108,127,6,46,Not Specified,Regular Air,6,22.78,0.01,3.96,3.75,0.5,0.17383669885864791,1
8092,57700,20111112,20111112,153,6,13,Medium,Regular Air,38,1806.43,0.04,134.85,47.98,3.61,0.07465000027678902,0
8172,58407,20110506,20110509,151,6,381,High,Regular Air,29,1669.88,0.02,548.92,55.48,14.3,0.32871823125014965,3
8191,58593,20110908,20110909,133,6,563,Critical,Regular Air,29,2018.45,0.08,-812.25,70.71,37.58,-0.40241274245089054,1
8238,58884,20110321,20110326,149,6,185,Low,Regular Air,29,87.68,0.03,23.14,2.88,0.99,0.26391423357664234,5
8239,58884,20110321,20110326,149,6,527,Low,Delivery Truck,46,3732.25,0.1,-1255.86,85.29,60.0,-0.336488713242682,5
8240,58913,20100511,20100513,138,6,772,Medium,Regular Air,23,144.55,0.07,-60.17,6.48,5.94,-0.4162573503977862,2
8248,58978,20120206,20120213,132,6,773,Low,Regular Air,13,75.89,0.09,-31.01,5.98,5.15,-0.40861773619712743,7
37,229,20101228,20101230,154,6,774,Critical,Regular Air,43,586.11,0.11,98.44,12.64,4.98,0.16795482076743273,2
108,706,20110908,20110910,155,6,92,Critical,Regular Air,42,75.14,0.05,0.82,1.76,0.7,0.010912962470055895,2
193,1285,20120531,20120531,156,6,631,Critical,Delivery Truck,27,3874.12,0.0,-305.98,130.98,54.74,-0.07898051686576565,0
194,1285,20120531,20120601,156,6,147,Critical,Delivery Truck,8,1452.216,0.05,-277.29,218.75,69.64,-0.19094266968550136,1
198,1313,20090912,20090914,156,6,775,Critical,Regular Air,34,840.07,0.0,-83.75,22.84,16.92,-0.09969407311295486,2
206,1346,20120617,20120619,157,6,17,High,Delivery Truck,48,4789.89,0.09,421.15,100.98,26.22,0.08792477489044632,2
246,1699,20101229,20110323,158,6,621,Critical,Regular Air,40,430.88,0.05,39.0,11.09,5.25,0.09051243965837356,84
314,2208,20110430,20110502,159,6,275,Not Specified,Regular Air,7,82.06,0.07,-26.99,11.5,7.19,-0.32890567877163046,2
315,2208,20110430,20110501,159,6,776,Not Specified,Regular Air,41,23281.05,0.09,9097.65,599.99,24.49,0.3907749006165959,1
382,2656,20100503,20100504,160,6,740,Critical,Delivery Truck,3,523.11,0.05,-214.53,159.31,60.0,-0.4101049492458565,1
383,2656,20100503,20100505,160,6,542,Critical,Regular Air,29,913.41,0.01,237.14,35.99,1.25,0.2596205428011517,2
483,3361,20120822,20120822,161,6,777,Not Specified,Regular Air,49,213.71,0.06,-208.02,4.28,6.72,-0.9733751345280989,0
484,3361,20120822,20120823,161,6,339,Not Specified,Regular Air,23,133.66,0.07,-5.6,5.85,2.27,-0.04189735148885231,1
488,3393,20110703,20110704,162,6,404,High,Express Air,7,127.74,0.04,-5.57,15.98,4.0,-0.04360419602317207,1
489,3393,20110703,20110703,162,6,722,High,Regular Air,33,325.92,0.03,-36.47,9.48,7.29,-0.11189862542955326,0
638,4487,20100222,20100223,163,6,578,Medium,Regular Air,50,325.24,0.05,-79.42,6.54,5.27,-0.24418890665354814,1
649,4579,20111130,20111201,113,6,97,High,Regular Air,40,1765.05,0.05,749.22,43.41,2.99,0.42447522733067056,1
713,5061,20100813,20100815,164,6,705,Critical,Regular Air,4,12.8,0.0,-2.21,2.88,0.7,-0.17265624999999998,2
714,5092,20111029,20111029,165,6,778,Low,Delivery Truck,3,709.04,0.1,-337.92,220.98,64.66,-0.47658806273270904,0
715,5092,20111029,20111103,165,6,204,Low,Regular Air,25,978.77,0.06,220.91,38.76,13.26,0.2257016459433779,5
773,5511,20091128,20091129,158,6,611,Critical,Express Air,46,129.44,0.02,-5.54,2.58,1.3,-0.04279975278121137,1
774,5511,20091128,20091129,158,6,248,Critical,Regular Air,32,1829.387,0.02,482.45,65.99,3.9,0.26372221951943464,1
807,5799,20110802,20110804,159,6,779,Critical,Delivery Truck,34,9626.86,0.08,1882.2,294.62,42.52,0.19551546402461445,2
815,5890,20121103,20121104,166,6,164,High,Express Air,42,813.535,0.0,435.95,20.99,0.99,0.5358712286502731,1
919,6596,20110721,20110726,167,6,780,Low,Delivery Truck,36,18028.07,0.02,8157.7,500.98,28.14,0.45249990708933346,5
967,7015,20101012,20101014,154,6,559,Not Specified,Regular Air,47,1880.8,0.07,775.88,40.98,1.99,0.41252658443215656,2
968,7015,20101012,20101013,154,6,781,Not Specified,Express Air,42,7143.927,0.02,2374.73,195.99,4.2,0.33241241126904014,1
982,7106,20120510,20120512,168,6,509,Low,Regular Air,8,118.98,0.05,-12.77,14.27,7.27,-0.10732896285089931,2
983,7106,20120510,20120512,168,6,782,Low,Regular Air,31,4910.09,0.01,1669.38,159.99,5.5,0.339989694689914,2
984,7106,20120510,20120512,168,6,422,Low,Regular Air,36,1058.45,0.01,-386.02,27.75,19.99,-0.3647031035948793,2
1090,8007,20120211,20120211,169,6,783,Low,Regular Air,5,820.5645,0.09,-800.25,205.99,8.99,-0.975243262412644,0
1127,8257,20090322,20090322,166,6,201,Low,Delivery Truck,5,7486.09,0.05,-2561.32,1500.97,29.7,-0.34214389621284275,0
1128,8257,20090322,20090326,166,6,784,Low,Regular Air,18,881.32,0.02,373.67,48.04,5.09,0.4239890164752871,4
1129,8257,20090322,20090329,166,6,785,Low,Regular Air,5,22.77,0.03,-6.2,4.28,1.6,-0.2722880983750549,7
1196,8773,20111022,20111022,156,6,141,Critical,Regular Air,5,220.7875,0.09,-305.32,55.99,5.0,-1.3828681424446583,0
1243,9057,20091104,20091104,161,6,378,Critical,Regular Air,20,160.29,0.01,1.35,7.59,4.0,0.008422234699606963,0
1279,9285,20090102,20090104,166,6,327,Critical,Regular Air,3,124.81,0.06,-11.94,40.98,2.99,-0.09566541142536655,2
1353,9861,20121028,20121101,167,6,344,Low,Regular Air,47,706.68,0.1,6.6,15.94,5.45,0.009339446425539142,4
1363,9922,20110403,20110404,159,6,398,Not Specified,Delivery Truck,24,6408.3,0.1,539.54,280.98,35.67,0.08419393598926392,1
1364,9923,20091005,20091005,167,6,110,High,Regular Air,27,63.71,0.01,-96.03,2.08,5.33,-1.507298697221786,0
1365,9923,20091005,20091006,167,6,223,High,Delivery Truck,14,5388.8,0.03,-115.08,370.98,99.0,-0.02135540380047506,1
1366,9925,20120130,20120202,167,6,247,Critical,Express Air,43,1751.68,0.1,771.83,41.94,2.99,0.4406227164778955,3
1367,9925,20120130,20120201,167,6,14,Critical,Regular Air,17,86.47,0.07,-9.35,5.28,2.99,-0.10812998727882503,2
1368,9925,20120130,20120201,167,6,312,Critical,Regular Air,31,684.5,0.02,-27.99,21.38,8.99,-0.04089116143170197,2
1468,10593,20120212,20120213,156,6,290,High,Regular Air,27,435.27,0.05,-147.51,15.98,8.99,-0.3388931008339651,1
1469,10593,20120212,20120214,156,6,786,High,Regular Air,26,723.82,0.05,-40.98,27.42,19.46,-0.0566162858169158,2
1660,11969,20120119,20120120,170,6,787,Not Specified,Regular Air,16,1684.96,0.08,-553.06,110.98,35.0,-0.32823331117652643,1
1661,11969,20120119,20120121,170,6,763,Not Specified,Delivery Truck,9,1662.048,0.03,-471.26,212.6,110.2,-0.2835417509000943,2
1662,11969,20120119,20120121,170,6,196,Not Specified,Delivery Truck,42,11460.76,0.1,4264.82,349.45,60.0,0.3721236637011856,2
1694,12228,20090625,20090628,171,6,157,Not Specified,Delivery Truck,1,159.51,0.04,-103.63,130.98,30.0,-0.6496771362297035,3
1695,12228,20090625,20090625,171,6,333,Not Specified,Regular Air,30,5015.051,0.05,1090.43,200.99,4.2,0.21743148773561824,0
1721,12355,20110528,20110530,172,6,788,Not Specified,Regular Air,45,168.66,0.08,-167.06,3.95,5.13,-0.9905134590300012,2
1723,12389,20090804,20090806,161,6,534,Medium,Regular Air,34,2560.59,0.07,670.96,80.98,7.18,0.26203335949917794,2
1724,12389,20090804,20090805,161,6,789,Medium,Regular Air,16,189.04,0.08,-74.77,11.35,8.6,-0.39552475666525605,1
1775,12710,20100817,20100817,165,6,297,Critical,Regular Air,37,2116.62,0.06,745.45,55.98,13.88,0.3521888671561263,0
1909,13636,20090122,20090126,156,6,186,Low,Delivery Truck,32,28180.08,0.02,7513.88,880.98,44.55,0.26663799393046433,4
1961,14021,20110307,20110308,172,6,790,High,Express Air,12,27.05,0.0,1.0,1.82,0.83,0.03696857670979667,1
2009,14338,20100131,20100207,173,6,187,Low,Delivery Truck,34,6580.16,0.1,2786.35,200.97,15.59,0.4234471502212712,7
2021,14406,20100308,20100310,174,6,222,Medium,Regular Air,37,5610.84,0.07,2366.51,150.98,13.99,0.42177463623985,2
2022,14406,20100308,20100310,174,6,112,Medium,Delivery Truck,20,455.34,0.06,-932.55,20.98,53.03,-2.04803004348399,2
2023,14406,20100308,20100310,174,6,56,Medium,Express Air,35,2329.646,0.1,-310.24,85.99,0.99,-0.13317044735552097,2
2202,15878,20101104,20101106,173,6,517,High,Regular Air,36,275.06,0.05,-237.87,7.28,11.15,-0.8647931360430452,2
2234,16133,20090925,20090927,154,6,791,Critical,Regular Air,1,27.96,0.17,-9.13,14.89,13.56,-0.32653791130185983,2
2304,16612,20090213,20090214,156,6,792,High,Delivery Truck,45,3699.22,0.05,565.18,80.97,30.06,0.1527835597774666,1
2305,16612,20090213,20090215,156,6,680,High,Regular Air,6,48.93,0.0,-38.72,6.48,10.05,-0.791334559574903,2
2352,16967,20110819,20110821,171,6,432,Low,Regular Air,5,397.55,0.08,-152.47,83.1,6.13,-0.3835240850207521,2
2353,16967,20110819,20110819,171,6,94,Low,Regular Air,34,676.26,0.06,181.98,19.98,5.77,0.2690976843225978,0
2540,18432,20110312,20110312,158,6,448,High,Regular Air,42,451.32,0.04,1.16,10.64,5.16,0.0025702384117699192,0
2541,18432,20110312,20110312,158,6,793,High,Express Air,15,217.66,0.1,-24.91,14.42,6.75,-0.11444454654047598,0
2542,18432,20110312,20110314,158,6,369,High,Delivery Truck,5,1374.67,0.08,-126.34,279.81,23.19,-0.09190569373013159,2
2543,18432,20110312,20110314,158,6,794,High,Express Air,12,76.42,0.02,20.44,5.84,0.83,0.2674692488877257,2
2544,18464,20120328,20120330,175,6,414,High,Delivery Truck,27,4891.86,0.02,253.14,180.98,55.24,0.05174718818608873,2
2545,18464,20120328,20120328,175,6,208,High,Delivery Truck,37,6039.1,0.01,-345.92,150.98,66.27,-0.05728005828683082,0
2546,18464,20120328,20120330,175,6,795,High,Regular Air,31,206.49,0.05,80.07,6.45,1.34,0.3877669620804881,2
2547,18464,20120328,20120330,175,6,79,High,Regular Air,41,80.54,0.01,-18.72,1.89,0.76,-0.23243109014154453,2
2594,18754,20090925,20090927,176,6,229,Not Specified,Delivery Truck,8,1217.62,0.03,-221.5,140.98,36.09,-0.18191225505494327,2
2595,18754,20090925,20090926,176,6,403,Not Specified,Regular Air,32,1725.0325,0.08,206.35,65.99,8.99,0.11962093467804229,1
2753,19905,20120812,20120814,154,6,85,Critical,Regular Air,20,82.97,0.04,32.5,4.13,0.5,0.3917078462094733,2
2754,19905,20120812,20120814,154,6,481,Critical,Delivery Truck,25,13701.35,0.01,-3687.65,550.98,64.59,-0.2691450112580147,2
2805,20256,20120131,20120205,176,6,796,Low,Regular Air,24,512.83,0.01,-221.56,20.89,11.52,-0.4320340073708636,5
2823,20386,20100227,20100227,173,6,231,Critical,Regular Air,35,41.23,0.09,-21.51,1.26,0.7,-0.5217074945428087,0
2839,20455,20100628,20100629,177,6,451,Critical,Express Air,7,381.1995,0.08,-233.56,65.99,8.99,-0.612697550757543,1
2860,20642,20120519,20120520,178,6,85,High,Regular Air,32,135.2,0.02,59.4,4.13,0.5,0.4393491124260355,1
2952,21379,20110114,20110116,174,6,721,High,Delivery Truck,35,5428.49,0.05,-1046.78,150.89,60.2,-0.1928307871986501,2
3027,21766,20090601,20090603,162,6,37,High,Delivery Truck,41,5178.17,0.03,531.69,120.98,30.0,0.10267913181683877,2
3028,21766,20090601,20090603,162,6,797,High,Regular Air,32,535.24,0.01,216.43,15.68,3.73,0.40436066063821835,2
3074,22053,20100821,20100823,164,6,233,Critical,Regular Air,32,563.08,0.1,112.97,18.99,5.23,0.2006286850891525,2
3111,22368,20100219,20100220,155,6,168,Medium,Regular Air,5,192.12,0.04,-74.85,39.24,1.99,-0.38960024984384756,1
3112,22368,20100219,20100221,155,6,735,Medium,Delivery Truck,33,3917.61,0.08,40.76,119.99,56.14,0.010404302623283072,2
3113,22368,20100219,20100220,155,6,798,Medium,Regular Air,34,2788.04,0.01,-849.18,80.98,35.0,-0.30457956126884833,1
3190,22885,20091123,20091125,179,6,418,Medium,Regular Air,4,56.47,0.05,-29.9,12.88,4.59,-0.5294846821321055,2
3200,22947,20091218,20091225,155,6,138,Low,Regular Air,19,216.25,0.09,58.84,12.22,2.85,0.27209248554913296,7
3334,23844,20090706,20090708,161,6,667,Not Specified,Regular Air,40,1861.36,0.0,627.85,42.98,4.62,0.33730713027034,2
3335,23844,20090706,20090708,161,6,5,Not Specified,Regular Air,42,937.62,0.03,187.2,21.78,5.94,0.1996544442311384,2
3336,23844,20090706,20090707,161,6,605,Not Specified,Regular Air,11,33.02,0.08,8.4,3.15,0.5,0.25439127801332523,1
3361,24039,20120717,20120719,164,6,559,Not Specified,Regular Air,5,199.16,0.1,-64.87,40.98,1.99,-0.3257180156657964,2
3554,25347,20090612,20090619,157,6,119,Low,Regular Air,28,967.27,0.07,309.31,35.44,7.5,0.3197762775646924,7
3613,25825,20120719,20120722,161,6,172,Not Specified,Regular Air,45,483.74,0.02,206.27,10.31,1.79,0.4264067474263034,3
3614,25825,20120719,20120719,161,6,339,Not Specified,Regular Air,27,159.65,0.06,-1.79,5.85,2.27,-0.01121202630754776,0
3672,26304,20110319,20110320,158,6,556,Medium,Regular Air,43,7452.137,0.02,2028.36,205.99,5.99,0.2721850121649669,1
3740,26726,20121227,20121227,176,6,537,High,Regular Air,37,173.11,0.02,-121.58,4.37,5.15,-0.7023279995378661,0
3741,26726,20121227,20121229,176,6,499,High,Regular Air,11,86.68,0.08,-474.91,3.48,49.0,-5.47888786340563,2
3742,26726,20121227,20121228,176,6,498,High,Regular Air,41,833.51,0.05,364.99,20.98,1.49,0.4378951662247604,1
3825,27266,20110908,20110911,158,6,799,Critical,Regular Air,9,1031.06,0.03,39.36,115.79,1.99,0.03817430605396388,3
3842,27396,20101208,20101210,164,5,322,Critical,Regular Air,14,138.31,0.07,-31.16,9.77,6.02,-0.225291012941942,2
3988,28480,20090315,20090316,173,5,264,Medium,Regular Air,17,30.62,0.01,-1.56,1.76,0.7,-0.05094709340300457,1
4090,29158,20111020,20111021,154,5,317,High,Delivery Truck,12,2266.7,0.07,180.8,200.98,23.76,0.07976353288922224,1
4144,29409,20110113,20110115,156,5,732,High,Regular Air,23,38.99,0.09,-33.52,1.7,1.99,-0.859707617337779,2
4213,29956,20090814,20090815,162,5,790,Critical,Regular Air,48,80.33,0.09,-12.95,1.82,0.83,-0.16121000871405453,1
4259,30341,20090131,20090131,154,5,580,Low,Delivery Truck,42,6244.18,0.09,470.3,160.98,30.0,0.07531813624847458,0
4260,30341,20090131,20090131,154,5,337,Low,Regular Air,41,239.75,0.09,105.91,6.3,0.5,0.44175182481751823,0
4261,30341,20090131,20090207,154,5,657,Low,Regular Air,30,150.2,0.0,62.46,4.98,0.8,0.41584553928095874,7
4278,30467,20090815,20090816,165,5,461,Critical,Regular Air,5,2019.65,0.05,289.88,420.98,19.99,0.1435298195231847,1
4321,30785,20090703,20090705,179,5,645,High,Regular Air,7,55.81,0.03,-35.04,6.48,8.73,-0.6278444723167891,2
4322,30785,20090703,20090706,179,5,800,High,Regular Air,38,373.07,0.07,149.53,9.93,1.09,0.40080949955772377,3
4374,31171,20090408,20090409,180,5,394,Not Specified,Regular Air,37,161.02,0.08,32.19,4.55,1.49,0.19991305427897152,1
4394,31297,20120818,20120825,173,5,801,Low,Regular Air,39,679.95,0.08,-93.3,17.99,8.65,-0.1372159717626296,7
4395,31297,20120818,20120827,173,5,371,Low,Regular Air,44,1579.56,0.01,699.64,35.44,4.92,0.4429334751449771,9
4425,31553,20090110,20090112,164,5,325,Critical,Regular Air,32,4906.85,0.09,1907.94,162.93,19.99,0.3888319390240174,2
4595,32706,20090704,20090706,154,5,802,Critical,Delivery Truck,5,2017.5,0.03,-663.51,399.98,12.06,-0.32887732342007436,2
4650,33122,20100619,20100626,176,5,749,Low,Delivery Truck,21,8468.63,0.0,2819.96,400.97,48.26,0.3329889250091219,7
4713,33570,20121216,20121218,172,5,241,Not Specified,Regular Air,46,265.88,0.05,-90.9,5.74,5.01,-0.3418835564916504,2
4714,33570,20121216,20121218,172,5,201,Not Specified,Delivery Truck,1,1500.82,0.01,-3381.99,1500.97,29.7,-2.2534281259578095,2
4715,33570,20121216,20121216,172,5,212,Not Specified,Regular Air,19,3093.864,0.07,286.4,205.99,5.26,0.09257032629747138,0
4770,33893,20120920,20120922,155,5,635,Not Specified,Regular Air,6,232.21,0.0,-14.03,35.89,14.72,-0.06041944791352655,2
4771,33893,20120920,20120921,155,5,339,Not Specified,Regular Air,16,88.3,0.09,-12.14,5.85,2.27,-0.13748584371460928,1
4862,34599,20100303,20100307,165,5,803,Low,Regular Air,26,191.55,0.08,7.17,7.7,3.68,0.03743148003132341,4
4863,34599,20100303,20100307,165,5,385,Low,Regular Air,29,938.86,0.05,22.21,30.98,17.08,0.023656349189442517,4
4879,34721,20101101,20101102,181,5,804,Not Specified,Regular Air,46,503.17,0.01,-10.21,10.23,4.68,-0.020291352823101537,1
4889,34787,20100228,20100302,164,5,805,Low,Regular Air,14,453.99,0.05,14.61,30.98,8.99,0.03218132557985859,2
4891,34791,20110507,20110509,182,5,378,Medium,Regular Air,37,284.58,0.03,33.81,7.59,4.0,0.11880666244992623,2
4892,34791,20110507,20110507,182,5,806,Medium,Regular Air,9,1010.26,0.01,271.5,104.85,19.99,0.2687426998990359,0
4895,34822,20120710,20120711,160,5,139,Not Specified,Regular Air,23,990.5,0.04,323.73,43.98,1.99,0.3268349318525997,1
4900,34853,20110929,20111002,154,5,807,Critical,Regular Air,49,651.9,0.16,-74.51,13.73,6.85,-0.11429667126859949,3
4991,35522,20101025,20101101,161,5,219,Low,Regular Air,27,2575.01,0.09,231.46,99.99,19.99,0.08988702956493372,7
5062,36099,20100917,20100922,179,5,808,Low,Regular Air,32,85.49,0.08,5.72,2.88,0.7,0.06690841034039069,5
5063,36099,20100917,20100922,179,5,809,Low,Regular Air,15,926.3,0.09,-503.8,64.65,35.0,-0.5438842707546152,5
5106,36359,20111123,20111124,172,5,38,High,Regular Air,2,68.66,0.06,-29.6,30.98,5.76,-0.4311098164870376,1
5193,36901,20120913,20120914,177,5,674,Critical,Regular Air,30,201.09,0.08,-56.22,6.68,5.66,-0.2795763091153215,1
5256,37412,20120803,20120805,162,5,341,High,Regular Air,17,191.67,0.03,6.02,10.98,3.37,0.03140814942348829,2
5437,38625,20101117,20101119,167,5,219,Not Specified,Express Air,28,2752.0,0.06,336.47,99.99,19.99,0.1222638081395349,2
5438,38625,20101117,20101119,167,5,478,Not Specified,Regular Air,12,72.82,0.02,5.03,5.98,2.5,0.06907443010162044,2
5443,38656,20120810,20120810,165,5,343,Low,Regular Air,13,64.46,0.01,25.16,4.91,0.5,0.39031957803288864,0
5458,38784,20110203,20110205,139,5,337,Medium,Regular Air,50,298.12,0.09,137.67,6.3,0.5,0.46179390849322416,2
5471,38882,20091214,20091215,183,5,302,Critical,Delivery Truck,37,4411.5,0.1,-1799.35,122.99,70.2,-0.40787713929502434,1
5579,39527,20110417,20110426,184,5,810,Low,Regular Air,29,213.35,0.01,63.78,6.88,2.0,0.2989453948910242,9
5627,39845,20090906,20090907,168,5,756,Critical,Regular Air,44,447.42,0.05,41.3,9.99,4.78,0.09230700460417504,1
5637,39877,20120816,20120818,184,5,304,Critical,Regular Air,41,90.88,0.04,8.06,2.18,0.78,0.08868838028169015,2
5695,40259,20101012,20101013,157,5,811,Medium,Express Air,4,29.05,0.08,-20.9,4.98,4.32,-0.7194492254733218,1
5814,41217,20110713,20110715,160,5,812,High,Express Air,23,1314.64,0.03,575.38,55.48,6.79,0.43767114951621733,2
5876,41671,20121203,20121205,181,5,235,Critical,Regular Air,49,638.91,0.02,77.48,12.98,3.14,0.12126903632749528,2
5915,41927,20120713,20120716,154,5,399,Not Specified,Express Air,46,2332.23,0.02,1085.93,48.04,7.23,0.4656187425768471,3
5919,41988,20090204,20090204,154,5,128,Low,Delivery Truck,33,4610.35,0.08,751.58,145.45,17.85,0.1630201611591311,0
5920,41988,20090204,20090208,154,5,206,Low,Delivery Truck,18,610.07,0.07,-157.56,33.94,19.19,-0.25826544494894027,4
5921,41988,20090204,20090208,154,5,813,Low,Regular Air,14,181.49,0.1,-29.54,13.43,5.5,-0.16276378863849247,4
6026,42692,20111220,20111222,163,5,437,Medium,Regular Air,41,248.86,0.08,-168.67,5.98,7.5,-0.677770634091457,2
6027,42692,20111220,20111221,163,5,645,Medium,Regular Air,42,278.01,0.03,-202.31,6.48,8.73,-0.7277076364159563,1
6216,44007,20110530,20110530,160,5,582,Medium,Regular Air,50,281.81,0.07,42.45,5.98,0.96,0.15063340548596574,0
6279,44450,20101009,20101010,164,5,814,Critical,Regular Air,14,243.23,0.07,35.33,17.48,1.99,0.14525346379969575,1
6280,44450,20101009,20101009,164,5,815,Critical,Regular Air,24,1326.51,0.03,58.17,65.99,8.99,0.04385191216048127,0
6302,44610,20110310,20110310,183,5,85,High,Regular Air,31,127.9,0.07,54.21,4.13,0.5,0.4238467552775606,0
6350,44999,20100122,20100123,173,5,496,Medium,Regular Air,17,110.74,0.09,-70.31,6.48,7.49,-0.6349106014087051,1
6351,45025,20110411,20110414,173,4,612,High,Regular Air,26,73.82,0.08,2.01,2.88,1.49,0.027228393389325384,3
6374,45248,20110416,20110418,139,4,788,Medium,Regular Air,38,154.85,0.05,-136.55,3.95,5.13,-0.8818211172102035,2
6375,45248,20110416,20110418,139,4,521,Medium,Regular Air,32,4941.7725,0.1,704.89,195.99,8.99,0.1426391036819279,2
6376,45249,20101127,20101202,176,4,160,Low,Regular Air,24,1155.5835,0.04,-127.0,55.99,5.0,-0.10990118844722169,5
6411,45570,20100809,20100810,181,4,338,Critical,Regular Air,19,77.57,0.0,-67.49,3.58,5.47,-0.870052855485368,1
6434,45731,20090810,20090811,154,4,301,Critical,Delivery Truck,44,12689.87,0.04,-169.23,296.18,154.12,-0.013335834015636093,1
6517,46375,20100826,20100828,180,4,121,Medium,Regular Air,24,905.32,0.02,389.07,35.44,5.09,0.4297596429991605,2
6518,46375,20100826,20100827,180,4,816,Medium,Regular Air,16,1702.499,0.08,162.11,125.99,5.26,0.09521885181724042,1
6588,46885,20110607,20110611,173,4,200,Low,Regular Air,27,632.55,0.05,165.35,22.72,8.99,0.2614022606908545,4
6589,46885,20110607,20110611,173,4,817,Low,Regular Air,48,90.96,0.02,-30.11,1.81,1.56,-0.33102462620932277,4
6590,46885,20110607,20110612,173,4,309,Low,Regular Air,32,1997.13,0.05,720.45,63.94,14.48,0.3607426657253158,5
6596,46948,20100520,20100524,173,4,578,Low,Regular Air,10,64.13,0.1,-28.97,6.54,5.27,-0.45173865585529394,4
6644,47267,20101229,20101230,157,4,471,Medium,Regular Air,24,492.71,0.02,67.01,19.98,8.68,0.1360029226116783,1
6645,47267,20101229,20101230,157,4,818,Medium,Delivery Truck,14,1042.06,0.04,-931.25,70.89,89.3,-0.8936625530199797,1
6656,47333,20110907,20110907,156,4,178,Critical,Regular Air,16,760.2485,0.04,29.8,55.99,3.3,0.03919770969623748,0
6762,48167,20090906,20090909,177,4,302,Critical,Delivery Truck,43,5041.46,0.06,-2136.66,122.99,70.2,-0.4238177036017344,3
6763,48167,20090906,20090907,177,4,118,Critical,Regular Air,45,282.98,0.06,-237.47,6.48,8.88,-0.8391759134921195,1
6764,48167,20090906,20090907,177,4,196,Critical,Delivery Truck,27,8817.71,0.09,-2946.05,349.45,60.0,-0.3341060207242017,1
6774,48230,20090225,20090227,177,4,462,Not Specified,Express Air,39,1140.26,0.04,387.2,29.18,8.55,0.33957167663515336,2
6775,48230,20090225,20090227,177,4,798,Not Specified,Regular Air,31,2645.8,0.0,-684.78,80.98,35.0,-0.2588177488850253,2
6806,48480,20100102,20100105,164,4,223,Critical,Delivery Truck,32,11103.75,0.1,-522.59,370.98,99.0,-0.04706428008555669,3
6825,48614,20120531,20120531,184,4,521,Critical,Regular Air,46,7965.9025,0.01,2311.96,195.99,8.99,0.2902320233018167,0
6844,48772,20090512,20090514,185,4,618,Medium,Regular Air,44,3202.25,0.09,991.26,78.69,19.99,0.3095510968850027,2
6845,48772,20090512,20090513,185,4,60,Medium,Regular Air,11,81.25,0.01,-44.54,6.48,7.86,-0.5481846153846154,1
6846,48772,20090512,20090513,185,4,819,Medium,Regular Air,18,57.17,0.08,-24.03,3.28,2.31,-0.42032534546090605,1
6847,48772,20090512,20090513,185,4,820,Medium,Regular Air,12,41.97,0.05,-37.03,3.28,4.2,-0.8822968787228973,1
6848,48772,20090512,20090513,185,4,821,Medium,Regular Air,10,35.64,0.05,-0.71,3.58,1.63,-0.019921436588103254,1
6852,48800,20101022,20101023,180,4,480,Not Specified,Regular Air,8,28761.52,0.04,285.11,3499.99,24.49,0.009912897510284575,1
6867,48931,20090617,20090624,174,4,125,Low,Regular Air,33,750.66,0.0,120.05,20.95,4.0,0.1599259318466416,7
6868,48931,20090617,20090619,174,4,630,Low,Regular Air,8,254.32,0.01,-117.39,30.98,6.5,-0.46158383139352,2
6869,48931,20090617,20090622,174,4,179,Low,Regular Air,42,2149.37,0.03,217.87,51.75,19.99,0.10136458590191545,5
6892,49126,20110710,20110717,139,4,580,Low,Delivery Truck,33,5661.08,0.0,1055.47,160.98,30.0,0.18644322284793716,7
6908,49283,20091211,20091212,168,4,47,High,Regular Air,25,334.71,0.01,31.74,12.28,6.47,0.09482835887783454,1
6927,49441,20090927,20090928,182,4,492,Medium,Express Air,49,1981.26,0.07,100.8,41.32,8.66,0.05087671481784319,1
6944,49601,20110126,20110202,139,4,655,Low,Delivery Truck,15,1756.46,0.01,-101.19,113.98,30.0,-0.057610193229564004,7
6960,49763,20110213,20110214,171,4,474,Critical,Regular Air,8,49.04,0.02,9.29,5.68,1.39,0.18943719412724305,1
6961,49763,20110213,20110213,171,4,453,Critical,Delivery Truck,6,2320.35,0.0,-237.62,348.21,84.84,-0.10240696446656755,0
6988,49927,20120720,20120720,180,4,538,Not Specified,Regular Air,26,139.54,0.01,-54.08,4.98,4.95,-0.3875591228321628,0
6989,49927,20120720,20120722,180,4,378,Not Specified,Regular Air,28,199.52,0.08,13.44,7.59,4.0,0.0673616680032077,2
6990,49927,20120720,20120721,180,4,304,Not Specified,Regular Air,39,85.66,0.04,6.67,2.18,0.78,0.07786598178846603,1
7009,50048,20100118,20100120,167,4,611,High,Regular Air,14,35.48,0.09,-9.19,2.58,1.3,-0.25901916572717026,2
7010,50048,20100118,20100120,167,4,278,High,Regular Air,1,15.0,0.05,-11.02,6.84,8.37,-0.7346666666666667,2
7075,50499,20111012,20111013,175,4,822,Not Specified,Delivery Truck,18,1758.41,0.06,238.52,100.98,15.66,0.13564527044318447,1
7152,51041,20100729,20100730,179,4,238,High,Regular Air,47,2766.818,0.03,846.95,65.99,5.92,0.30610976218891156,1
7194,51328,20101026,20101031,155,4,823,Low,Regular Air,38,689.67,0.07,51.47,18.7,8.99,0.07462989545724767,5
7195,51333,20121004,20121006,157,4,197,Not Specified,Delivery Truck,30,2219.79,0.1,-9.45,80.97,33.6,-0.004257159461030097,2
7196,51333,20121004,20121006,157,4,718,Not Specified,Regular Air,25,237.36,0.07,-117.86,9.06,9.86,-0.4965453319851702,2
7201,51365,20120807,20120809,157,4,110,High,Regular Air,35,195.23,0.08,-72.46,5.89,5.57,-0.3711519745940685,2
7202,51365,20120807,20120808,157,4,308,High,Delivery Truck,35,4051.8,0.1,-684.07,124.49,51.94,-0.16883113677871564,1
7253,51777,20110219,20110220,173,4,318,Medium,Regular Air,4,3465.97,0.08,194.32,896.99,19.99,0.056065113085225785,1
7254,51777,20110219,20110221,173,4,824,Medium,Regular Air,13,1307.88,0.06,206.86,100.97,7.18,0.1581643575863229,2
7263,51814,20100924,20100926,161,4,40,Critical,Regular Air,13,104.51,0.04,-9.28,7.84,4.71,-0.08879533059037412,2
7290,51975,20091218,20091222,161,4,825,Low,Regular Air,12,1064.7865,0.1,-181.01,115.99,2.5,-0.16999652042921282,4
7328,52225,20120412,20120413,177,4,138,Critical,Regular Air,10,131.09,0.01,10.94,12.22,2.85,0.08345411549317262,1
7329,52225,20120412,20120413,177,4,230,Critical,Regular Air,33,1817.9,0.06,700.31,54.96,10.75,0.3852302106826558,1
7366,52487,20090601,20090602,184,4,826,Critical,Regular Air,17,124.06,0.09,15.74,7.78,2.5,0.12687409318071902,1
7410,52868,20110216,20110218,172,4,827,Low,Regular Air,19,138.05,0.09,-100.49,7.37,5.53,-0.7279246649764577,2
7459,53221,20120226,20120227,158,4,797,Not Specified,Regular Air,29,433.44,0.1,147.46,15.68,3.73,0.3402085640457734,1
7509,53600,20120710,20120711,176,4,460,Medium,Express Air,8,55.59,0.03,-17.95,5.18,5.74,-0.3228998021226839,1
7515,53667,20120517,20120519,162,4,286,Medium,Regular Air,33,112.36,0.08,-159.74,3.36,6.27,-1.421680313278747,2
7516,53667,20120517,20120519,162,4,828,Medium,Regular Air,16,481.049,0.09,46.51,35.99,1.1,0.09668453733403458,2
7535,53891,20090122,20090122,184,4,101,High,Regular Air,36,562.8,0.02,-17.45,15.22,9.73,-0.031005685856432125,0
7545,53955,20110304,20110306,154,4,157,Critical,Delivery Truck,43,5544.99,0.04,-3404.24,130.98,130.0,-0.6139307735451282,2
7569,54150,20110622,20110622,181,4,194,Critical,Express Air,12,2011.6355,0.01,-53.69,195.99,3.99,-0.02668972584745099,0
7742,55429,20090629,20090701,160,4,73,High,Regular Air,43,260.59,0.09,-157.76,6.48,7.03,-0.6053954487892859,2
7751,55462,20120327,20120329,168,4,829,Medium,Regular Air,13,75.27,0.06,-1.84,5.58,2.99,-0.02444533014481201,2
7752,55462,20120327,20120328,168,4,830,Medium,Regular Air,31,1184.53,0.05,-26.49,39.98,7.12,-0.02236330021189839,1
7753,55462,20120327,20120328,168,4,713,Medium,Regular Air,35,3683.73,0.09,708.76,125.99,8.99,0.19240280910924523,1
7793,55749,20120503,20120504,171,4,427,Critical,Regular Air,42,364.8,0.01,149.45,8.74,1.39,0.40967653508771923,1
7809,55873,20111119,20111126,181,4,831,Low,Delivery Truck,48,15602.93,0.0,4875.89,306.14,26.53,0.31249835768025624,7
7852,56135,20101113,20101115,157,4,229,Medium,Delivery Truck,8,1118.82,0.04,-320.3,140.98,36.09,-0.2862837632505676,2
7853,56135,20101113,20101114,157,4,817,Medium,Regular Air,48,79.75,0.1,-41.32,1.81,1.56,-0.5181191222570533,1
7934,56708,20121202,20121202,158,4,832,Not Specified,Delivery Truck,36,10006.28,0.1,-760.98,286.85,61.76,-0.07605024044899802,0
7935,56708,20121202,20121205,158,4,189,Not Specified,Regular Air,36,407.17,0.04,-12.82,11.58,6.97,-0.03148562025689516,3
8120,57986,20101029,20101029,113,4,531,High,Regular Air,14,199.93,0.1,-105.33,14.81,13.32,-0.526834392037213,0
8155,58310,20090223,20090224,182,4,833,Critical,Regular Air,22,834.81,0.03,1.98,37.76,12.9,0.0023717971754051823,1
8215,58725,20100520,20100521,186,4,427,Not Specified,Regular Air,39,335.35,0.05,-134.97,8.74,8.29,-0.40247502609214253,1
142,902,20090726,20090729,187,4,126,Not Specified,Regular Air,10,1925.83,0.09,359.83,207.48,0.99,0.18684411396644562,3
309,2147,20120905,20120907,188,4,530,Not Specified,Express Air,15,605.1,0.04,92.81,40.98,5.33,0.15337960667658238,2
338,2306,20110725,20110727,189,4,834,High,Regular Air,15,113.5,0.05,-46.35,7.45,6.28,-0.4083700440528634,2
422,2823,20110908,20110909,190,4,155,High,Regular Air,17,357.43,0.08,-135.98,20.97,6.5,-0.38043812774529273,1
423,2823,20110908,20110909,190,4,276,High,Delivery Truck,21,4754.08,0.0,299.88,225.02,28.66,0.06307845050987783,1
460,3110,20091216,20091218,191,4,835,High,Delivery Truck,13,1601.32,0.04,377.81,119.99,14.0,0.23593660230309996,2
503,3463,20100817,20100818,192,4,836,Critical,Regular Air,43,264.75,0.08,-212.51,6.48,8.4,-0.8026817752596789,1
591,4034,20101113,20101114,193,4,699,Not Specified,Regular Air,44,3367.24,0.07,-1183.69,79.52,48.2,-0.35153122438555023,1
592,4034,20101113,20101114,193,4,726,Not Specified,Delivery Truck,37,5723.24,0.0,-194.97,145.98,51.92,-0.0340663680013419,1
593,4037,20100323,20100324,194,4,60,High,Regular Air,27,188.07,0.0,-101.85,6.48,7.86,-0.5415536768224597,1
775,5538,20101224,20101226,192,4,837,Critical,Regular Air,43,1281.28,0.05,415.85,29.17,6.27,0.3245582542457543,2
776,5538,20101224,20101225,192,4,838,Critical,Delivery Truck,13,1940.31,0.03,-668.19,146.05,80.2,-0.3443728064072236,1
777,5538,20101224,20101227,192,4,356,Critical,Regular Air,4,430.848,0.06,-492.77,125.99,5.63,-1.1437212195484254,3
814,5863,20101121,20101122,195,4,619,Medium,Regular Air,40,933.21,0.05,207.18,22.98,7.58,0.22200790818786767,1
997,7175,20100207,20100209,191,4,523,Critical,Delivery Truck,10,748.25,0.05,-86.99,70.98,26.74,-0.11625793518209154,2
1008,7364,20090508,20090510,196,4,353,High,Regular Air,15,260.39,0.09,-48.57,16.98,12.39,-0.18652790045700682,2
1068,7878,20110501,20110506,187,4,839,Critical,Delivery Truck,50,3904.12,0.07,-1508.46,81.94,55.81,-0.3863764433470283,5
1069,7878,20110501,20110503,187,4,840,Critical,Regular Air,41,343.64,0.06,13.29,8.57,3.44,0.03867419392387382,2
1070,7878,20110501,20110508,187,4,622,Low,Regular Air,42,256.64,0.03,-28.29,5.81,3.37,-0.1102322319201995,7
1171,8551,20090729,20090801,187,4,834,Critical,Regular Air,25,185.64,0.1,-69.87,7.45,6.28,-0.3763736263736264,3
1172,8551,20090729,20090731,187,4,60,Critical,Regular Air,34,225.98,0.01,-135.74,6.48,7.86,-0.600672625896097,2
1207,8834,20101108,20101109,197,4,774,High,Regular Air,1,16.73,0.08,-6.96,12.64,4.98,-0.41601912731619844,1
1261,9155,20120830,20120831,197,4,122,Critical,Regular Air,17,518.8,0.1,54.63,30.98,11.63,0.10530069390902083,1
1325,9668,20090906,20090908,193,4,841,Low,Regular Air,10,42.67,0.06,-12.72,4.18,2.99,-0.29810171080384346,2
1408,10242,20101212,20101213,198,4,619,Medium,Regular Air,32,690.88,0.08,119.25,22.98,7.58,0.1726059518295507,1
1711,12292,20120602,20120602,197,4,296,Not Specified,Regular Air,32,824.24,0.1,-127.23,26.31,5.89,-0.15436038047170728,0
2035,14503,20110205,20110206,194,4,143,Not Specified,Express Air,14,438.47,0.02,157.89,30.56,2.99,0.360093050835861,1
2118,15109,20101214,20101217,198,4,125,Not Specified,Regular Air,11,230.72,0.08,-68.76,20.95,5.99,-0.2980235783633842,3
2119,15109,20101214,20101216,198,4,836,Not Specified,Regular Air,45,293.47,0.06,-205.38,6.48,8.4,-0.6998330323372064,2
2120,15109,20101214,20101216,198,4,842,Not Specified,Regular Air,33,88.7,0.06,-89.13,2.52,4.28,-1.004847801578354,2
2121,15109,20101214,20101215,198,4,341,Not Specified,Regular Air,23,262.78,0.04,19.36,10.98,3.37,0.07367379557043915,1
2122,15109,20101214,20101216,198,4,569,Not Specified,Regular Air,10,142.15,0.09,-58.18,14.03,9.37,-0.40928596552937035,2
2126,15142,20120404,20120406,187,4,419,Not Specified,Regular Air,21,330.22,0.07,-51.72,15.28,10.91,-0.15662285748894675,2
2146,15332,20100530,20100601,198,4,843,Not Specified,Regular Air,6,321.71,0.1,-2.73,52.4,16.11,-0.008485903453420783,2
2199,15872,20121030,20121030,191,4,822,Not Specified,Delivery Truck,48,5198.12,0.01,1481.67,100.98,15.66,0.2850395912368318,0
2200,15872,20121030,20121101,191,4,844,Not Specified,Regular Air,23,188.53,0.0,-27.49,7.35,5.96,-0.14581233755900916,2
2201,15872,20121030,20121031,191,4,130,Not Specified,Regular Air,19,718.41,0.1,23.94,40.99,17.48,0.03332358959368606,1
2216,16032,20091205,20091212,199,4,774,Low,Regular Air,35,436.98,0.07,75.61,12.64,4.98,0.1730285138907959,7
2242,16165,20100722,20100724,188,4,162,Not Specified,Express Air,4,136.68,0.01,-125.16,30.73,4.0,-0.9157155399473221,2
2243,16165,20100722,20100723,188,4,845,Not Specified,Express Air,24,1452.48,0.07,376.52,62.18,10.84,0.25922560035250053,1
2244,16165,20100722,20100722,188,4,220,Not Specified,Express Air,19,3555.29,0.09,183.28,193.17,19.99,0.05155135024147116,0
2426,17632,20100221,20100222,189,4,846,Medium,Regular Air,38,71.12,0.1,-21.89,1.98,0.7,-0.30778965129358826,1
2691,19492,20101212,20101214,200,4,618,High,Regular Air,9,691.09,0.08,364.03,78.69,19.99,0.5267476016148402,2
2692,19492,20101212,20101213,200,4,363,High,Regular Air,33,713.7,0.02,176.09,21.98,2.87,0.24672831722012048,1
2786,20102,20110605,20110606,193,4,847,High,Regular Air,15,333.3,0.03,71.04,22.24,1.99,0.21314131413141316,1
3050,21863,20101121,20101122,193,4,848,Not Specified,Regular Air,27,85.77,0.03,-102.02,2.84,5.44,-1.1894601842135946,1
3051,21863,20101121,20101122,193,4,508,Not Specified,Regular Air,13,149.31,0.0,7.77,10.98,5.14,0.0520393811533052,1
3058,21894,20111218,20111220,201,4,849,Critical,Regular Air,6,54.3,0.1,1.27,9.68,2.03,0.023388581952117866,2
3072,22022,20100403,20100404,188,4,201,Critical,Delivery Truck,1,1409.86,0.07,-3461.12,1500.97,29.7,-2.4549387882484788,1
3159,22663,20120111,20120111,198,4,544,Low,Delivery Truck,35,9843.11,0.07,-384.6,280.98,57.0,-0.039073016556758995,0
3160,22663,20120111,20120116,198,4,780,Low,Delivery Truck,15,7190.06,0.08,1908.45,500.98,28.14,0.2654289393968896,5
3317,23713,20121128,20121201,201,4,757,Not Specified,Regular Air,38,3701.5205,0.05,894.06,115.99,5.92,0.241538578538198,3
3411,24358,20090516,20090516,193,4,81,Critical,Regular Air,27,7333.45,0.07,-207.28,279.48,35.0,-0.028265004874922447,0
3415,24386,20120626,20120628,194,4,824,High,Regular Air,41,4256.51,0.03,1653.96,100.97,7.18,0.3885718581654924,2
3416,24386,20120626,20120628,194,4,850,High,Regular Air,12,503.08,0.01,-102.74,40.98,6.5,-0.2042219925260396,2
3417,24386,20120626,20120627,194,4,367,High,Express Air,15,76.94,0.0,29.67,4.13,0.99,0.3856251624642579,1
3494,24899,20110820,20110822,198,4,175,Not Specified,Regular Air,37,252.99,0.08,28.76,7.08,2.35,0.11368038262381913,2
3571,25473,20121014,20121016,196,4,780,High,Delivery Truck,36,17304.85,0.05,7434.48,500.98,28.14,0.4296182862030009,2
3572,25473,20121014,20121017,196,4,130,High,Regular Air,20,794.32,0.08,67.61,40.99,17.48,0.08511682948937456,3
3596,25638,20090806,20090807,202,4,24,High,Regular Air,31,163.89,0.02,-108.55,4.89,4.93,-0.6623344926475075,1
3597,25638,20090806,20090807,202,4,456,High,Regular Air,12,115.45,0.07,23.53,10.06,2.06,0.20381117366825466,1
3638,26016,20091007,20091009,197,4,851,High,Regular Air,2,154.94,0.09,-358.43,77.51,4.0,-2.31334710210404,2
3639,26016,20091007,20091009,197,4,482,High,Express Air,44,1642.642,0.08,314.84,45.99,4.99,0.19166683915302296,2
3659,26182,20100116,20100116,41,7,317,Not Specified,Delivery Truck,4,770.76,0.08,-192.51,200.98,23.76,-0.24976646426903315,0
3735,26691,20120803,20120804,189,7,669,Not Specified,Regular Air,37,270.43,0.07,-83.16,7.68,6.16,-0.3075102614354916,1
3793,27015,20111231,20111231,198,7,407,Low,Regular Air,24,1339.25,0.03,142.51,56.96,13.22,0.10641030427478065,0
3902,27840,20090703,20090704,198,7,208,High,Delivery Truck,8,1209.37,0.09,-407.85,150.98,66.27,-0.3372417043584677,1
3945,28130,20090730,20090803,195,7,23,Low,Express Air,23,404.24,0.02,-76.99,15.99,13.18,-0.1904561646546606,4
3946,28130,20090730,20090730,195,7,852,Low,Express Air,32,1381.88,0.09,598.2,46.94,6.77,0.4328885286710858,0
3964,28290,20090110,20090114,198,7,252,Low,Express Air,43,1307.35,0.05,-154.24,30.42,8.65,-0.11797911806325775,4
3965,28290,20090110,20090112,198,7,533,Low,Express Air,3,523.58,0.01,-179.36,161.55,19.99,-0.34256465105619005,2
4211,29927,20121107,20121108,194,7,170,High,Regular Air,19,257.97,0.03,33.18,12.95,4.98,0.12861960693103847,1
4212,29953,20110207,20110210,199,7,853,Critical,Regular Air,42,619.77,0.02,50.24,14.45,7.17,0.08106232957387419,3
4387,31238,20100822,20100824,203,7,445,Medium,Express Air,21,7512.03,0.09,2017.64,363.25,19.99,0.26858785175245575,2
4505,32067,20120312,20120313,93,7,45,High,Regular Air,27,2853.8835,0.06,492.24,125.99,7.69,0.17248076174097507,1
4527,32198,20111109,20111109,203,7,827,Medium,Regular Air,31,240.63,0.02,-117.92,7.37,5.53,-0.49004696006316756,0
4535,32231,20121101,20121105,197,7,678,Low,Regular Air,44,192.33,0.01,48.54,4.26,1.2,0.2523787240680081,4
4563,32452,20110718,20110719,203,7,211,Medium,Regular Air,3,8.6,0.09,-2.03,2.88,0.5,-0.23604651162790696,1
4637,32998,20100929,20100930,195,7,631,Not Specified,Delivery Truck,13,1663.83,0.1,-484.64,130.98,54.74,-0.29127975814836854,1
4647,33091,20110125,20110127,190,7,545,High,Regular Air,24,265.35,0.02,-128.69,9.99,11.59,-0.4849820991143772,2
4672,33250,20090625,20090627,195,7,265,Not Specified,Regular Air,40,7381.19,0.04,2998.88,177.98,0.99,0.4062867911542719,2
4689,33378,20120427,20120428,203,7,854,High,Regular Air,25,945.36,0.1,219.85,39.98,9.83,0.23255690953710756,1
4766,33889,20101106,20101111,93,7,414,Low,Delivery Truck,46,9046.33,0.0,1398.03,180.98,55.24,0.1545411233063574,5
4767,33889,20101106,20101113,93,7,855,Low,Regular Air,43,367.96,0.06,-16.11,8.67,3.5,-0.043781932818784654,7
4768,33889,20101106,20101110,93,7,478,Low,Regular Air,27,159.05,0.04,21.46,5.98,2.5,0.13492612386042124,4
4769,33889,20101106,20101108,93,7,43,Low,Regular Air,39,116.14,0.01,50.44,2.88,0.5,0.43430342689857065,2
4858,34567,20090426,20090430,201,7,156,Low,Delivery Truck,18,3344.11,0.03,588.54,180.98,26.2,0.1759930145838504,4
5078,36163,20121105,20121105,187,7,853,Low,Regular Air,32,463.0,0.07,24.61,14.45,7.17,0.05315334773218142,0
5114,36449,20100905,20100905,194,7,856,Not Specified,Regular Air,6,90.75,0.02,-26.39,12.99,14.37,-0.29079889807162534,0
5144,36675,20110703,20110706,193,7,857,High,Regular Air,39,113.09,0.04,29.76,2.94,0.81,0.2631532407816783,3
5327,37862,20090112,20090115,195,7,324,Not Specified,Regular Air,27,1603.27,0.01,452.49,59.98,3.99,0.2822294435746942,3
5379,38240,20091219,20091219,197,7,682,High,Regular Air,4,41.53,0.04,-15.53,8.6,6.19,-0.3739465446665061,0
5450,38693,20110614,20110621,204,7,287,Low,Regular Air,3,2222.61,0.02,196.08,699.99,24.49,0.0882206055043395,7
5483,38917,20101121,20101128,203,7,858,Low,Regular Air,11,618.1965,0.02,-132.53,65.99,8.8,-0.21438167314114526,7
5501,39015,20091206,20091206,204,7,802,Medium,Delivery Truck,13,5236.14,0.05,567.59,399.98,12.06,0.10839855313265115,0
5502,39015,20091206,20091206,204,7,552,Medium,Regular Air,11,74.02,0.07,-28.45,6.48,5.74,-0.38435557957308836,0
5539,39265,20100507,20100508,205,7,406,Critical,Regular Air,47,198.08,0.02,32.69,4.28,0.94,0.1650343295638126,1
5770,40962,20110220,20110221,196,7,859,Critical,Regular Air,28,1553.66,0.03,547.48,54.48,0.99,0.3523808297825779,1
5771,40962,20110220,20110221,196,7,713,Critical,Regular Air,30,3276.9965,0.0,653.06,125.99,8.99,0.19928614510268775,1
5786,41059,20100914,20100914,204,7,509,Medium,Express Air,26,363.16,0.08,3.92,14.27,7.27,0.01079414032382421,0
5787,41059,20100914,20100915,204,7,860,Medium,Regular Air,45,12571.63,0.09,5455.96,300.98,13.99,0.4339898644805805,1
5788,41059,20100914,20100916,204,7,289,Medium,Express Air,21,128.86,0.0,24.53,5.84,1.2,0.19036163277976098,2
5789,41059,20100914,20100915,204,7,861,Medium,Delivery Truck,45,17884.53,0.04,2357.86,400.98,42.52,0.13183796275328455,1
5872,41664,20111204,20111204,206,7,137,Critical,Regular Air,5,54.8,0.0,-15.3,9.78,1.99,-0.2791970802919708,0
5873,41664,20111204,20111206,206,7,862,Critical,Regular Air,40,1038.19,0.07,230.69,25.98,4.08,0.2222040281644015,2
6012,42596,20120814,20120816,189,7,641,Medium,Regular Air,9,51.75,0.05,4.16,5.58,0.7,0.0803864734299517,2
6135,43424,20110818,20110820,198,7,863,Not Specified,Express Air,34,772.56,0.04,143.87,22.98,4.5,0.18622501812156986,2
6179,43808,20110106,20110113,193,7,864,Low,Regular Air,16,108.73,0.04,-22.21,6.24,5.22,-0.20426745148533063,7
6373,45218,20090510,20090512,190,7,865,Low,Regular Air,49,309.46,0.08,-82.64,6.48,2.74,-0.26704582175402314,2
6470,46050,20100104,20100107,207,7,866,High,Regular Air,3,876.75,0.02,-248.69,289.53,19.99,-0.2836498431708013,3
6479,46117,20110522,20110526,198,7,307,Low,Delivery Truck,22,1168.28,0.02,126.07,50.98,14.19,0.10791077481425686,4
6494,46243,20120124,20120126,198,7,41,Low,Express Air,31,614.35,0.02,78.89,18.97,9.03,0.1284121429152763,2
6495,46243,20120124,20120129,198,7,25,Low,Regular Air,1,3.63,0.03,-1.56,2.88,0.7,-0.4297520661157025,5
6496,46243,20120124,20120131,198,7,867,Low,Regular Air,31,172.99,0.05,61.51,5.84,1.0,0.3555696861090236,7
6504,46310,20100721,20100722,208,7,868,High,Regular Air,29,1935.25,0.04,652.19,63.98,11.55,0.33700555483787625,1
6505,46310,20100721,20100722,208,7,869,High,Regular Air,13,278.5,0.1,-6.23,22.01,5.53,-0.022369838420107722,1
6506,46310,20100721,20100721,208,7,870,High,Regular Air,42,5423.58,0.01,1361.56,120.33,19.99,0.25104451303382636,0
6537,46503,20111106,20111109,187,7,512,Not Specified,Regular Air,26,1196.7915,0.07,265.39,55.99,1.25,0.22175124071319022,3
6572,46726,20120705,20120705,187,7,278,Not Specified,Regular Air,46,325.97,0.02,-255.22,6.84,8.37,-0.78295548670123,0
6573,46726,20120705,20120707,187,7,394,Not Specified,Regular Air,10,49.65,0.02,8.27,4.55,1.49,0.16656596173212487,2
6613,47042,20120302,20120303,198,7,293,Critical,Regular Air,45,1375.3765,0.03,592.22,35.99,3.3,0.43058755184489483,1
6635,47174,20110916,20110916,198,7,535,Critical,Regular Air,42,642.1,0.0,41.56,13.99,7.51,0.06472512069771064,0
6746,48034,20090714,20090715,190,7,869,Not Specified,Regular Air,47,945.86,0.1,31.59,22.01,5.53,0.0333981773201108,1
6747,48034,20090714,20090714,190,7,871,Not Specified,Delivery Truck,12,2340.504,0.04,243.16,236.97,59.24,0.10389215314308371,0
6760,48164,20111029,20111031,193,7,808,High,Regular Air,33,94.39,0.07,12.31,2.88,0.7,0.1304163576650069,2
6896,49189,20110115,20110118,199,7,872,Critical,Regular Air,32,249.59,0.06,101.82,7.64,1.39,0.4079490364197283,3
6997,49986,20101014,20101016,203,7,26,Critical,Regular Air,39,110.36,0.05,8.6,2.84,0.93,0.07792678506705328,2
7054,50336,20091104,20091105,203,7,873,Not Specified,Regular Air,9,58.98,0.0,-17.79,5.77,4.97,-0.30162767039674465,1
7059,50373,20090702,20090703,93,7,533,Critical,Regular Air,9,1455.04,0.06,-7.58,161.55,19.99,-0.005209478777215747,1
7086,50564,20120302,20120304,207,7,244,High,Regular Air,30,11041.42,0.07,4456.25,387.99,19.99,0.40359392179629067,2
7139,50949,20110204,20110205,195,7,304,Medium,Express Air,32,73.55,0.09,7.95,2.18,0.78,0.10808973487423522,1
7140,50949,20110204,20110206,195,7,626,Medium,Regular Air,46,4804.0385,0.08,1077.92,125.99,8.8,0.22437788539787934,2
7198,51361,20110318,20110320,187,7,653,Low,Express Air,14,76.06,0.02,-35.99,4.28,5.68,-0.47317906915592955,2
7199,51361,20110318,20110322,187,7,196,Critical,Delivery Truck,50,18056.68,0.0,-6474.65,349.45,60.0,-0.35857366913518984,4
7258,51780,20100724,20100731,209,7,401,Low,Express Air,42,372.69,0.01,-177.03,8.04,8.94,-0.4750060371890848,7
7278,51940,20121017,20121018,202,7,30,High,Regular Air,11,65.5,0.08,-55.94,5.98,4.38,-0.8540458015267175,1
7305,52071,20111127,20111129,208,7,183,Not Specified,Regular Air,14,136.85,0.01,-4.43,8.85,5.6,-0.03237120935330654,2
7306,52071,20111127,20111129,208,7,736,Not Specified,Regular Air,1,12.74,0.05,-11.39,7.96,4.95,-0.8940345368916798,2
7449,53152,20090305,20090307,150,7,874,Medium,Regular Air,5,185.79,0.02,-159.68,34.98,7.53,-0.8594649873513107,2
7450,53152,20090305,20090308,150,7,221,Medium,Regular Air,9,196.41,0.01,27.91,19.99,11.17,0.14210070770327377,3
7451,53152,20090305,20090307,150,7,471,Medium,Regular Air,9,186.67,0.02,2.06,19.98,8.68,0.011035517222906735,2
7573,54177,20120125,20120125,198,7,875,Critical,Regular Air,12,480.73,0.1,148.2,42.8,2.99,0.3082811557423085,0
7574,54177,20120125,20120127,198,7,673,Critical,Regular Air,25,159.0,0.1,-98.15,6.48,7.37,-0.6172955974842768,2
7688,55107,20100508,20100513,207,7,474,Low,Regular Air,32,171.52,0.1,46.61,5.68,1.39,0.2717467350746268,5
7750,55461,20090928,20090929,187,7,441,Medium,Regular Air,16,84.01,0.06,-34.12,4.82,5.72,-0.40614212593738835,1
7760,55526,20120702,20120703,195,7,41,High,Regular Air,23,445.17,0.02,38.11,18.97,9.03,0.08560774535570681,1
7829,55969,20101004,20101007,187,7,391,Medium,Regular Air,37,2329.4,0.08,189.77,64.98,6.88,0.08146733064308406,3
7996,57153,20090526,20090528,187,7,876,Critical,Regular Air,9,106.05,0.02,-14.52,11.33,6.12,-0.1369165487977369,2
7997,57153,20090526,20090527,187,7,69,Critical,Regular Air,45,698.1,0.01,336.25,15.67,1.39,0.48166451797736715,1
8065,57538,20100220,20100222,93,7,91,Critical,Regular Air,40,1370.49,0.08,-244.63,33.98,19.99,-0.17849820137323147,2
8201,58656,20101204,20101206,210,7,240,High,Regular Air,5,39.44,0.0,-0.94,6.75,2.99,-0.02383367139959432,2
8202,58656,20101204,20101206,210,7,110,High,Regular Air,3,11.01,0.09,-1.42,2.08,5.33,-0.12897366030881016,2
8226,58789,20100805,20100809,93,7,7,Low,Regular Air,26,195.51,0.03,-105.72,7.3,7.72,-0.5407396041123217,4
8227,58789,20100805,20100810,93,7,322,Low,Regular Air,38,377.13,0.02,-10.29,9.77,6.02,-0.027285021080264097,5
8280,59200,20111209,20111209,198,7,667,Medium,Regular Air,4,170.45,0.09,-30.27,42.98,4.62,-0.17758873569961867,0
8281,59200,20111209,20111211,198,7,393,Medium,Regular Air,28,350.42,0.03,-37.3,11.97,5.81,-0.10644369613606527,2
8321,59459,20090204,20090205,193,7,732,Medium,Regular Air,40,69.66,0.07,-51.42,1.7,1.99,-0.7381567614125755,1
8379,59878,20120528,20120529,202,7,169,High,Regular Air,6,112.4,0.1,-46.75,17.98,8.51,-0.41592526690391457,1
8380,59878,20120528,20120529,202,7,64,High,Regular Air,23,249.64,0.08,-91.65,10.9,7.46,-0.36712866527800037,1
8386,59909,20120805,20120807,93,7,357,Low,Delivery Truck,11,1255.48,0.06,-292.65,115.99,56.14,-0.233098097938637,2
8387,59909,20120805,20120812,93,7,761,Low,Express Air,46,411.56,0.09,-188.02,9.38,7.28,-0.45684711828166,7
184,1218,20090619,20090622,211,7,793,Not Specified,Regular Air,3,46.46,0.1,-25.13,14.42,6.75,-0.5408953938872147,3
237,1600,20100302,20100304,212,7,51,Medium,Regular Air,32,303.59,0.1,-45.99,9.65,6.22,-0.15148720313580818,2
238,1600,20100302,20100303,212,7,877,Medium,Regular Air,36,191.6,0.04,-150.74,4.98,7.44,-0.7867432150313153,1
347,2373,20090311,20090312,211,7,682,Not Specified,Regular Air,36,317.59,0.06,-46.12,8.6,6.19,-0.14521867816996759,1
377,2626,20110907,20110909,213,7,878,Not Specified,Regular Air,16,48.37,0.02,18.02,2.88,0.5,0.3725449658879471,2
458,3109,20100723,20100730,212,7,744,Low,Regular Air,47,1005.74,0.1,199.3,22.23,8.99,0.1981625469803329,7
459,3109,20100723,20100730,212,7,879,Low,Regular Air,37,6477.7395,0.01,1653.97,205.99,8.99,0.2553313544022572,7
555,3777,20090407,20090408,213,7,594,Medium,Express Air,14,244.85,0.06,38.06,17.67,8.99,0.15544210741270167,1
583,3973,20120323,20120325,214,7,797,Not Specified,Regular Air,21,316.35,0.06,117.91,15.68,3.73,0.3727200885095622,2
704,4932,20100809,20100811,214,7,172,Critical,Regular Air,11,109.37,0.07,25.96,10.31,1.79,0.23735942214501235,2
999,7239,20110629,20110701,211,7,870,Medium,Regular Air,50,6206.16,0.03,1416.27,120.33,19.99,0.22820391353107236,2
1246,9088,20090622,20090624,215,7,880,Critical,Regular Air,50,15383.7,0.03,6523.26,304.99,19.99,0.42403713020924744,2
1247,9088,20090622,20090624,215,7,451,Critical,Regular Air,31,1637.457,0.09,118.15,65.99,8.99,0.07215456650159363,2
1584,11428,20120121,20120121,216,7,881,Medium,Regular Air,16,1554.53,0.0,474.66,90.48,19.99,0.3053398776479065,0
1736,12452,20101207,20101208,216,7,244,Medium,Regular Air,1,356.95,0.08,-228.24,387.99,19.99,-0.6394172853340805,1
1737,12452,20101207,20101209,216,7,882,Medium,Regular Air,17,112.86,0.04,-56.78,6.6,4.07,-0.5031011873117136,2
1738,12452,20101207,20101209,216,7,883,Medium,Regular Air,38,2063.42,0.03,989.95,55.98,5.15,0.4797617547566661,2
1853,13345,20120902,20120903,216,7,568,Not Specified,Regular Air,24,116.82,0.02,-42.05,4.77,2.39,-0.35995548707413116,1
1854,13345,20120902,20120902,216,7,341,Not Specified,Regular Air,45,483.64,0.1,28.39,10.98,3.37,0.058700686461004056,0
1864,13410,20100606,20100608,214,7,483,Not Specified,Regular Air,4,33.64,0.07,-35.17,8.12,2.83,-1.0454815695600477,2
1865,13410,20100606,20100607,214,7,450,Not Specified,Regular Air,29,701.94,0.01,158.91,23.99,6.3,0.22638687067270705,1
2193,15808,20101214,20101214,216,7,467,Critical,Regular Air,33,126.88,0.05,12.63,3.7,1.61,0.09954287515762926,0
2194,15808,20101214,20101214,216,7,291,Critical,Express Air,42,906.64,0.07,-148.93,22.38,15.1,-0.16426586076061062,0
2195,15808,20101214,20101216,216,7,507,Critical,Regular Air,45,882.96,0.06,11.65,19.98,4.0,0.013194255685421763,2
2196,15808,20101214,20101215,216,7,591,Critical,Regular Air,3,58.14,0.01,-96.25,20.99,4.81,-1.6554867561059512,1
2271,16326,20100510,20100512,216,7,65,High,Regular Air,39,1538.33,0.03,471.35,39.48,1.99,0.30640369751613766,2
2272,16326,20100510,20100510,216,7,884,High,Regular Air,39,147.46,0.06,14.13,3.71,1.93,0.09582259595822595,0
2474,17985,20110412,20110413,217,7,503,Medium,Delivery Truck,4,473.88,0.01,-183.26,110.98,30.0,-0.3867223769730733,1
2475,17985,20110412,20110414,217,7,181,Medium,Regular Air,50,849.031,0.07,-133.31,20.99,3.3,-0.157014290408713,2
2841,20480,20090129,20090131,212,7,885,Medium,Delivery Truck,4,1042.63,0.02,-219.93,240.98,60.2,-0.21093772479211223,2
2919,21091,20091212,20091214,216,7,886,High,Express Air,32,270.73,0.1,-54.57,8.88,6.28,-0.20156613600265946,2
3748,26759,20120125,20120127,214,7,40,Not Specified,Regular Air,30,251.11,0.03,10.04,7.84,4.71,0.03998247779857433,2
3759,26853,20120612,20120616,215,7,887,Low,Regular Air,21,64.44,0.0,-89.02,2.66,6.35,-1.3814400993171942,4
3768,26918,20090406,20090415,215,7,486,Low,Regular Air,16,77.96,0.05,16.65,4.84,0.71,0.21357106208311954,9
3847,27456,20090410,20090411,217,7,888,Not Specified,Delivery Truck,29,9492.92,0.05,772.04,328.14,91.05,0.08132797916763229,1
3980,28420,20090924,20090924,216,7,889,Low,Express Air,2,45.64,0.08,-0.11,15.57,1.39,-0.0024101665205959683,0
4123,29318,20110630,20110701,214,7,9,Not Specified,Express Air,21,2954.14,0.04,-522.94,138.14,35.0,-0.1770193694273122,1
4124,29318,20110630,20110701,214,7,163,Not Specified,Regular Air,34,3375.3075,0.1,562.13,125.99,8.08,0.1665418632228323,1
4223,30016,20090103,20090105,216,7,300,Critical,Regular Air,15,85.56,0.03,-41.58,5.28,5.66,-0.4859747545582047,2
4224,30016,20090103,20090106,216,7,368,Critical,Regular Air,8,754.6555,0.01,-212.55,110.99,2.5,-0.28165169405112667,3
4676,33255,20100624,20100625,215,7,300,Critical,Express Air,19,108.21,0.08,-50.02,5.28,5.66,-0.46224933000646895,1
4933,35104,20120422,20120425,216,7,890,High,Regular Air,1,36.31,0.04,-74.45,29.99,5.5,-2.050399339025062,3
4934,35104,20120422,20120424,216,7,253,High,Regular Air,18,388.15,0.0,-44.21,19.94,14.87,-0.11389926574777794,2
4946,35142,20100422,20100424,186,7,303,Low,Regular Air,11,231.27,0.03,89.29,20.24,6.67,0.3860855277381416,2
4997,35584,20110503,20110503,186,7,716,Medium,Express Air,15,150.33,0.08,-98.23,9.71,9.45,-0.6534291225969533,0
5037,35908,20101212,20101214,23,7,629,Not Specified,Regular Air,40,240.18,0.06,-160.21,5.78,7.64,-0.6670413856274461,2
5038,35908,20101212,20101213,23,7,273,Not Specified,Express Air,45,529.28,0.1,-30.27,12.21,4.81,-0.05719090084643289,1
5152,36706,20090411,20090413,23,7,498,Not Specified,Regular Air,47,887.45,0.1,365.79,20.98,1.49,0.4121809679418559,2
5153,36706,20090411,20090413,23,7,891,Not Specified,Regular Air,7,355.97,0.03,-4.46,48.04,19.99,-0.012529145714526504,2
5214,37121,20110315,20110316,216,7,198,Not Specified,Delivery Truck,44,9499.3,0.01,618.36,216.6,64.2,0.06509532281325993,1
5420,38528,20111220,20111221,215,7,56,Critical,Regular Air,36,2544.985,0.07,-113.06,85.99,0.99,-0.044424623327838864,1
5469,38853,20120323,20120327,217,7,892,Low,Regular Air,13,728.025,0.04,20.0,65.99,2.5,0.027471584080217028,4
5585,39590,20110514,20110521,200,7,249,Low,Express Air,9,79.25,0.0,-13.25,7.64,5.83,-0.167192429022082,7
5735,40707,20090611,20090613,218,7,893,High,Regular Air,26,1495.184,0.0,211.09,65.99,8.99,0.1411799484210639,2
5769,40961,20110330,20110331,216,7,605,Medium,Regular Air,7,23.84,0.02,5.88,3.15,0.5,0.24664429530201343,1
5783,41026,20110419,20110420,217,7,668,Medium,Delivery Truck,8,709.37,0.1,-281.76,89.99,42.0,-0.39719751328643726,1
5784,41026,20110419,20110419,217,7,546,Medium,Express Air,19,59.76,0.1,-33.11,3.14,1.92,-0.55404953145917,0
5853,41543,20090206,20090210,216,7,580,Low,Delivery Truck,45,7548.65,0.03,1385.35,160.98,30.0,0.18352288157485114,4
5854,41543,20090206,20090210,216,7,440,Low,Regular Air,24,1318.8685,0.03,172.33,65.99,3.99,0.1306650359759142,4
5862,41606,20090623,20090624,23,7,894,High,Delivery Truck,23,4514.86,0.09,-641.09,200.98,55.96,-0.14199554360489586,1
5863,41606,20090623,20090624,23,7,895,High,Regular Air,30,79.14,0.09,-4.73,2.78,0.97,-0.059767500631791766,1
5913,41926,20110205,20110206,218,7,896,High,Regular Air,17,112.57,0.08,-28.53,6.48,5.14,-0.2534423025672915,1
5914,41926,20110205,20110205,218,7,140,High,Regular Air,43,1562.69,0.0,287.74,34.76,8.22,0.18413120964490717,0
7082,50533,20110531,20110602,219,7,809,Not Specified,Express Air,32,1974.66,0.06,-929.68,64.65,35.0,-0.47080510062491765,2
7083,50533,20110531,20110601,219,7,897,Not Specified,Delivery Truck,3,73.44,0.0,-53.78,15.23,27.75,-0.7322984749455338,1
7252,51747,20120705,20120706,218,7,21,Medium,Regular Air,3,12.11,0.02,-0.98,3.69,0.5,-0.08092485549132948,1
7469,53314,20100919,20100919,220,7,618,High,Regular Air,33,2667.92,0.01,1049.02,78.69,19.99,0.3931976970823713,0
7470,53314,20100919,20100921,220,7,726,High,Delivery Truck,15,2236.15,0.05,-310.95,145.98,51.92,-0.13905596672852893,2
7648,54791,20121220,20121222,117,7,557,High,Delivery Truck,45,4165.04,0.0,135.68,90.98,30.0,0.03257591763824597,2
7657,54912,20110721,20110728,218,7,898,Low,Regular Air,17,117.33,0.07,10.31,6.69,3.1,0.0878718145401858,7
7711,55269,20100307,20100308,219,7,385,Medium,Regular Air,1,49.61,0.0,-41.82,30.98,17.08,-0.8429752066115702,1
7845,56101,20100719,20100721,216,7,793,Not Specified,Regular Air,1,21.45,0.01,-7.22,14.42,6.75,-0.3365967365967366,2
7846,56101,20100719,20100722,216,7,681,Not Specified,Regular Air,44,5347.13,0.08,1886.41,122.99,19.99,0.35278925330036864,3
7917,56582,20090612,20090612,218,7,631,Low,Delivery Truck,36,4581.41,0.04,-904.73,130.98,54.74,-0.19747850552559149,0
7932,56677,20090411,20090412,59,7,138,High,Regular Air,35,430.55,0.0,120.01,12.22,2.85,0.27873649982580423,1
8214,58725,20100520,20100521,186,7,136,Not Specified,Regular Air,20,148.31,0.03,37.33,7.04,2.17,0.2517025150023599,1
8349,59683,20121013,20121014,216,7,479,Not Specified,Regular Air,37,191.36,0.05,-82.09,4.91,4.97,-0.4289820234113712,1
133,837,20090614,20090616,221,7,794,Not Specified,Regular Air,11,65.7,0.01,13.41,5.84,0.83,0.20410958904109588,2
169,1059,20090226,20090228,221,7,283,Critical,Regular Air,22,127.33,0.02,5.3,5.34,2.99,0.04162412628602843,2
170,1059,20090226,20090227,221,7,447,Critical,Regular Air,24,990.1,0.03,310.22,40.98,7.47,0.31332188667811334,1
264,1826,20120415,20120416,62,7,62,Not Specified,Regular Air,5,28.32,0.09,-14.35,4.98,4.75,-0.5067090395480226,1
288,2020,20100620,20100622,222,7,239,Medium,Regular Air,42,213.75,0.03,-188.77,5.02,5.14,-0.8831345029239767,2
1428,10340,20110622,20110623,222,7,899,High,Regular Air,24,7547.14,0.03,2080.48,320.98,24.49,0.27566468887552104,1
1429,10340,20110622,20110623,222,7,423,High,Regular Air,2,224.32,0.08,-178.77,110.98,13.99,-0.7969418687589159,1
1430,10340,20110622,20110625,222,7,869,High,Regular Air,15,311.98,0.09,-9.78,22.01,5.53,-0.03134816334380409,3
1533,11044,20120624,20120625,222,7,685,Medium,Regular Air,3,14.49,0.09,-12.58,3.28,5.0,-0.8681849551414769,1
1849,13313,20090716,20090718,33,7,856,Not Specified,Regular Air,18,243.51,0.02,-159.86,12.99,14.37,-0.6564822799885016,2
1850,13313,20090716,20090718,33,7,119,Not Specified,Regular Air,22,755.6,0.05,223.44,35.44,7.5,0.29571201694017996,2
1851,13313,20090716,20090719,33,7,235,Not Specified,Regular Air,45,592.73,0.02,75.01,12.98,3.14,0.12655003121151284,3
2182,15718,20090127,20090128,221,7,900,Critical,Regular Air,36,100.87,0.09,8.4,2.94,0.7,0.08327550312283137,1
2410,17506,20100228,20100304,62,7,779,Low,Delivery Truck,33,9473.31,0.03,1939.11,294.62,42.52,0.20469191866412056,4
2766,20003,20120130,20120131,223,7,507,Medium,Regular Air,39,796.08,0.05,30.29,19.98,4.0,0.038048939805044715,1
2882,20805,20110110,20110113,222,7,518,High,Regular Air,12,69.98,0.06,-58.33,5.53,6.98,-0.8335238639611317,3
2883,20805,20110110,20110112,222,7,133,High,Regular Air,35,418.34,0.08,73.57,12.58,5.16,0.1758617392551513,2
2884,20805,20110110,20110111,222,7,647,High,Regular Air,3,17.7,0.06,-10.37,4.28,4.79,-0.5858757062146892,1
2885,20805,20110110,20110111,222,7,901,High,Regular Air,12,45.61,0.1,9.18,3.85,0.7,0.20127165095373822,1
3290,23524,20090428,20090430,222,7,367,High,Express Air,28,129.33,0.04,48.25,4.13,0.99,0.373076625686229,2
3291,23524,20090428,20090430,222,7,381,High,Regular Air,46,2461.23,0.06,748.2,55.48,14.3,0.30399434429126904,2
4201,29860,20090913,20090916,33,7,902,Critical,Regular Air,48,8295.29,0.08,2267.22,178.47,19.99,0.27331413368309,3
4325,30787,20110927,20110928,222,7,484,High,Regular Air,43,6477.459,0.05,1836.46,175.99,8.99,0.28351549581402213,1
5258,37440,20100623,20100625,224,7,903,Not Specified,Regular Air,31,295.45,0.03,-4.36,9.38,4.93,-0.014757150110001694,2
5633,39872,20100222,20100223,222,7,746,Critical,Regular Air,5,16.24,0.01,0.35,2.88,0.99,0.021551724137931036,1
5646,39943,20120607,20120608,224,7,732,High,Regular Air,16,28.65,0.02,-23.86,1.7,1.99,-0.8328097731239092,1
5647,39943,20120607,20120609,224,7,181,High,Regular Air,12,201.535,0.09,-122.62,20.99,3.3,-0.6084302974669412,2
5985,42405,20100121,20100123,33,7,773,High,Regular Air,13,81.68,0.08,-25.22,5.98,5.15,-0.30876591576885404,2
6631,47171,20100107,20100108,222,7,836,Medium,Regular Air,21,147.16,0.01,-92.55,6.48,8.4,-0.6289073117695025,1
6632,47171,20100107,20100108,222,7,904,Medium,Regular Air,19,50.07,0.03,-0.53,2.67,0.86,-0.010585180746954264,1
6633,47171,20100107,20100107,222,7,905,Medium,Delivery Truck,32,6982.87,0.05,875.55,217.85,29.1,0.12538540743276044,0
6820,48576,20121201,20121202,222,7,258,Not Specified,Regular Air,17,464.59,0.07,168.22,28.53,1.49,0.3620826965711703,1
6821,48576,20121201,20121203,222,7,496,Not Specified,Regular Air,47,316.68,0.06,-161.0,6.48,7.49,-0.5083996463306808,2
7547,53984,20121210,20121211,224,7,810,Medium,Regular Air,23,172.9,0.0,51.43,6.88,2.0,0.2974551764025448,1
18,129,20121118,20121127,225,7,78,Low,Regular Air,4,32.72,0.09,-22.59,6.48,8.19,-0.6904034229828852,9
68,388,20121215,20121218,226,7,906,Not Specified,Regular Air,46,517.93,0.06,-94.73,11.7,6.96,-0.1829011642499952,3
205,1345,20121027,20121031,227,7,550,Low,Delivery Truck,24,2443.85,0.08,-120.85,100.98,35.84,-0.04945066186549911,4
257,1793,20120711,20120711,228,7,907,Not Specified,Regular Air,36,233.43,0.03,-71.9,6.28,5.36,-0.30801525082465836,0
316,2209,20120709,20120711,229,7,82,High,Delivery Truck,27,9418.73,0.0,2245.24,320.98,58.95,0.23838033365432493,2
317,2209,20120709,20120710,229,7,565,High,Regular Air,1,5.68,0.02,-1.82,4.76,0.88,-0.3204225352112676,1
318,2209,20120709,20120709,229,7,406,High,Regular Air,42,174.59,0.08,25.88,4.28,0.94,0.1482330030356836,0
319,2209,20120709,20120710,229,7,520,High,Regular Air,13,1265.497,0.1,-161.12,125.99,3.0,-0.1273175677224047,1
439,2947,20110425,20110427,229,7,184,Critical,Regular Air,8,57.04,0.05,-29.06,6.48,6.81,-0.5094670406732118,2
474,3271,20111231,20111231,228,7,908,Critical,Delivery Truck,45,11532.99,0.07,2753.39,264.98,17.86,0.23874034400446023,0
475,3271,20111231,20120101,228,7,909,Critical,Express Air,18,146.1,0.06,51.14,8.34,1.43,0.3500342231348392,1
623,4321,20090717,20090719,225,7,113,Medium,Express Air,47,1505.57,0.02,-54.63,30.53,19.99,-0.03628526073181586,2
643,4545,20100116,20100118,225,7,910,Not Specified,Regular Air,33,126.38,0.08,26.64,4.0,1.3,0.21079284696945721,2
644,4545,20100116,20100117,225,7,911,Not Specified,Regular Air,4,33.1,0.06,-24.15,6.48,8.74,-0.729607250755287,1
783,5572,20090716,20090718,230,7,827,High,Regular Air,37,288.55,0.03,-133.7,7.37,5.53,-0.4633512389533876,2
800,5703,20100515,20100516,228,7,47,Medium,Regular Air,29,357.96,0.06,10.44,12.28,6.47,0.029165269862554476,1
819,5920,20091119,20091119,231,7,376,High,Regular Air,4,582.59,0.07,-121.75,155.06,7.07,-0.2089805866904684,0
880,6311,20100210,20100213,230,7,912,Medium,Regular Air,18,1297.4485,0.04,4.21,85.99,10.78,0.0032448301416202648,3
1125,8231,20121018,20121020,225,7,360,Critical,Regular Air,27,79.44,0.06,29.85,2.88,0.5,0.37575528700906347,2
1126,8231,20121018,20121019,225,7,67,Critical,Regular Air,5,110.03,0.06,-31.33,19.98,10.49,-0.28474052531127875,1
1191,8709,20090308,20090310,232,7,913,High,Regular Air,50,2451.41,0.07,773.36,51.98,10.17,0.3154755834397347,2
1192,8709,20090308,20090311,232,7,197,High,Delivery Truck,11,851.24,0.1,-149.46,80.97,33.6,-0.17557915511489122,3
1338,9765,20121012,20121019,232,7,410,Low,Regular Air,26,3505.6,0.03,1019.7,128.24,12.65,0.2908774532177088,7
1399,10147,20101009,20101010,226,7,683,High,Regular Air,22,96.75,0.04,-72.91,4.24,5.41,-0.7535917312661499,1
1645,11876,20110703,20110706,228,7,348,High,Regular Air,47,5051.89,0.02,1708.84,107.53,5.81,0.33825756301107107,3
1692,12224,20091212,20091214,228,7,308,High,Delivery Truck,2,302.91,0.04,-186.13,124.49,51.94,-0.6144729457594664,2
1693,12224,20091212,20091212,228,7,525,High,Regular Air,29,842.6135,0.1,-208.43,35.99,5.0,-0.24736133470446414,0
1696,12256,20121218,20121220,228,7,43,Medium,Regular Air,44,117.97,0.1,44.59,2.88,0.5,0.3779774518945495,2
1703,12261,20101023,20101028,227,7,317,Low,Delivery Truck,12,2237.76,0.1,151.86,200.98,23.76,0.06786250536250536,5
1704,12261,20101023,20101027,227,7,914,Low,Express Air,4,20.59,0.02,1.19,3.98,0.83,0.05779504613890238,4
1705,12261,20101023,20101028,227,7,714,Low,Regular Air,19,281.74,0.06,25.67,14.56,3.5,0.09111237310995954,5
1706,12261,20101023,20101030,227,7,427,Low,Regular Air,23,217.35,0.0,-67.19,8.74,8.29,-0.30913273521969176,7
1707,12261,20101023,20101028,227,7,902,Low,Regular Air,15,2746.57,0.03,617.4,178.47,19.99,0.2247894646777617,5
1863,13408,20090214,20090216,228,7,915,Low,Regular Air,4,256.77,0.04,173.89,60.65,12.23,0.6772208591346341,2
1868,13444,20120105,20120108,229,7,565,High,Regular Air,33,154.44,0.06,54.62,4.76,0.88,0.3536648536648537,3
1893,13601,20120816,20120820,228,7,638,Low,Regular Air,17,822.91,0.09,-94.76,49.43,19.99,-0.11515232528466054,4
1938,13894,20120410,20120411,232,7,857,Medium,Regular Air,31,89.18,0.04,21.73,2.94,0.81,0.24366449876653956,1
1939,13894,20120410,20120411,232,7,916,Medium,Regular Air,50,1540.285,0.05,829.65,35.99,1.25,0.5386340839519959,1
2286,16480,20091206,20091208,231,7,213,Not Specified,Express Air,14,87.23,0.09,-69.53,5.4,7.78,-0.7970881577438954,2
2455,17858,20100925,20100927,47,7,207,Medium,Regular Air,21,187.14,0.02,21.07,8.33,1.99,0.11258950518328525,2
2456,17858,20100925,20100926,47,7,630,Medium,Regular Air,12,385.7,0.0,-109.91,30.98,6.5,-0.2849624060150376,1
2457,17858,20100925,20100926,47,7,619,Medium,Express Air,46,1048.39,0.06,206.56,22.98,7.58,0.1970259159282328,1
2571,18561,20090109,20090110,228,7,917,Not Specified,Regular Air,9,45.87,0.02,-38.9,4.13,6.89,-0.8480488336603444,1
2739,19777,20121019,20121019,225,7,319,Not Specified,Regular Air,22,321.91,0.06,-24.96,15.01,8.4,-0.07753719983846416,0
2740,19777,20121019,20121021,225,7,173,Not Specified,Regular Air,2,132.96,0.05,-61.88,59.78,10.29,-0.46540312876052947,2
2741,19777,20121019,20121021,225,7,216,Not Specified,Regular Air,24,3268.7515,0.04,562.91,155.99,8.08,0.17220948120406215,2
2992,21601,20110406,20110406,231,7,918,Low,Regular Air,20,2227.34,0.09,-609.09,113.64,35.0,-0.27346071996192767,0
3013,21670,20110111,20110112,228,7,618,High,Regular Air,24,1965.21,0.0,830.75,78.69,19.99,0.42272835981905243,1
3285,23489,20120828,20120828,227,7,13,High,Express Air,42,2004.6,0.02,230.3,47.98,3.61,0.11488576274568493,0
3432,24486,20110422,20110423,229,7,483,Medium,Regular Air,3,28.11,0.03,-31.62,8.12,2.83,-1.1248665955176094,1
3433,24486,20110422,20110423,229,7,264,Medium,Regular Air,14,27.06,0.0,-0.06,1.76,0.7,-0.0022172949002217295,1
3490,24869,20090610,20090611,231,7,183,Not Specified,Regular Air,14,132.72,0.05,-9.18,8.85,5.6,-0.06916817359855335,1
3601,25697,20110426,20110426,228,7,919,Low,Regular Air,46,400.25,0.02,-37.5,8.46,3.62,-0.09369144284821987,0
3854,27490,20120314,20120316,233,7,920,Not Specified,Regular Air,18,611.71,0.02,93.23,31.74,12.62,0.15240882117343185,2
3906,27844,20110629,20110701,232,7,921,Low,Regular Air,27,135.86,0.04,-73.42,4.98,5.49,-0.5404092448108346,2
3981,28451,20090105,20090107,225,7,105,Critical,Regular Air,21,4201.08,0.01,1162.76,194.3,11.54,0.2767764479610005,2
3982,28451,20090105,20090106,225,7,922,Critical,Regular Air,41,8958.46,0.02,2593.14,209.84,21.21,0.2894626978297609,1
3983,28451,20090105,20090107,225,7,128,Critical,Delivery Truck,33,4913.7,0.0,1054.93,145.45,17.85,0.21469157661232882,2
3989,28482,20100308,20100310,226,7,727,Critical,Regular Air,22,119.63,0.03,-27.39,5.08,3.63,-0.2289559475048065,2
3990,28482,20100308,20100308,226,7,777,Critical,Regular Air,40,177.92,0.0,-167.92,4.28,6.72,-0.9437949640287769,0
4012,28642,20110118,20110120,225,7,14,High,Regular Air,41,230.29,0.0,14.48,5.28,2.99,0.06287724173867733,2
4013,28642,20110118,20110120,225,7,711,High,Regular Air,27,1592.0415,0.0,-52.7,65.99,19.99,-0.03310215217379698,2
4136,29380,20090427,20090428,230,7,923,Not Specified,Regular Air,13,150.13,0.09,1.73,12.28,4.86,0.011523346433091322,1
4499,32036,20111005,20111007,225,7,230,Medium,Regular Air,6,338.89,0.07,45.76,54.96,10.75,0.13502906547847385,2
4500,32036,20111005,20111006,225,7,271,Medium,Regular Air,25,362.52,0.07,-68.49,14.97,7.51,-0.18892750744786493,1
4540,32295,20090107,20090108,225,7,421,High,Regular Air,11,607.597,0.07,-112.24,65.99,5.99,-0.1847277060288316,1
4702,33505,20100925,20100929,229,7,910,Low,Regular Air,32,117.78,0.09,20.82,4.0,1.3,0.17677024961793172,4
4703,33505,20100925,20100925,229,7,912,Low,Express Air,35,2463.2405,0.07,310.57,85.99,10.78,0.12608188278814025,0
4797,34086,20120429,20120501,231,7,588,High,Regular Air,41,2251.9135,0.04,655.91,65.99,2.5,0.29126784843201126,2
4809,34209,20100824,20100826,227,7,457,High,Regular Air,48,705.44,0.04,165.9,14.2,5.3,0.2351723746881379,2
4810,34209,20100824,20100826,227,7,371,High,Regular Air,29,1041.72,0.03,437.61,35.44,4.92,0.4200840916945052,2
5176,36807,20090316,20090317,233,7,889,Medium,Regular Air,14,211.88,0.1,78.45,15.57,1.39,0.370256749103266,1
5247,37318,20100415,20100417,231,7,91,Medium,Regular Air,32,1031.23,0.07,-138.54,33.98,19.99,-0.13434442364942834,2
5412,38496,20100220,20100222,225,7,751,Critical,Regular Air,23,116.57,0.07,-43.18,4.98,4.72,-0.3704212061422322,2
5878,41702,20101222,20101223,234,7,659,Not Specified,Regular Air,21,3323.44,0.03,99.88,152.48,4.0,0.0300531978913415,1
5879,41702,20101222,20101224,234,7,777,Not Specified,Regular Air,5,27.9,0.02,-22.82,4.28,6.72,-0.8179211469534051,2
6317,44706,20100330,20100401,227,7,654,Low,Delivery Truck,18,7556.61,0.08,-352.24,424.21,110.2,-0.04661349467552249,2
6318,44706,20100330,20100404,227,7,476,Low,Regular Air,33,47.48,0.07,3.35,1.48,0.7,0.07055602358887954,5
6383,45347,20100929,20100930,227,7,186,Medium,Delivery Truck,10,8704.08,0.05,1034.54,880.98,44.55,0.11885690388875102,1
6384,45347,20100929,20101001,227,7,776,Medium,Express Air,41,24051.49,0.07,9791.04,599.99,24.49,0.40708662956016445,2
6559,46627,20090611,20090612,235,7,438,Critical,Regular Air,3,21.46,0.05,-14.22,5.28,6.26,-0.6626281453867661,1
6560,46627,20090611,20090612,235,7,267,Critical,Regular Air,24,1388.628,0.03,261.52,65.99,5.26,0.1883297758650985,1
6628,47168,20090621,20090622,234,7,835,Not Specified,Delivery Truck,24,2920.83,0.02,1068.16,119.99,14.0,0.3657042689920331,1
6629,47168,20090621,20090622,234,7,597,Not Specified,Regular Air,42,262.3,0.09,-255.2,6.48,9.68,-0.9729317575295462,1
7011,50051,20091004,20091006,236,7,518,Medium,Regular Air,17,103.72,0.02,-72.06,5.53,6.98,-0.6947551099112996,2
7012,50051,20091004,20091006,236,7,148,Medium,Regular Air,4,185.15,0.09,10.2,41.47,34.2,0.05509046718876586,2
7068,50433,20120119,20120121,226,7,128,Critical,Delivery Truck,50,6628.55,0.1,1081.65,145.45,17.85,0.16318048441966948,2
7106,50721,20120227,20120229,226,7,880,High,Regular Air,33,9758.7,0.04,3793.7,304.99,19.99,0.3887505507905766,2
7114,50758,20120712,20120714,227,7,262,Medium,Express Air,17,128.5,0.02,-44.69,6.68,6.93,-0.34778210116731517,2
7135,50883,20120601,20120601,225,7,741,Low,Delivery Truck,35,6739.92,0.01,957.29,180.98,30.0,0.14203284311979963,0
7219,51524,20100314,20100315,225,7,758,Medium,Regular Air,16,2723.1,0.07,-446.31,167.27,35.0,-0.16389776357827476,1
7220,51524,20100314,20100316,225,7,924,Medium,Express Air,20,347.2675,0.06,-71.09,20.99,0.99,-0.2047125054892842,2
7345,52322,20100202,20100209,228,7,12,Low,Regular Air,1,5.7,0.1,-2.34,3.95,2.0,-0.41052631578947363,7
7427,52932,20120512,20120517,228,7,227,Low,Regular Air,3,26.23,0.0,-13.72,6.48,6.6,-0.5230651925276402,5
7431,52995,20120315,20120315,231,7,286,Not Specified,Regular Air,8,33.39,0.03,-35.51,3.36,6.27,-1.0634920634920635,0
7435,53024,20120512,20120513,227,7,693,Not Specified,Regular Air,9,187.13,0.09,12.4,20.28,14.39,0.06626409447977342,1
7436,53024,20120512,20120513,227,7,160,Not Specified,Regular Air,46,2255.1945,0.03,74.51,55.99,5.0,0.033039278873729074,1
7567,54145,20100102,20100102,228,7,110,Low,Regular Air,34,70.25,0.1,-133.06,2.08,5.33,-1.8940925266903914,0
7804,55840,20090817,20090817,236,7,192,Medium,Regular Air,11,59.03,0.04,-25.21,4.98,4.86,-0.42707098085719125,0
7964,56930,20120817,20120817,235,7,925,Low,Regular Air,10,987.54,0.07,-396.84,101.41,35.0,-0.4018470137918464,0
8068,57570,20120928,20120930,233,7,523,High,Delivery Truck,27,1823.04,0.09,-190.78,70.98,26.74,-0.10464937686501667,2
8121,58051,20120320,20120322,225,7,830,High,Regular Air,6,256.6,0.0,-106.76,39.98,7.12,-0.4160561184723305,2
8311,59392,20100626,20100627,225,7,926,Medium,Regular Air,19,39.42,0.08,-29.02,2.12,1.99,-0.7361745306950785,1
8312,59392,20100626,20100628,225,7,395,Medium,Regular Air,45,1305.31,0.03,589.2,28.48,1.99,0.451387026836537,2
461,3136,20090809,20090811,237,7,805,Not Specified,Regular Air,8,238.74,0.1,-38.89,30.98,8.99,-0.16289687526179106,2
534,3648,20100616,20100618,83,7,927,Low,Regular Air,46,134.81,0.1,52.36,3.15,0.49,0.38839848675914246,2
535,3648,20100616,20100623,83,7,928,Low,Regular Air,34,5488.5265,0.05,1382.45,195.99,4.2,0.2518799900118912,7
870,6246,20091021,20091023,83,7,263,Not Specified,Regular Air,13,52.38,0.06,11.72,3.93,0.99,0.22374952271859488,2
1242,9028,20101221,20101225,238,7,831,Low,Delivery Truck,48,14556.67,0.04,3829.63,306.14,26.53,0.2630842081327666,4
1294,9478,20090328,20090329,83,7,592,High,Regular Air,48,522.97,0.04,29.98,10.4,5.4,0.057326424077862974,1
1295,9478,20090328,20090330,83,7,647,High,Regular Air,48,199.46,0.08,-121.2,4.28,4.79,-0.6076406297001905,2
1715,12323,20110402,20110403,117,7,929,Not Specified,Regular Air,32,513.74,0.02,-28.68,15.15,10.13,-0.05582590415385214,1
1716,12323,20110402,20110404,117,7,386,Not Specified,Regular Air,4,36.8,0.0,14.19,7.38,5.21,0.38559782608695653,2
1934,13830,20091221,20091224,238,7,881,High,Regular Air,27,2609.53,0.0,911.66,90.48,19.99,0.3493579303552747,3
2069,14791,20100214,20100215,117,7,930,Medium,Regular Air,29,1576.223,0.05,286.12,65.99,3.99,0.1815225383717913,1
2484,18085,20110925,20110927,117,7,453,High,Delivery Truck,23,8127.51,0.01,1541.25,348.21,40.19,0.1896337254583507,2
2485,18085,20110925,20110926,117,7,928,High,Regular Air,33,5352.9345,0.09,1343.21,195.99,4.2,0.2509296536320405,1
2863,20674,20101208,20101209,83,7,281,High,Delivery Truck,37,17717.34,0.0,8291.08,500.97,69.3,0.4679641526323929,1
3496,24903,20101019,20101026,237,7,84,Low,Regular Air,33,1646.47,0.05,743.59,48.91,5.81,0.4516268137287652,7
3603,25735,20101230,20110113,117,7,931,Not Specified,Regular Air,45,260.37,0.02,44.15,5.58,1.99,0.16956638629642432,14
4188,29762,20100803,20100804,83,7,35,Critical,Delivery Truck,33,3268.56,0.03,-1181.71,95.95,74.35,-0.3615384144699807,1
4199,29856,20120608,20120611,117,7,657,Medium,Regular Air,24,115.54,0.04,43.35,4.98,0.8,0.3751947377531591,3
4574,32580,20110915,20110915,153,7,677,High,Regular Air,23,166.8,0.03,44.59,7.4,1.71,0.26732613908872904,0
4575,32580,20110915,20110917,153,7,911,High,Regular Air,38,261.38,0.05,-172.35,6.48,8.74,-0.6593848037340271,2
4788,34017,20090323,20090323,237,7,486,High,Express Air,20,103.39,0.05,29.17,4.84,0.71,0.28213560305638846,0
4789,34017,20090323,20090325,237,7,932,High,Regular Air,28,435.39,0.01,-48.97,14.98,7.69,-0.11247387399802476,2
6013,42597,20100325,20100327,237,7,811,Medium,Regular Air,5,29.66,0.04,-32.78,4.98,4.32,-1.105192178017532,2
6587,46884,20090117,20090118,237,7,769,Medium,Regular Air,25,280.43,0.1,39.52,11.55,2.36,0.1409264344043077,1
7347,52325,20120714,20120714,153,7,228,Not Specified,Regular Air,23,5126.3,0.07,2019.19,223.98,15.01,0.3938883795329965,0
7478,53382,20091227,20091228,153,7,933,Not Specified,Regular Air,13,88.17,0.1,-572.49,3.25,49.0,-6.493024838380402,1
7479,53382,20091227,20091228,153,7,71,Not Specified,Delivery Truck,15,4760.02,0.0,658.88,300.98,64.73,0.13841958647232575,1
7523,53728,20111022,20111023,153,7,53,High,Regular Air,27,1502.66,0.07,637.6,58.1,1.49,0.4243142161234078,1
10,65,20110317,20110318,239,7,799,Critical,Regular Air,32,3812.73,0.02,1470.3,115.79,1.99,0.3856291948289021,1
39,230,20101026,20101028,240,7,672,Critical,Regular Air,47,2029.75,0.06,320.37,43.98,8.99,0.1578371720655253,2
40,230,20101026,20101028,240,7,163,Critical,Regular Air,11,1118.396,0.06,-212.33,125.99,8.08,-0.18985225269046027,2
61,355,20090613,20090618,241,7,56,Low,Regular Air,16,1239.6315,0.0,-172.55,85.99,0.99,-0.13919459129588108,5
75,449,20110719,20110721,242,7,386,High,Regular Air,45,356.7,0.02,-48.97,7.38,5.21,-0.13728623493131484,2
101,640,20100122,20100123,243,7,934,High,Delivery Truck,39,4913.69,0.02,-1153.9,120.98,58.64,-0.2348336993176208,1
102,640,20100122,20100123,243,7,439,High,Regular Air,24,464.77,0.01,29.42,18.97,9.54,0.06330012694451019,1
106,646,20091121,20091122,244,7,935,High,Regular Air,18,173.2,0.01,-10.9,9.31,3.98,-0.06293302540415704,1
132,835,20111007,20111008,244,7,896,Not Specified,Regular Air,18,125.16,0.02,-23.48,6.48,5.14,-0.18759987216363055,1
138,896,20100308,20100308,245,7,203,Critical,Regular Air,50,1246.52,0.01,52.48,24.92,12.98,0.04210120976799409,0
159,994,20090419,20090423,246,7,821,Low,Regular Air,38,132.07,0.06,14.0,3.58,1.63,0.10600439161050958,4
167,1057,20120219,20120221,247,7,919,Critical,Regular Air,41,341.36,0.09,-52.48,8.46,3.62,-0.1537379892195922,2
228,1538,20110617,20110618,248,7,936,Not Specified,Regular Air,15,1297.304,0.0,149.82,95.99,4.9,0.11548565332412448,1
247,1701,20120518,20120520,249,7,559,High,Regular Air,49,2047.58,0.01,902.62,40.98,1.99,0.44082282499340686,2
248,1701,20120518,20120520,249,7,195,High,Regular Air,1,56.61,0.02,-22.16,40.97,14.45,-0.391450273803215,2
274,1891,20091214,20091216,250,7,348,Low,Regular Air,3,302.36,0.09,290.31,107.53,5.81,0.9601468448207434,2
289,2022,20120314,20120315,251,7,788,Critical,Regular Air,45,186.44,0.0,-157.18,3.95,5.13,-0.8430594293070157,1
312,2181,20110912,20110912,246,7,282,Medium,Regular Air,40,102.56,0.06,36.62,2.61,0.5,0.3570592823712948,0
313,2181,20110912,20110914,246,7,937,Medium,Express Air,3,15.87,0.01,2.53,3.49,0.76,0.15942028985507245,2
378,2628,20101021,20101026,252,7,424,Low,Regular Air,14,34.59,0.04,-60.13,2.18,5.0,-1.7383636889274356,5
379,2628,20101021,20101030,252,7,147,Low,Delivery Truck,29,5029.216,0.02,-752.83,218.75,69.64,-0.14969132365760388,9
392,2691,20120429,20120508,248,7,243,Low,Delivery Truck,14,3363.14,0.1,98.75,260.98,41.91,0.029362441052112016,9
434,2912,20120311,20120313,239,7,380,Low,Delivery Truck,7,16587.13,0.08,-3476.86,2550.14,29.7,-0.20961190995669535,2
435,2912,20120311,20120318,239,7,938,Low,Express Air,9,507.98,0.05,170.9,55.98,4.86,0.33643056813260364,7
472,3235,20111114,20111116,253,7,288,Low,Express Air,31,142.97,0.1,-12.26,4.71,0.7,-0.0857522557179828,2
473,3266,20110316,20110320,254,7,161,Low,Regular Air,4,17.12,0.03,-2.55,3.8,1.49,-0.1489485981308411,4
487,3363,20110922,20110922,255,7,237,High,Regular Air,21,8185.89,0.09,2137.28,415.88,11.37,0.2610931737416457,0
521,3585,20091122,20091122,256,7,456,High,Regular Air,27,259.72,0.07,78.05,10.06,2.06,0.30051594024333894,0
522,3585,20091122,20091123,256,7,114,High,Regular Air,34,54.69,0.07,-35.75,1.68,1.57,-0.6536844029987201,1
550,3745,20100928,20100930,257,7,462,Low,Express Air,38,1143.35,0.04,411.1,29.18,8.55,0.3595574408536319,2
605,4128,20111006,20111008,258,7,939,Not Specified,Regular Air,38,391.42,0.04,25.03,9.99,5.12,0.06394665576618466,2
625,4354,20090929,20090930,240,7,386,Not Specified,Regular Air,6,49.04,0.02,7.74,7.38,5.21,0.15783034257748776,1
645,4550,20091228,20091230,255,7,940,High,Delivery Truck,32,3730.54,0.07,1369.09,119.99,16.8,0.3669951267108783,2
680,4743,20100330,20100403,255,7,941,Low,Regular Air,29,352.55,0.09,128.99,12.97,1.49,0.36587718054176716,4
681,4743,20100330,20100406,255,7,796,Low,Regular Air,32,719.64,0.01,-245.62,20.89,11.52,-0.34130954366071925,7
729,5251,20110411,20110413,239,7,942,Medium,Express Air,38,3821.039,0.05,1057.89,115.99,5.99,0.27685925215628526,2
733,5283,20090603,20090605,255,7,45,Medium,Regular Air,23,2508.673,0.03,417.47,125.99,7.69,0.16641068804104803,2
750,5381,20100128,20100204,245,7,348,Low,Regular Air,47,4888.14,0.07,1545.09,107.53,5.81,0.3160895555364617,7
751,5381,20100128,20100204,245,7,943,Low,Regular Air,27,63.87,0.09,-149.93,2.18,7.09,-2.3474244559261,7
759,5444,20110317,20110319,259,7,27,Critical,Regular Air,2,885.94,0.08,-2024.08,449.99,24.49,-2.2846693907036593,2
785,5601,20120105,20120106,260,7,138,High,Regular Air,10,120.53,0.1,49.26,12.22,2.85,0.4086949307226416,1
802,5760,20090524,20090525,261,7,944,Not Specified,Delivery Truck,34,5261.73,0.05,650.3,150.98,43.71,0.12359053011081907,1
896,6438,20100516,20100516,262,7,322,Not Specified,Regular Air,7,75.72,0.02,20.29,9.77,6.02,0.2679609086106709,0
897,6438,20100516,20100517,262,7,449,Not Specified,Regular Air,38,225.21,0.06,-66.16,5.98,5.2,-0.29377025886949953,1
917,6592,20091201,20091208,243,7,278,Low,Regular Air,29,194.29,0.09,-177.17,6.84,8.37,-0.9118842966699263,7
918,6592,20091201,20091203,243,7,294,Low,Express Air,33,1621.1,0.07,-971.36,48.91,35.0,-0.5991980753809142,2
933,6755,20110501,20110503,246,7,311,High,Regular Air,20,156.47,0.01,-39.23,7.1,6.05,-0.25071898766536715,2
957,6918,20110701,20110703,263,7,65,Critical,Regular Air,38,1559.5,0.01,515.83,39.48,1.99,0.33076627124078234,2
1060,7841,20120520,20120522,264,7,945,Not Specified,Regular Air,21,1002.77,0.07,295.6,49.34,10.25,0.29478344984393234,2
1061,7841,20120520,20120522,264,7,457,Not Specified,Regular Air,17,178.14,0.01,56.3,10.06,2.06,0.31604356124396543,2
1104,8103,20091102,20091106,265,7,837,Low,Regular Air,16,457.68,0.07,107.38,29.17,6.27,0.23461807376332808,4
1130,8258,20090301,20090302,253,7,946,High,Regular Air,37,434.77,0.02,-155.21,11.34,11.25,-0.35699335280723143,1
1162,8454,20120815,20120818,266,7,213,Medium,Regular Air,38,218.77,0.03,-188.13,5.4,7.78,-0.8599442336700643,3
1193,8710,20090104,20090105,239,7,286,Critical,Regular Air,17,63.34,0.03,-76.02,3.36,6.27,-1.2001894537417113,1
1194,8710,20090104,20090106,239,7,884,Critical,Express Air,42,151.35,0.07,8.33,3.71,1.93,0.055037991410637595,2
1208,8835,20091013,20091014,253,7,947,Critical,Regular Air,12,153.44,0.05,-6.15,12.2,6.02,-0.040080813347236705,1
1217,8960,20100605,20100607,266,7,219,Medium,Express Air,46,4335.34,0.07,524.09,99.99,19.99,0.12088786577292669,2
1218,8960,20100605,20100607,266,7,314,Medium,Regular Air,15,1150.5345,0.01,361.65,85.99,1.25,0.3143321647460376,2
1277,9281,20120223,20120225,251,7,184,Critical,Express Air,31,199.8,0.08,-96.59,6.48,6.81,-0.4834334334334334,2
1278,9281,20120223,20120225,251,7,948,Critical,Regular Air,24,68.97,0.02,0.77,2.78,0.97,0.011164274322169059,2
1285,9350,20121031,20121101,264,7,86,Critical,Delivery Truck,13,1735.94,0.1,-432.54,140.98,53.48,-0.24916759795845478,1
1286,9350,20121031,20121102,264,7,915,Critical,Regular Air,2,337.6,0.1,-210.78,172.99,19.99,-0.6243483412322275,2
1322,9665,20090423,20090423,267,7,234,Low,Regular Air,50,2348.66,0.02,921.41,46.89,5.1,0.3923130636192552,0
1323,9665,20090423,20090425,267,7,229,Low,Delivery Truck,19,2657.12,0.05,-373.09,140.98,36.09,-0.14041142289396039,2
1324,9665,20090423,20090425,267,7,763,Low,Delivery Truck,49,9579.62,0.1,-3465.07,212.6,110.2,-0.36171267753835745,2
1357,9893,20090816,20090819,245,7,580,Medium,Delivery Truck,1,192.49,0.02,-98.3,160.98,30.0,-0.5106758792664554,3
1401,10183,20091124,20091125,264,7,171,Critical,Delivery Truck,48,1210.02,0.06,-279.44,25.98,14.36,-0.23093833159782484,1
1413,10247,20100110,20100111,254,7,921,Medium,Regular Air,21,111.66,0.06,-53.33,4.98,5.49,-0.47761060361812646,1
1414,10247,20100110,20100112,254,7,137,Medium,Regular Air,24,231.95,0.03,44.14,9.78,1.99,0.1902996335417116,2
1438,10371,20090916,20090918,268,7,949,High,Express Air,10,156.15,0.08,-37.6,15.73,7.42,-0.24079410822926672,2
1456,10498,20101023,20101030,269,7,608,Low,Regular Air,47,1968.47,0.04,327.9,40.97,8.99,0.16657607177147732,7
1470,10624,20091220,20091222,270,7,13,Critical,Regular Air,23,1082.43,0.06,23.97,47.98,3.61,0.02214461905157839,2
1579,11425,20110622,20110623,271,7,624,Critical,Regular Air,29,482.91,0.1,-16.59,16.91,6.25,-0.03435422749580667,1
1580,11425,20110622,20110624,271,7,554,Critical,Express Air,23,2969.6365,0.04,383.45,155.99,8.99,0.12912354761264552,2
1591,11491,20100817,20100826,264,7,882,Low,Regular Air,26,165.37,0.06,-80.11,6.6,4.07,-0.48442885650359796,9
1592,11491,20100817,20100819,264,7,736,Low,Express Air,38,1785.74,0.03,739.48,48.04,7.23,0.4141028369191484,2
1636,11841,20100420,20100422,268,7,230,Medium,Regular Air,44,2339.52,0.1,886.03,54.96,10.75,0.37872298591164,2
1637,11841,20100420,20100420,268,7,393,Medium,Regular Air,46,533.25,0.07,-88.32,11.97,5.81,-0.16562587904360054,0
1648,11878,20100224,20100225,269,7,698,Not Specified,Regular Air,18,102.06,0.1,36.23,6.3,0.5,0.35498726239466977,1
1649,11878,20100224,20100225,269,7,73,Not Specified,Regular Air,15,101.82,0.08,-52.55,6.48,7.03,-0.516106855234728,1
1682,12130,20111209,20111212,272,7,771,Not Specified,Regular Air,37,686.2,0.04,290.2,18.84,3.62,0.42290877295249196,3
1683,12130,20111209,20111212,272,7,702,Not Specified,Regular Air,42,1274.5155,0.05,444.15,35.99,5.99,0.34848536561540444,3
1684,12160,20101212,20101217,264,7,35,Low,Delivery Truck,48,10341.47,0.03,865.02,208.16,68.02,0.08364574862181103,5
1685,12160,20101212,20101216,264,7,307,Low,Regular Air,2,55.21,0.08,-45.3,24.98,8.79,-0.8205035319688462,4
1686,12160,20101212,20101217,264,7,950,Low,Regular Air,9,38.3,0.01,-42.49,3.36,6.27,-1.1093994778067886,5
1697,12258,20091130,20091130,246,7,741,Low,Delivery Truck,3,561.65,0.04,-264.94,180.98,30.0,-0.47171726163981126,0
1698,12258,20091130,20091205,246,7,933,Low,Regular Air,2,55.6,0.06,-52.54,3.25,49.0,-0.9449640287769784,5
1699,12258,20091130,20091204,246,7,423,Low,Regular Air,22,2431.13,0.01,660.63,110.98,13.99,0.27173783384681194,4
1700,12258,20091130,20091207,246,7,12,Low,Express Air,27,113.4,0.05,-5.02,3.95,2.0,-0.04426807760141093,7
1709,12263,20110706,20110706,273,7,951,High,Regular Air,12,515.65,0.0,123.5,39.48,3.99,0.23950353922234074,0
1752,12551,20120611,20120618,274,7,816,Low,Regular Air,46,5023.2535,0.01,1665.23,125.99,5.26,0.3315042730771999,7
1778,12736,20100308,20100315,241,7,51,Low,Regular Air,2,25.52,0.01,21.77,9.65,6.22,0.8530564263322884,7
1780,12768,20090408,20090410,246,7,667,Critical,Express Air,34,1562.97,0.01,501.59,42.98,4.62,0.3209210669430635,2
1792,12837,20121202,20121203,275,7,185,Medium,Regular Air,22,66.19,0.02,15.84,2.88,0.99,0.2393110741803898,1
1799,12897,20110718,20110719,254,7,99,Not Specified,Regular Air,39,141.49,0.03,59.92,3.69,0.5,0.4234928263481518,1
1800,12897,20110718,20110719,254,7,952,Not Specified,Express Air,31,211.55,0.05,-120.95,6.48,7.91,-0.5717324509572205,1
1817,13030,20090722,20090724,261,7,36,Medium,Express Air,32,136.2,0.09,-154.31,3.89,7.01,-1.1329662261380324,2
1823,13091,20091115,20091116,276,7,73,Medium,Regular Air,12,81.43,0.08,-44.66,6.48,7.03,-0.5484465184821318,1
1824,13091,20091115,20091116,276,7,540,Medium,Regular Air,39,883.15,0.01,-1148.19,20.34,35.0,-1.3001075694955557,1
1862,13383,20120615,20120617,244,7,540,Not Specified,Regular Air,35,750.03,0.07,-1072.97,20.34,35.0,-1.4305694438889112,2
1867,13440,20101013,20101015,277,7,139,Not Specified,Regular Air,22,971.82,0.07,326.39,43.98,1.99,0.3358543763248338,2
1874,13479,20091204,20091206,263,7,219,High,Regular Air,3,292.96,0.09,-322.95,99.99,19.99,-1.1023689240851995,2
1875,13479,20091204,20091205,263,7,212,High,Regular Air,13,2206.991,0.04,-1.63,205.99,5.26,-0.0007385621418483355,1
1903,13633,20120403,20120404,251,7,953,Not Specified,Delivery Truck,18,2703.37,0.09,-231.6,150.98,57.2,-0.08567084786766148,1
1904,13633,20120403,20120404,251,7,1,Not Specified,Regular Air,39,1538.17,0.02,-1119.64,38.94,35.0,-0.7279039377962124,1
1917,13735,20090521,20090523,254,7,182,Medium,Regular Air,36,281.71,0.02,117.38,7.64,1.39,0.4166696247914522,2
1935,13861,20100811,20100811,278,7,486,High,Regular Air,7,37.3,0.0,5.03,4.84,0.71,0.1348525469168901,0
1937,13892,20120427,20120428,279,7,412,High,Regular Air,47,1446.97,0.0,531.47,29.89,1.99,0.3672985618222907,1
1962,14023,20100220,20100222,254,7,954,Not Specified,Regular Air,36,711.1,0.08,241.08,21.38,2.99,0.3390240472507383,2
1963,14023,20100220,20100221,254,7,939,Not Specified,Regular Air,48,498.16,0.03,40.61,9.99,5.12,0.081519993576361,1
1976,14115,20090814,20090816,277,7,374,Not Specified,Regular Air,24,158.78,0.04,-38.38,6.28,5.41,-0.24171810051643786,2
1977,14115,20090814,20090816,277,7,912,Not Specified,Regular Air,46,3296.062,0.06,591.91,85.99,10.78,0.17958096662016673,2
1984,14147,20100307,20100310,280,7,247,Not Specified,Regular Air,8,351.49,0.03,107.32,41.94,2.99,0.30532874334973964,3
1985,14147,20100307,20100308,280,7,777,Not Specified,Regular Air,16,74.13,0.08,-69.34,4.28,6.72,-0.9353837852421423,1
1986,14147,20100307,20100309,280,7,501,Not Specified,Regular Air,45,195.03,0.09,-148.87,4.28,5.74,-0.763318463826078,2
1990,14211,20090212,20090215,279,7,222,Not Specified,Regular Air,22,3220.58,0.04,1046.69,150.98,13.99,0.32500046575461566,3
1991,14211,20090212,20090214,279,7,955,Not Specified,Regular Air,14,2367.99,0.04,320.1,176.19,11.87,0.13517793571763395,2
2011,14368,20110910,20110911,170,7,135,High,Regular Air,5,522.06,0.06,319.64,105.98,13.99,0.6122667892579398,1
2012,14368,20110910,20110912,170,7,555,High,Regular Air,37,1218.08,0.1,99.79,34.58,8.99,0.0819240115591751,2
2045,14596,20090110,20090112,270,7,956,Critical,Regular Air,24,199.12,0.01,73.33,8.34,0.96,0.36827038971474485,2
2046,14596,20090110,20090111,270,7,431,Critical,Regular Air,19,63.14,0.06,-53.75,3.28,3.97,-0.8512828634779854,1
2055,14693,20110109,20110111,270,7,957,Critical,Regular Air,39,268.94,0.02,-87.52,6.48,6.41,-0.3254257455194467,2
2056,14693,20110109,20110111,270,7,436,Critical,Delivery Truck,38,847.82,0.05,-1348.5,20.98,45.0,-1.5905498808709395,2
2057,14695,20120905,20120906,247,7,134,High,Delivery Truck,40,1992.45,0.05,-1609.92,48.58,54.11,-0.8080102386509072,1
2073,14823,20090212,20090221,281,7,32,Low,Regular Air,15,103.62,0.1,39.98,7.31,0.49,0.3858328508010036,9
2074,14823,20090212,20090212,281,7,153,Low,Regular Air,20,124.84,0.08,10.56,6.7,1.56,0.08458827298942646,0
2101,15014,20100210,20100213,248,7,127,Medium,Delivery Truck,10,633.13,0.05,-203.9,58.14,36.61,-0.3220507636662297,3
2213,15972,20110809,20110809,282,7,958,Not Specified,Regular Air,3,10.33,0.04,-3.86,2.98,1.58,-0.3736689254598257,0
2214,15972,20110809,20110810,282,7,622,Not Specified,Regular Air,2,14.39,0.07,-10.24,5.81,3.37,-0.7116052814454482,1
2222,16065,20100720,20100720,283,7,27,High,Delivery Truck,15,6933.45,0.04,1200.21,449.99,49.0,0.1731042987257426,0
2223,16065,20100720,20100721,283,7,910,High,Regular Air,14,54.99,0.06,8.07,4.0,1.3,0.14675395526459356,1
2224,16096,20110119,20110120,66,7,185,High,Express Air,9,42.21,0.0,18.21,2.88,0.99,0.4314143567874911,1
2236,16160,20110723,20110724,284,7,226,Critical,Regular Air,50,514.86,0.09,-53.18,10.89,4.5,-0.10329021481567804,1
2249,16196,20091020,20091022,285,7,899,High,Regular Air,44,14521.39,0.03,5034.15,320.98,24.49,0.34667135859583686,2
2250,16196,20091020,20091021,285,7,626,High,Regular Air,39,3925.9715,0.06,671.95,125.99,8.8,0.17115508861946654,1
2268,16291,20110408,20110409,260,7,786,Not Specified,Regular Air,31,894.64,0.01,-27.79,27.42,19.46,-0.03106277385316999,1
2292,16519,20110610,20110612,251,7,841,Medium,Regular Air,39,158.97,0.08,-30.27,4.18,2.99,-0.19041328552557085,2
2293,16519,20110610,20110612,251,7,808,Medium,Regular Air,49,138.96,0.03,19.87,2.88,0.7,0.14299078871617732,2
2298,16548,20120205,20120207,264,7,791,Not Specified,Regular Air,22,75.19,0.06,-59.12,3.28,3.97,-0.7862747705811943,2
2306,16613,20101224,20101226,261,7,332,High,Regular Air,28,51.14,0.08,-81.96,1.74,4.08,-1.6026593664450526,2
2326,16771,20090928,20090930,273,7,132,High,Regular Air,42,1737.06,0.02,339.17,39.98,9.2,0.19525520131716811,2
2331,16804,20120310,20120312,249,7,297,High,Regular Air,46,2430.34,0.08,752.87,55.98,13.88,0.30977970160553664,2
2332,16804,20120310,20120311,249,7,572,High,Express Air,36,218.6,0.05,-46.43,5.78,4.96,-0.2123970722781336,1
2358,17024,20091013,20091015,239,7,667,Medium,Regular Air,31,1401.75,0.02,426.44,42.98,4.62,0.30421972534332087,2
2361,17061,20121030,20121101,170,7,808,Critical,Regular Air,28,80.53,0.01,10.01,2.88,0.7,0.12430150254563516,2
2367,17152,20120312,20120313,275,7,959,High,Regular Air,32,236.45,0.06,-259.02,6.98,9.69,-1.095453584267287,1
2373,17187,20120923,20120925,265,7,960,High,Delivery Truck,4,2951.97,0.09,-1890.33,810.98,16.06,-0.6403621988028334,2
2378,17252,20110429,20110430,170,7,961,Not Specified,Regular Air,48,2283.22,0.03,1006.72,48.91,5.97,0.44092115521062364,1
2379,17252,20110429,20110501,170,7,301,Not Specified,Delivery Truck,49,11365.616,0.08,229.22,296.18,54.12,0.020167846599779545,2
2388,17312,20110520,20110521,261,7,962,Not Specified,Regular Air,37,258.54,0.05,-116.37,6.68,7.3,-0.45010443258296584,1
2389,17312,20110520,20110521,261,7,738,Not Specified,Regular Air,41,4610.2895,0.0,1432.86,125.99,2.5,0.31079610076547254,1
2396,17377,20111028,20111030,240,7,149,Low,Regular Air,39,110.38,0.05,-4.86,2.78,1.2,-0.044029715528175396,2
2427,17634,20120721,20120721,251,7,668,High,Delivery Truck,5,489.07,0.08,-197.88,89.99,42.0,-0.404604657819944,0
2431,17668,20091125,20091127,240,7,814,Medium,Regular Air,49,848.92,0.04,296.06,17.48,1.99,0.34874899872779536,2
2432,17668,20091125,20091126,240,7,860,Medium,Regular Air,24,6930.97,0.05,2574.12,300.98,13.99,0.37139390301790365,1
2433,17668,20091125,20091126,240,7,963,Medium,Express Air,13,2219.7325,0.04,-69.78,205.99,5.0,-0.031436220355380656,1
2443,17735,20120712,20120717,249,7,964,Low,Regular Air,45,311.65,0.03,-71.25,6.81,5.48,-0.2286218514359057,5
2444,17735,20120712,20120717,249,7,295,Low,Regular Air,28,101.19,0.06,32.47,3.78,0.71,0.3208815100306354,5
2451,17825,20100113,20100116,284,7,833,Not Specified,Regular Air,26,981.9,0.06,11.38,37.76,12.9,0.011589774926163561,3
2469,17956,20100805,20100808,246,7,532,Critical,Express Air,40,1567.51,0.01,711.74,37.94,5.08,0.45405770936070583,3
2470,17956,20100805,20100806,246,7,96,Critical,Regular Air,17,1914.65,0.01,73.45,111.03,8.64,0.03836210273418118,1
2476,17986,20120405,20120407,274,7,579,Not Specified,Regular Air,43,87.31,0.05,-15.09,2.08,1.49,-0.17283243614706217,2
2486,18112,20120316,20120317,241,7,795,Not Specified,Regular Air,13,83.31,0.06,22.8,6.45,1.34,0.27367662945624777,1
2496,18178,20091102,20091102,282,7,44,Low,Regular Air,43,235.09,0.08,-1987.49,4.48,49.0,-8.45416648942958,0
2497,18178,20091102,20091109,282,7,594,Low,Regular Air,10,187.46,0.0,49.85,17.67,8.99,0.26592339699135814,7
2501,18182,20110410,20110412,262,7,191,Medium,Regular Air,45,4598.73,0.04,1049.45,99.99,19.99,0.22820430858084736,2
2502,18182,20110410,20110411,262,7,299,Medium,Regular Air,45,2673.08,0.01,-1363.12,55.5,52.2,-0.5099435856764482,1
2503,18182,20110410,20110412,262,7,965,Medium,Express Air,12,396.69,0.09,-18.45,33.29,8.74,-0.0465098691673599,2
2538,18405,20090107,20090109,274,7,350,Medium,Express Air,30,610.65,0.09,60.27,20.98,8.83,0.09869810857283223,2
2539,18405,20090107,20090110,274,7,640,Medium,Regular Air,2,158.04,0.03,-263.09,73.98,14.52,-1.664705137939762,3
2565,18531,20121029,20121031,250,7,171,Critical,Delivery Truck,50,1298.81,0.04,-250.55,25.98,14.36,-0.19290735365449913,2
2568,18533,20091106,20091107,284,7,581,Not Specified,Regular Air,27,442.57,0.01,-60.73,15.31,8.78,-0.13722123053980162,1
2569,18533,20091106,20091108,284,7,52,Not Specified,Express Air,5,53.737,0.05,-28.44,7.99,5.03,-0.5292442823380539,2
2584,18661,20120908,20120912,240,7,966,Low,Delivery Truck,12,1207.08,0.05,-351.3,95.98,58.2,-0.29103290585545283,4
2585,18661,20120908,20120910,240,7,832,Low,Delivery Truck,11,2618.112,0.04,-139.27,286.85,61.76,-0.05319482130634595,2
2591,18723,20090812,20090814,286,7,967,Medium,Regular Air,1,52.0965,0.0,-232.8,55.99,2.5,-4.4686303302525126,2
2592,18753,20090731,20090802,240,7,410,Medium,Regular Air,31,3945.95,0.03,1031.32,128.24,12.65,0.26136164928597677,2
2593,18753,20090731,20090802,240,7,580,Medium,Delivery Truck,33,5394.4,0.01,788.79,160.98,30.0,0.14622386178258936,2
2653,19204,20090918,20090919,287,7,514,Medium,Regular Air,27,233.92,0.1,-80.75,8.75,8.54,-0.345203488372093,1
2654,19204,20090918,20090920,287,7,938,Medium,Regular Air,28,1642.05,0.03,829.73,55.98,4.86,0.5053013002040133,2
2680,19394,20121225,20121226,270,7,164,Medium,Regular Air,16,279.327,0.05,75.21,20.99,0.99,0.26925431483530055,1
2681,19394,20121225,20121228,270,7,626,Medium,Regular Air,5,539.206,0.05,-452.39,125.99,8.8,-0.8389928895449976,3
2724,19653,20120911,20120911,245,7,338,Not Specified,Regular Air,34,125.46,0.07,-129.63,3.58,5.47,-1.0332376853180296,0
2729,19687,20100813,20100814,274,7,476,Medium,Regular Air,33,47.99,0.06,3.86,1.48,0.7,0.0804334236299229,1
2730,19687,20100813,20100815,274,7,968,Medium,Regular Air,23,829.617,0.1,25.53,45.99,4.99,0.030773236324713696,2
2731,19716,20090929,20091006,288,7,625,Low,Regular Air,5,616.1055,0.03,-458.74,140.99,4.2,-0.7445802707490844,7
2742,19782,20121018,20121022,263,7,261,Low,Regular Air,18,33.21,0.06,-0.85,1.81,0.75,-0.025594700391448358,4
2792,20134,20110312,20110316,253,7,155,Low,Regular Air,26,583.56,0.02,-94.59,20.97,6.5,-0.1620913016656385,4
2793,20134,20110312,20110319,253,7,673,Low,Regular Air,47,281.47,0.1,-190.57,6.48,7.37,-0.6770526166198884,7
2806,20259,20110524,20110525,262,7,418,Critical,Regular Air,42,539.06,0.05,-123.07,12.88,4.59,-0.22830482692093645,1
2807,20261,20090520,20090520,244,7,920,Medium,Express Air,25,751.52,0.09,67.11,31.74,12.62,0.08929902065147967,0
2808,20261,20090520,20090523,244,7,63,Medium,Regular Air,36,220.48,0.04,81.91,6.35,1.02,0.3715076197387518,3
2809,20261,20090520,20090521,244,7,403,Medium,Express Air,21,1259.4535,0.02,168.24,65.99,8.99,0.13358174795655417,1
2837,20453,20110310,20110312,285,7,392,Medium,Regular Air,23,450.39,0.07,152.79,19.23,6.15,0.33923932591753814,2
2838,20453,20110310,20110312,285,7,576,Medium,Express Air,17,1193.1195,0.08,137.59,85.99,0.99,0.11531954678471017,2
2858,20614,20090518,20090520,276,7,633,Not Specified,Express Air,47,3596.36,0.0,326.25,73.98,12.14,0.09071672468829595,2
2870,20709,20090811,20090811,289,7,367,High,Regular Air,4,16.6,0.1,-2.06,4.13,0.99,-0.12409638554216866,0
2871,20709,20090811,20090813,289,7,651,High,Regular Air,5,25.1,0.04,2.98,4.98,0.49,0.11872509960159362,2
2913,21025,20100911,20100913,274,7,404,Not Specified,Regular Air,38,553.02,0.1,-49.38,15.98,6.5,-0.08929152652706955,2
2914,21028,20120607,20120609,289,7,189,Critical,Regular Air,38,437.86,0.04,-4.17,11.58,6.97,-0.009523592015712784,2
2921,21125,20110226,20110227,290,7,277,Not Specified,Regular Air,17,155.17,0.08,2.12,9.27,4.39,0.013662434748984986,1
2955,21382,20120112,20120115,291,7,877,Critical,Regular Air,27,145.93,0.0,-113.32,4.98,7.44,-0.7765366956760089,3
2994,21604,20120401,20120403,285,7,244,Medium,Express Air,6,2478.88,0.02,593.59,387.99,19.99,0.2394589492028658,2
3037,21824,20110207,20110214,275,7,433,Low,Express Air,37,3351.55,0.04,-1036.92,90.98,56.2,-0.30938520982828843,7
3057,21893,20111024,20111025,255,7,969,Critical,Express Air,30,532.11,0.01,59.47,17.07,8.13,0.11176260547631128,1
3075,22054,20100729,20100731,242,7,715,Medium,Regular Air,32,216.79,0.07,57.55,6.98,2.83,0.2654642741823885,2
3091,22181,20111007,20111016,251,7,970,Low,Regular Air,41,258.13,0.03,84.1,6.08,1.82,0.32580482702514235,9
3104,22272,20120506,20120508,245,7,659,High,Regular Air,37,5382.24,0.1,14.85,152.48,4.0,0.002759074288771961,2
3105,22272,20120506,20120508,245,7,753,High,Regular Air,30,1035.95,0.08,342.41,35.41,1.99,0.3305275351126985,2
3115,22373,20120328,20120329,242,7,427,High,Express Air,26,233.03,0.05,-86.34,8.74,8.29,-0.3705102347337253,1
3125,22434,20120829,20120831,258,7,971,Critical,Regular Air,3,18.7,0.1,-14.69,4.54,5.83,-0.7855614973262032,2
3126,22434,20120829,20120831,258,7,431,Critical,Regular Air,39,140.74,0.01,-92.29,3.28,3.97,-0.6557481881483587,2
3179,22849,20110214,20110215,240,7,972,Not Specified,Regular Air,27,304.98,0.08,2.73,11.7,5.63,0.008951406649616368,1
3180,22849,20110214,20110216,240,7,149,Not Specified,Express Air,34,104.24,0.0,10.59,2.78,1.34,0.10159247889485802,2
3181,22849,20110214,20110216,240,7,959,Not Specified,Regular Air,27,198.13,0.01,-219.92,6.98,9.69,-1.1099782970776761,2
3182,22849,20110214,20110216,240,7,595,Not Specified,Regular Air,25,4366.348,0.05,940.57,205.99,3.0,0.21541343017093462,2
3188,22881,20100406,20100407,268,7,569,Medium,Regular Air,33,476.06,0.04,-120.48,14.03,9.37,-0.2530773431920346,1
3201,22950,20111221,20111228,292,7,809,Low,Regular Air,29,1756.11,0.1,-888.07,64.65,35.0,-0.5057029457152457,7
3206,23008,20091009,20091011,263,7,352,Critical,Express Air,10,1136.47,0.1,323.32,120.98,9.07,0.28449497127068907,2
3207,23008,20091009,20091011,263,7,659,Critical,Express Air,2,325.81,0.02,-522.78,152.48,6.5,-1.6045548018783953,2
3233,23202,20110730,20110801,282,7,973,High,Regular Air,39,307.42,0.05,104.09,8.17,1.69,0.33859215405633986,2
3234,23202,20110730,20110801,282,7,393,High,Regular Air,48,608.29,0.02,-39.27,11.97,5.81,-0.06455802331124957,2
3276,23426,20110216,20110218,263,7,375,Critical,Regular Air,45,1009.8,0.07,352.64,22.98,1.99,0.3492176668647257,2
3277,23426,20110216,20110217,263,7,974,Critical,Regular Air,12,29.71,0.09,-23.17,2.52,1.92,-0.7798720969370583,1
3311,23649,20120905,20120908,276,7,469,Not Specified,Regular Air,30,4587.926,0.1,687.41,195.99,4.2,0.14983022829923584,3
3312,23649,20120905,20120906,276,7,442,Not Specified,Regular Air,42,4541.924,0.01,1222.14,125.99,8.08,0.26907979966199347,1
3322,23748,20120810,20120812,282,7,276,High,Delivery Truck,26,6163.52,0.02,755.95,225.02,28.66,0.12264907066092103,2
3337,23847,20121109,20121111,264,7,333,Not Specified,Regular Air,7,1278.6465,0.01,-396.17,200.99,4.2,-0.30983543927113555,2
3350,23971,20091121,20091124,293,7,166,Critical,Regular Air,5,66.63,0.0,-16.92,11.97,4.98,-0.25393966681674923,3
3388,24135,20100122,20100124,249,7,604,Low,Regular Air,12,345.19,0.1,111.59,30.44,1.49,0.3232712419247371,2
3395,24196,20100730,20100731,288,7,158,High,Regular Air,2,13.44,0.08,-8.88,4.28,5.17,-0.6607142857142858,1
3396,24196,20100730,20100801,288,7,975,High,Regular Air,24,1049.49,0.05,-5.41,43.57,16.36,-0.005154884753546961,2
3397,24197,20100203,20100210,281,7,377,Low,Express Air,41,2354.4,0.0,246.54,55.94,6.55,0.10471457696228338,7
3398,24197,20100203,20100210,281,7,174,Low,Regular Air,2,35.6405,0.05,-110.4,20.99,1.25,-3.0975996408580126,7
3435,24519,20110611,20110612,244,7,976,Critical,Regular Air,22,127.56,0.03,-60.72,5.34,5.63,-0.4760112888052681,1
3439,24546,20120326,20120327,245,7,341,Critical,Regular Air,7,81.58,0.04,-7.78,10.98,3.37,-0.09536651139985292,1
3444,24579,20121118,20121119,245,7,256,High,Regular Air,45,13921.6,0.02,5183.04,300.65,24.49,0.3723020342489369,1
3445,24579,20121118,20121120,245,7,166,High,Regular Air,40,467.5,0.08,-33.34,11.97,4.98,-0.07131550802139038,2
3448,24581,20100409,20100410,274,7,394,High,Regular Air,8,38.56,0.03,4.08,4.55,1.49,0.10580912863070539,1
3473,24710,20100930,20101004,286,7,877,Low,Regular Air,3,22.06,0.05,-15.6,4.98,7.44,-0.7071622846781506,4
3500,24960,20110127,20110128,293,7,874,High,Express Air,48,1760.35,0.01,-17.08,34.98,7.53,-0.009702615957053995,1
3501,24960,20110127,20110128,293,7,532,High,Regular Air,37,1436.94,0.0,639.66,37.94,5.08,0.4451542861914902,1
3502,24960,20110127,20110129,293,7,977,High,Regular Air,18,125.8,0.03,-35.98,6.48,5.87,-0.2860095389507154,2
3503,24960,20110127,20110128,293,7,333,High,Regular Air,35,5797.68,0.04,1366.57,200.99,4.2,0.23570980116184403,1
3519,25061,20111218,20111220,86,7,399,Medium,Regular Air,20,941.13,0.1,344.95,48.04,7.23,0.3665274722939445,2
3527,25095,20110125,20110130,294,7,854,Low,Regular Air,18,693.06,0.06,148.3,39.98,9.83,0.2139785877124636,5
3528,25095,20110125,20110125,294,7,357,Low,Delivery Truck,41,4475.03,0.08,-167.83,115.99,56.14,-0.037503659193346195,0
3544,25254,20100917,20100919,266,7,183,Critical,Regular Air,35,299.68,0.06,-29.36,8.85,5.6,-0.09797116924719701,2
3583,25542,20121230,20121230,290,7,978,Low,Express Air,37,257.46,0.09,-18.66,7.28,4.23,-0.07247727802377069,0
3584,25569,20120709,20120711,259,7,47,High,Regular Air,27,311.21,0.09,-14.03,12.28,6.47,-0.045082098904276856,2
3624,25863,20110422,20110424,295,7,591,Not Specified,Express Air,18,340.6885,0.0,-10.85,20.99,4.81,-0.03184727397608079,2
3626,25895,20120417,20120420,242,7,979,Medium,Regular Air,37,709.91,0.09,-93.43,19.35,12.79,-0.1316082320294122,3
3642,26050,20110616,20110617,245,7,427,High,Regular Air,44,365.24,0.09,-163.13,8.74,8.29,-0.4466378271821268,1
3651,26145,20110704,20110708,295,7,980,Low,Regular Air,18,99.36,0.0,-51.2,4.91,5.68,-0.5152979066022545,4
3652,26145,20110704,20110704,295,7,981,Low,Regular Air,49,510.15,0.04,-362.11,9.98,12.52,-0.7098108399490347,0
3653,26145,20110704,20110706,295,7,982,Low,Regular Air,27,735.09,0.1,153.5,29.34,7.87,0.20881796786788012,2
3671,26279,20090730,20090801,245,7,916,Not Specified,Regular Air,7,211.7435,0.04,-33.31,35.99,1.25,-0.15731297536878347,2
3694,26406,20110412,20110415,254,7,683,Not Specified,Regular Air,40,167.46,0.09,-134.3,4.24,5.41,-0.8019825630001195,3
3717,26535,20120320,20120322,242,7,983,Not Specified,Regular Air,33,141.7,0.02,-103.21,3.98,5.26,-0.7283697953422724,2
3731,26661,20121219,20121220,283,7,539,Medium,Regular Air,31,1772.2245,0.02,390.86,65.99,4.99,0.22054767891991112,1
3761,26855,20090315,20090316,282,7,616,High,Regular Air,13,396.04,0.08,230.02,30.93,3.92,0.5807999192000808,1
3794,27047,20101122,20101123,271,7,984,High,Regular Air,25,14240.76,0.06,3128.69,599.99,24.49,0.21969965086133045,1
3795,27047,20101122,20101123,271,7,777,High,Regular Air,38,167.41,0.05,-161.57,4.28,6.72,-0.9651155844931605,1
3796,27077,20100315,20100317,259,7,335,Critical,Regular Air,11,1612.93,0.0,321.25,140.99,13.99,0.19917169374988375,2
3820,27236,20100302,20100303,251,7,985,High,Regular Air,20,393.31,0.04,84.3,19.98,5.86,0.21433474867153135,1
3867,27589,20110915,20110917,264,7,65,Medium,Express Air,20,845.7,0.02,221.6,39.48,1.99,0.2620314532340073,2
3868,27589,20110915,20110916,264,7,594,Medium,Regular Air,25,467.0,0.04,69.97,17.67,8.99,0.1498286937901499,1
3869,27589,20110915,20110916,264,7,398,Medium,Regular Air,36,64.43,0.07,-18.64,1.88,1.49,-0.2893062238087847,1
3875,27681,20101124,20101125,275,7,725,Medium,Regular Air,7,37.8,0.06,-18.31,4.98,4.7,-0.4843915343915344,1
3876,27681,20101124,20101126,275,7,29,Medium,Regular Air,30,183.28,0.04,33.88,6.08,1.17,0.18485377564382366,2
3933,28033,20100914,20100916,273,7,156,High,Delivery Truck,16,2826.9,0.07,337.29,180.98,26.2,0.11931444338321129,2
3934,28033,20100914,20100916,273,7,198,High,Delivery Truck,37,7834.77,0.04,297.79,216.6,64.2,0.03800877371001318,2
3935,28033,20100914,20100917,273,7,882,High,Regular Air,18,127.56,0.01,-57.11,6.6,4.07,-0.44771088115396673,3
3969,28324,20110807,20110809,245,7,855,High,Regular Air,48,385.99,0.09,-40.72,8.67,3.5,-0.10549496100935257,2
4035,28805,20110402,20110404,265,7,499,Medium,Regular Air,14,97.93,0.07,-616.81,3.48,49.0,-6.2984785050546295,2
4036,28805,20110402,20110404,265,7,986,Medium,Regular Air,4,25.52,0.07,-1.99,5.98,1.49,-0.07797805642633229,2
4037,28805,20110402,20110404,265,7,804,Medium,Regular Air,46,487.5,0.05,-25.88,10.23,4.68,-0.05308717948717948,2
4052,28897,20090824,20090826,249,7,284,Medium,Regular Air,35,146.15,0.02,-180.26,4.06,6.89,-1.2333903523776941,2
4053,28897,20090824,20090826,249,7,600,Medium,Regular Air,14,877.47,0.07,151.24,60.98,19.99,0.17235916897443787,2
4062,28932,20100721,20100721,289,7,592,Low,Express Air,24,269.57,0.0,33.47,10.4,5.4,0.12416070037467077,0
4063,28932,20100721,20100728,289,7,339,Low,Regular Air,18,98.94,0.1,-12.59,5.85,2.27,-0.12724883767940165,7
4105,29219,20090410,20090411,288,7,175,Not Specified,Regular Air,29,203.4,0.04,24.59,7.08,2.35,0.12089478859390364,1
4145,29410,20090917,20090917,287,7,106,Critical,Regular Air,35,4186.53,0.04,1929.58,120.97,7.11,0.4609019880426033,0
4146,29410,20090917,20090919,287,7,469,Critical,Regular Air,36,6057.27,0.0,1585.5,195.99,4.2,0.2617515811578483,2
4147,29411,20120406,20120407,282,7,987,High,Regular Air,29,67.87,0.07,-112.54,2.22,5.0,-1.6581700309415057,1
4148,29411,20120406,20120407,282,7,69,High,Regular Air,33,542.24,0.02,268.53,15.67,1.39,0.4952235172617291,1
4149,29411,20120406,20120406,282,7,749,High,Delivery Truck,38,15174.95,0.02,7251.92,400.97,48.26,0.47788757129348036,0
4150,29411,20120406,20120406,282,7,450,High,Regular Air,45,1084.12,0.04,294.43,23.99,6.3,0.2715843264583257,0
4154,29475,20100222,20100224,255,7,988,High,Regular Air,49,235.12,0.09,-29.62,4.91,3.05,-0.1259782238856754,2
4155,29475,20100222,20100225,255,7,186,High,Delivery Truck,2,1814.82,0.0,-1128.66,880.98,44.55,-0.6219129169835026,3
4168,29537,20120919,20120928,296,7,226,Low,Express Air,30,318.56,0.08,-30.97,10.89,4.5,-0.09721873430436966,9
4181,29671,20100322,20100323,244,7,989,Critical,Regular Air,43,1511.7,0.02,221.63,34.99,7.73,0.1466097770721704,1
4208,29895,20101020,20101021,280,7,245,Medium,Delivery Truck,43,7286.65,0.03,474.89,160.98,35.02,0.06517261018437828,1
4256,30308,20100321,20100322,295,7,650,Medium,Regular Air,15,30.38,0.08,-59.18,1.8,4.79,-1.947992100065833,1
4277,30436,20120707,20120712,275,7,36,Low,Express Air,30,121.19,0.09,-152.13,3.89,7.01,-1.2553015925406386,5
4326,30820,20110409,20110410,293,7,129,Critical,Express Air,21,48.01,0.1,-6.85,2.21,1.12,-0.1426786086232035,1
4357,31046,20110207,20110208,240,7,368,Critical,Regular Air,42,3900.531,0.08,1144.63,110.99,2.5,0.2934549167792796,1
4358,31046,20110207,20110210,240,7,990,Critical,Regular Air,35,248.42,0.02,-58.81,6.84,4.42,-0.2367361726109009,3
4396,31301,20101018,20101020,244,7,46,Low,Regular Air,31,109.78,0.06,43.77,3.75,0.5,0.3987065039169248,2
4415,31495,20100804,20100808,260,7,3,Low,Express Air,20,191.43,0.06,39.5,8.69,2.99,0.20634174371833044,4
4416,31495,20100804,20100811,260,7,140,Low,Regular Air,34,1234.85,0.03,212.2,34.76,8.22,0.17184273393529578,7
4420,31523,20120308,20120310,296,7,865,Low,Regular Air,17,105.85,0.1,-44.86,6.48,2.74,-0.4238072744449693,2
4421,31523,20120308,20120313,296,7,427,Low,Regular Air,19,179.33,0.0,-58.76,8.74,8.29,-0.32766408297551997,5
4423,31552,20121111,20121114,251,7,847,High,Regular Air,17,378.08,0.0,70.48,22.24,1.99,0.18641557342361406,3
4424,31552,20121111,20121112,251,7,412,High,Regular Air,24,731.71,0.0,175.82,29.89,1.99,0.24028645228300827,1
4480,31877,20090629,20090629,244,7,734,Medium,Regular Air,34,285.06,0.08,-211.54,8.37,10.16,-0.7420893846909422,0
4501,32037,20090216,20090223,254,7,682,Low,Regular Air,37,311.66,0.04,-63.81,8.6,6.19,-0.20474234742989153,7
4502,32037,20090216,20090220,254,7,991,Low,Regular Air,15,9862.51,0.07,325.29,699.99,24.49,0.032982476063395626,4
4515,32131,20101227,20101229,281,7,295,Critical,Regular Air,34,126.62,0.03,44.8,3.78,0.71,0.35381456326014843,2
4516,32135,20101125,20101127,285,7,830,High,Regular Air,37,1575.14,0.0,160.68,39.98,7.12,0.10200998006526404,2
4517,32135,20101125,20101127,285,7,765,High,Regular Air,16,187.78,0.08,-21.82,11.99,5.99,-0.11619980828629248,2
4526,32195,20091125,20091128,297,7,189,Medium,Regular Air,7,86.29,0.05,-14.03,11.58,6.97,-0.16259126202340943,3
4534,32230,20120819,20120820,166,7,132,High,Regular Air,46,1753.75,0.07,215.11,39.98,9.2,0.12265716322166786,1
4562,32451,20090324,20090325,288,7,992,Not Specified,Regular Air,42,580.56,0.1,163.63,14.28,2.99,0.2818485600110239,1
4590,32642,20120329,20120331,264,7,395,Medium,Regular Air,50,1507.16,0.02,724.14,28.48,1.99,0.48046657289206185,2
4603,32803,20111216,20111217,253,7,40,Medium,Express Air,49,371.95,0.08,-10.33,7.84,4.71,-0.02777255007393467,1
4604,32803,20111216,20111218,253,7,660,Medium,Regular Air,22,96.07,0.06,-4.36,4.48,2.5,-0.045383574476943904,2
4610,32834,20100827,20100828,86,7,757,Critical,Regular Air,39,3460.5625,0.1,573.06,115.99,5.92,0.16559735592118333,1
4666,33219,20111210,20111211,244,7,198,High,Delivery Truck,32,7341.96,0.0,764.95,216.6,64.2,0.10418879972105542,1
4697,33477,20121019,20121021,244,7,993,High,Regular Air,28,269.28,0.08,113.63,10.35,0.99,0.42197712418300654,2
4793,34082,20111028,20111029,273,7,690,Not Specified,Regular Air,19,2536.18,0.1,350.62,142.86,19.99,0.13824728528732189,1
4794,34082,20111028,20111029,273,7,75,Not Specified,Regular Air,20,38.56,0.07,-10.25,1.88,1.49,-0.2658195020746888,1
4795,34082,20111028,20111030,273,7,312,Not Specified,Regular Air,35,764.32,0.02,-34.59,21.38,8.99,-0.04525591375340172,2
4811,34211,20120213,20120216,251,7,800,Not Specified,Regular Air,15,136.49,0.1,36.23,9.93,1.09,0.26544069162576006,3
4817,34244,20100929,20101008,244,7,827,Low,Express Air,25,205.3,0.0,-89.56,7.37,5.53,-0.4362396492937165,9
4818,34244,20100929,20101001,244,7,48,Low,Regular Air,4,125.7,0.04,-62.77,31.78,1.99,-0.49936356404136834,2
4867,34658,20101118,20101118,251,7,839,Medium,Delivery Truck,33,2701.69,0.05,-926.33,81.94,55.81,-0.3428705736039294,0
4890,34788,20091109,20091111,251,7,773,High,Regular Air,4,30.47,0.02,-10.7,5.98,5.15,-0.35116508040695765,2
4907,34918,20091023,20091024,298,7,156,Medium,Delivery Truck,12,2230.97,0.06,273.27,180.98,26.2,0.12248932078871523,1
4908,34918,20091023,20091025,298,7,994,Medium,Regular Air,25,200.77,0.01,-60.61,7.28,7.98,-0.301887732230911,2
4931,35079,20100814,20100816,264,7,208,High,Regular Air,13,71.57,0.02,-30.69,4.98,4.95,-0.42881095431046534,2
4932,35079,20100814,20100816,264,7,995,High,Express Air,32,2062.75,0.01,559.59,60.98,19.99,0.27128348079020725,2
4935,35110,20111018,20111019,292,7,318,High,Regular Air,14,12805.25,0.01,5065.51,896.99,19.99,0.39558071884578594,1
4936,35110,20111018,20111020,292,7,412,High,Regular Air,49,1435.32,0.02,485.95,29.89,1.99,0.3385656160298749,2
4992,35554,20120924,20120926,264,7,631,Not Specified,Delivery Truck,34,4581.54,0.05,-614.37,130.98,54.74,-0.13409683206956613,2
4993,35555,20110304,20110305,253,7,131,Medium,Delivery Truck,50,11266.4,0.08,1902.99,243.98,43.32,0.16890843570262018,1
4994,35555,20110304,20110306,253,7,24,Medium,Regular Air,15,71.61,0.1,-70.31,4.89,4.93,-0.9818461108783689,2
4995,35555,20110304,20110304,253,7,657,Medium,Regular Air,2,10.43,0.07,-4.72,4.98,0.8,-0.45254074784276127,0
5033,35877,20100525,20100528,240,7,653,High,Regular Air,30,129.71,0.08,-100.61,4.28,5.68,-0.7756533806183024,3
5035,35878,20100813,20100815,299,7,996,Medium,Regular Air,45,161.67,0.08,-7.71,3.6,2.2,-0.04768973835591019,2
5112,36448,20100910,20100910,258,7,997,Medium,Regular Air,6,36.65,0.03,0.43,6.08,0.91,0.011732605729877218,0
5113,36448,20100910,20100911,258,7,869,Medium,Regular Air,44,964.09,0.02,105.37,22.01,5.53,0.10929477538404091,1
5117,36452,20090405,20090406,300,7,291,High,Regular Air,26,564.98,0.1,-107.51,22.38,15.1,-0.1902899217671422,1
5118,36452,20090405,20090407,300,7,715,High,Regular Air,18,129.48,0.04,46.01,6.98,2.83,0.3553444547420451,2
5125,36484,20120128,20120129,299,7,248,Critical,Express Air,41,2380.5695,0.01,740.48,65.99,3.9,0.31105162021104615,1
5136,36643,20090223,20090225,283,7,494,Critical,Regular Air,17,240.87,0.01,-36.77,13.79,8.78,-0.152654959106572,2
5137,36643,20090223,20090224,283,7,965,Critical,Regular Air,30,1025.02,0.04,87.03,33.29,8.74,0.0849056603773585,1
5148,36679,20110830,20110902,262,7,403,Critical,Regular Air,28,1491.8265,0.1,124.83,65.99,8.99,0.0836759502529282,3
5163,36741,20101219,20101222,301,7,259,Critical,Regular Air,26,141.4,0.08,34.48,5.68,1.46,0.24384724186704382,3
5164,36741,20101219,20101221,301,7,141,Critical,Regular Air,6,303.909,0.01,-254.36,55.99,5.0,-0.8369610640027114,2
5187,36866,20100324,20100326,294,7,524,Low,Regular Air,32,6245.76,0.1,1462.42,210.55,9.99,0.2341460446767087,2
5194,36929,20120525,20120525,298,7,998,Low,Regular Air,45,3638.27,0.04,1123.79,80.98,4.5,0.30888031949250605,0
5195,36929,20120525,20120529,298,7,965,Low,Regular Air,37,1326.69,0.0,185.37,33.29,8.74,0.1397236732017276,4
5209,36999,20091212,20091213,299,7,458,Medium,Delivery Truck,28,14475.74,0.06,4963.89,549.99,49.0,0.34291096690048317,1
5210,36999,20091212,20091213,299,7,942,Medium,Express Air,3,306.6205,0.08,-479.08,115.99,5.99,-1.5624526083546273,1
5225,37216,20101130,20101201,300,7,350,High,Regular Air,24,527.25,0.01,74.01,20.98,8.83,0.14036984352773826,1
5244,37314,20110504,20110505,297,7,322,Medium,Regular Air,21,210.86,0.04,5.5,9.77,6.02,0.026083657403016217,1
5250,37349,20100215,20100217,265,7,618,Critical,Express Air,8,631.73,0.03,122.43,78.69,19.99,0.19380114922514366,2
5319,37828,20110420,20110425,292,7,155,Low,Regular Air,23,490.17,0.04,-57.09,20.97,4.0,-0.11646979619315748,5
5320,37828,20110420,20110422,292,7,999,Low,Regular Air,42,206.2,0.01,101.14,4.91,0.5,0.4904946653734239,2
5336,37920,20100714,20100716,291,7,214,Critical,Regular Air,48,414.42,0.04,-380.2,8.46,8.99,-0.9174267651175135,2
5357,38052,20120215,20120215,263,7,559,Low,Regular Air,13,542.6,0.03,118.4,40.98,1.99,0.21820862513822337,0
5358,38080,20090914,20090915,277,7,725,Not Specified,Regular Air,26,125.01,0.08,-56.35,4.98,4.7,-0.4507639388848892,1
5364,38145,20090912,20090914,298,7,75,Not Specified,Regular Air,33,60.92,0.07,-17.2,1.88,1.49,-0.28233749179251477,2
5365,38145,20090912,20090913,298,7,506,Not Specified,Regular Air,8,387.17,0.01,190.6,45.98,4.8,0.4922902084355709,1
5405,38437,20120508,20120509,293,7,763,Critical,Delivery Truck,19,4201.47,0.04,199.25,212.6,52.2,0.047423877833234554,1
5406,38437,20120508,20120509,293,7,819,Critical,Regular Air,17,55.66,0.08,-21.4,3.28,2.31,-0.38447718289615523,1
5416,38503,20090505,20090505,268,7,1000,Low,Regular Air,47,5567.79,0.04,1726.66,120.98,3.99,0.31011586284683873,0
5417,38503,20090505,20090505,268,7,141,Low,Regular Air,10,503.2935,0.02,-222.82,55.99,5.0,-0.44272377847121014,0
5418,38503,20090505,20090509,268,7,1001,Low,Delivery Truck,32,796.03,0.05,-133.71,23.99,15.68,-0.16797105636722234,4
5422,38530,20110417,20110417,275,7,327,Critical,Regular Air,47,1980.37,0.03,904.83,40.98,2.99,0.45689946828117983,0
5423,38530,20110417,20110417,275,7,638,Critical,Regular Air,13,642.66,0.05,-82.35,49.43,19.99,-0.12813929605078891,0
5455,38726,20090521,20090523,267,7,579,Medium,Regular Air,44,92.86,0.04,-11.28,2.08,1.49,-0.12147318544044798,2
5531,39172,20100625,20100702,261,7,1002,Low,Regular Air,38,9013.58,0.04,2574.36,232.58,19.99,0.28560904768138745,7
5532,39172,20100625,20100702,261,7,437,Low,Regular Air,26,175.42,0.0,-93.73,5.98,7.5,-0.5343176376695931,7
5547,39269,20121026,20121102,255,7,1003,Low,Regular Air,16,464.695,0.06,107.51,35.99,2.5,0.23135605074296045,7
5552,39330,20100717,20100718,278,7,1004,Critical,Express Air,29,184.77,0.0,-71.96,5.74,5.3,-0.38945716295935484,1
5561,39365,20120514,20120517,293,7,412,High,Express Air,32,931.08,0.1,269.6,29.89,1.99,0.2895562142887829,3
5568,39430,20090613,20090617,254,7,630,Low,Regular Air,29,877.97,0.03,-144.2,30.98,6.5,-0.1642425139811155,4
5580,39555,20120904,20120909,282,7,632,Low,Regular Air,38,1112.54,0.01,352.96,27.18,8.23,0.31725600877271826,5
5609,39749,20100627,20100629,249,7,736,High,Regular Air,14,125.31,0.0,26.24,7.96,4.95,0.209400686297981,2
5610,39749,20100627,20100629,249,7,908,High,Delivery Truck,45,11277.05,0.01,3497.45,264.98,17.86,0.3101387330906576,2
5611,39749,20100627,20100629,249,7,270,High,Regular Air,43,110.64,0.06,-62.6,2.6,2.4,-0.5657989877078814,2
5622,39815,20090409,20090413,66,7,662,Low,Regular Air,43,4075.376,0.05,841.73,115.99,8.99,0.20654045172764426,4
5651,40001,20110224,20110226,302,7,951,Medium,Regular Air,46,1736.53,0.1,457.03,39.48,3.99,0.26318577853535496,2
5708,40386,20110218,20110220,269,7,346,High,Express Air,28,2905.3,0.0,1704.0,98.31,0.49,0.5865143014490758,2
5729,40647,20090817,20090818,282,7,31,High,Regular Air,47,1982.16,0.03,267.1,40.99,19.99,0.13475198773055658,1
5796,41120,20120707,20120709,264,7,1005,Low,Regular Air,35,870.75,0.09,100.5,26.64,5.3,0.11541774332472007,2
5797,41120,20120707,20120709,264,7,322,Low,Regular Air,13,43.37,0.02,9.53,3.08,0.99,0.21973714549227577,2
5798,41122,20100221,20100223,264,7,332,Not Specified,Express Air,29,61.22,0.06,-76.88,1.74,4.08,-1.2557987585756287,2
5809,41187,20100930,20100930,245,7,641,Low,Regular Air,9,52.93,0.0,5.34,5.58,0.7,0.10088796523710561,0
5810,41187,20100930,20101004,245,7,572,Low,Regular Air,25,145.13,0.03,-42.45,5.78,4.96,-0.2924963825535727,4
5815,41221,20090912,20090913,267,7,74,Critical,Regular Air,4,345.57,0.06,-218.77,80.98,35.0,-0.633070000289377,1
5819,41282,20090704,20090706,252,7,203,Medium,Regular Air,39,916.05,0.08,-21.9,24.92,12.98,-0.0239069919764205,2
5821,41312,20120131,20120201,286,7,65,Not Specified,Regular Air,21,787.63,0.05,140.22,39.48,1.99,0.1780277541485215,1
5824,41318,20111009,20111018,294,7,407,Low,Express Air,21,1223.11,0.0,161.72,56.96,13.22,0.13222032360131142,9
5825,41345,20120202,20120202,285,7,1006,Medium,Regular Air,36,66.41,0.04,0.37,1.88,0.79,0.005571450082818853,0
5860,41604,20090210,20090211,254,7,1007,Medium,Regular Air,22,138.24,0.06,-48.22,6.37,5.19,-0.3488136574074074,1
5909,41891,20110522,20110523,239,7,529,High,Regular Air,22,846.59,0.08,-1.95,40.89,18.98,-0.0023033581781027415,1
5925,42022,20090924,20090925,267,7,7,Medium,Regular Air,45,338.85,0.04,-170.18,7.3,7.72,-0.5022281245388815,1
5926,42022,20090924,20090925,267,7,12,Medium,Regular Air,11,43.25,0.06,-9.68,3.95,2.0,-0.2238150289017341,1
5928,42081,20110110,20110115,266,7,460,Low,Regular Air,36,188.34,0.04,-110.16,5.18,5.74,-0.5848996495699267,5
5929,42081,20110110,20110112,266,7,326,Low,Regular Air,3,32.49,0.08,-5.05,10.94,1.39,-0.1554324407510003,2
5930,42081,20110110,20110115,266,7,858,Low,Regular Air,26,1493.858,0.02,183.24,65.99,8.8,0.12266226107166814,5
5935,42086,20100722,20100723,257,7,948,High,Regular Air,18,50.15,0.09,-2.39,2.78,0.97,-0.04765702891326022,1
5954,42246,20120426,20120427,248,7,851,Not Specified,Regular Air,40,3060.37,0.07,234.03,77.51,4.0,0.07647114564578793,1
5955,42246,20120426,20120428,248,7,486,Not Specified,Regular Air,5,25.31,0.05,-0.5,4.84,0.71,-0.019755037534571317,2
5990,42465,20101221,20101222,239,7,552,Medium,Regular Air,15,102.32,0.08,-32.7,6.48,5.74,-0.3195856137607506,1
6020,42657,20111003,20111005,252,7,72,Low,Regular Air,48,945.54,0.03,254.58,19.98,5.97,0.2692429722698141,2
6040,42820,20100216,20100223,248,7,14,Low,Regular Air,27,141.56,0.1,-2.85,5.28,2.99,-0.02013280587736649,7
6042,42848,20121006,20121008,166,7,249,Not Specified,Regular Air,50,387.79,0.01,-56.51,7.64,5.83,-0.14572320070141054,2
6106,43269,20090410,20090412,253,7,84,Critical,Regular Air,16,843.15,0.0,355.0,48.91,5.81,0.42104014706754433,2
6107,43269,20090410,20090412,253,7,408,Critical,Regular Air,24,3978.02,0.08,1336.96,165.98,19.99,0.33608679694923604,2
6126,43367,20100309,20100312,303,7,896,Critical,Regular Air,3,23.38,0.08,-12.19,6.48,5.14,-0.5213857998289136,3
6127,43367,20100309,20100310,303,7,1008,Critical,Express Air,16,139.37,0.04,1.72,8.34,2.64,0.012341249910310683,1
6128,43367,20100309,20100309,303,7,809,Critical,Regular Air,18,1221.62,0.01,-468.64,64.65,35.0,-0.3836217481704622,0
6132,43399,20090730,20090731,299,7,114,High,Regular Air,35,59.66,0.05,-33.34,1.68,1.57,-0.5588333892054979,1
6133,43399,20090730,20090801,299,7,147,High,Delivery Truck,2,377.016,0.1,-201.28,218.75,69.64,-0.5338765463534704,2
6134,43399,20090730,20090801,299,7,536,High,Regular Air,8,124.7,0.0,31.94,15.04,1.97,0.2561347233360064,2
6189,43875,20111207,20111210,268,7,793,Critical,Express Air,24,382.19,0.03,11.39,14.42,6.75,0.02980193097673932,3
6190,43875,20111207,20111209,268,7,944,Critical,Delivery Truck,17,2573.92,0.07,117.23,150.98,143.71,0.04554531609374029,2
6191,43875,20111207,20111209,268,7,169,Critical,Regular Air,40,727.64,0.01,27.64,17.98,8.51,0.03798581716233302,2
6192,43875,20111207,20111208,268,7,354,Critical,Regular Air,16,2795.004,0.02,311.09,195.99,8.99,0.11130216629385861,1
6193,43875,20111207,20111209,268,7,45,Critical,Regular Air,25,2564.5775,0.07,331.29,125.99,7.69,0.1291791727877204,2
6237,44197,20090120,20090123,293,7,86,High,Delivery Truck,27,3970.33,0.02,-229.79,140.98,53.48,-0.05787680117269849,3
6242,44229,20100514,20100514,257,7,486,Medium,Regular Air,39,185.69,0.02,50.16,4.84,0.71,0.27012763207496365,0
6268,44386,20120409,20120411,304,7,479,Medium,Regular Air,27,129.06,0.1,-75.13,4.91,4.97,-0.5821323415465675,2
6269,44386,20120409,20120411,304,7,395,Medium,Regular Air,43,1236.64,0.01,518.81,28.48,1.99,0.41953195756242717,2
6272,44390,20101203,20101205,305,7,547,Not Specified,Regular Air,32,3234.1,0.03,2033.5,99.23,8.99,0.6287684363501438,2
6303,44612,20110313,20110315,306,7,314,High,Regular Air,6,428.723,0.06,-147.72,85.99,1.25,-0.3445581412707039,2
6307,44614,20100614,20100618,295,7,987,Low,Express Air,18,55.35,0.0,-56.63,2.22,5.0,-1.0231255645889792,4
6308,44614,20100614,20100623,295,7,296,Low,Regular Air,27,700.35,0.06,-123.01,26.31,5.89,-0.1756407510530449,9
6309,44615,20100509,20100510,254,7,75,Medium,Regular Air,19,36.37,0.07,-10.26,1.88,1.49,-0.28210063238933186,1
6331,44864,20100617,20100624,307,7,1009,Low,Regular Air,25,187.55,0.1,-171.41,7.77,9.23,-0.913942948547054,7
6336,44900,20100209,20100210,296,7,1010,Medium,Regular Air,4,47.03,0.08,-12.03,11.19,5.03,-0.25579417393153303,1
6340,44960,20110503,20110505,243,7,836,Low,Regular Air,16,112.91,0.04,-72.81,6.48,8.4,-0.6448498804357453,2
6341,44960,20110503,20110503,243,7,1011,Low,Regular Air,22,180.92,0.1,-82.54,8.57,6.14,-0.45622374530179094,0
6342,44960,20110503,20110507,243,7,732,Low,Regular Air,17,31.68,0.04,-23.69,1.7,1.99,-0.7477904040404041,4
6346,44992,20121224,20121226,247,7,913,Critical,Regular Air,32,1673.53,0.0,524.73,51.98,10.17,0.313546814219046,2
6347,44992,20121224,20121226,247,7,147,Critical,Delivery Truck,32,7110.24,0.06,-536.17,218.75,69.64,-0.07540814374760908,2
6359,45125,20120528,20120529,257,7,245,Critical,Delivery Truck,6,975.5,0.09,-252.01,160.98,35.02,-0.2583393131727319,1
6360,45125,20120528,20120529,257,7,602,Critical,Regular Air,32,4834.8,0.0,1193.11,175.99,4.99,0.24677546123934804,1
6371,45190,20101119,20101119,274,7,944,High,Delivery Truck,13,2084.96,0.0,135.26,150.98,43.71,0.06487414626659503,0
6401,45414,20090211,20090212,274,7,347,Critical,Regular Air,17,1002.73,0.08,-563.86,60.98,49.0,-0.5623248531508981,1
6429,45700,20121113,20121113,288,7,1012,High,Regular Air,43,1704.58,0.02,518.48,38.06,4.5,0.30416876884628474,0
6443,45824,20091206,20091208,244,7,199,Not Specified,Regular Air,44,6123.48,0.08,1232.79,140.81,24.49,0.20132179740931627,2
6461,45991,20110214,20110216,274,7,550,Low,Delivery Truck,1,131.27,0.1,-68.16,100.98,35.84,-0.5192351641654604,2
6462,45991,20110214,20110218,274,7,85,Low,Regular Air,50,196.39,0.07,82.6,4.13,0.5,0.4205916798207648,4
6502,46307,20110206,20110206,286,7,94,Medium,Regular Air,32,643.53,0.05,175.97,19.98,5.77,0.27344490544341366,0
6503,46307,20110206,20110209,286,7,8,Medium,Regular Air,27,1217.77,0.01,283.14,42.76,6.22,0.23250695944225921,3
6524,46434,20100401,20100402,166,7,1013,Critical,Regular Air,34,800.39,0.06,270.29,24.95,2.99,0.33769787228726,1
6527,46466,20120221,20120222,290,7,1014,Medium,Regular Air,7,271.27,0.05,71.31,37.93,13.99,0.26287462675563095,1
6538,46528,20091206,20091208,245,7,563,Medium,Express Air,43,2980.15,0.05,-865.98,70.71,37.58,-0.29058268879083266,2
6539,46528,20091206,20091209,245,7,439,Medium,Regular Air,23,476.04,0.01,57.25,18.97,9.54,0.12026300310898243,3
6558,46626,20120627,20120701,285,7,966,Low,Delivery Truck,8,825.96,0.01,-276.95,95.98,58.2,-0.3353067945178943,4
6581,46853,20090522,20090522,300,7,719,Low,Regular Air,22,5648.69,0.03,1489.8,256.99,11.25,0.26374256686063496,0
6582,46855,20100305,20100306,264,7,506,High,Regular Air,32,53.34,0.04,-4.68,1.68,0.7,-0.08773903262092238,1
6595,46919,20090618,20090620,269,7,659,Low,Regular Air,31,4483.92,0.07,174.61,152.48,6.5,0.03894137272743493,2
6599,46977,20120507,20120509,258,7,745,Medium,Regular Air,10,50.42,0.06,7.25,4.82,1.49,0.1437921459738199,2
6600,46977,20120507,20120509,258,7,484,Medium,Regular Air,19,2980.372,0.02,494.63,175.99,8.99,0.1659625040095666,2
6612,47041,20120401,20120403,293,7,1015,Not Specified,Regular Air,35,154.0,0.08,-7.08,4.63,1.93,-0.04597402597402597,2
6650,47301,20110717,20110722,252,7,1016,Low,Regular Air,6,460.71,0.02,-231.95,70.98,35.0,-0.503462047708971,5
6701,47714,20110310,20110311,83,7,1017,Medium,Delivery Truck,29,2946.05,0.06,-690.21,105.49,41.64,-0.2342831927496139,1
6742,48003,20120126,20120128,264,7,30,Medium,Regular Air,30,183.33,0.05,-106.54,5.98,4.38,-0.5811378388697976,2
6743,48003,20120126,20120128,264,7,200,Medium,Regular Air,12,88.06,0.04,-69.05,6.48,9.68,-0.7841244605950488,2
6766,48195,20101127,20101128,283,7,1018,Not Specified,Regular Air,35,3337.5165,0.07,850.54,115.99,2.5,0.2548421857989316,1
6767,48195,20101127,20101127,283,7,702,Not Specified,Regular Air,35,1018.402,0.09,296.87,35.99,5.99,0.29150571188980384,0
6768,48195,20101127,20101128,283,7,711,Not Specified,Regular Air,47,2679.1235,0.01,47.28,65.99,19.99,0.017647562719673056,1
6789,48357,20090328,20090328,252,7,222,Not Specified,Regular Air,16,2365.43,0.04,619.71,150.98,13.99,0.26198619278524415,0
6826,48615,20121203,20121207,295,7,85,Low,Regular Air,4,16.91,0.08,0.21,4.13,0.5,0.012418687167356593,4
6827,48615,20121203,20121208,295,7,336,Low,Regular Air,8,464.66,0.04,219.02,54.74,14.83,0.47135539964705375,5
6831,48642,20100201,20100203,308,7,855,High,Regular Air,4,37.73,0.06,-13.72,8.67,3.5,-0.3636363636363637,2
6832,48642,20100201,20100202,308,7,495,High,Express Air,5,519.69,0.02,-122.09,100.98,7.18,-0.23492851507629547,1
6842,48710,20091125,20091126,293,7,646,Medium,Regular Air,4,29.24,0.01,-1.73,6.98,1.6,-0.059165526675786596,1
6888,49094,20120903,20120905,294,7,593,Critical,Regular Air,31,846.85,0.03,-25.98,27.48,4.0,-0.03067839641022613,2
6891,49125,20090329,20090331,254,7,629,Not Specified,Express Air,29,177.41,0.05,-116.05,5.78,7.64,-0.6541344907276929,2
6898,49216,20090319,20090319,86,7,429,High,Regular Air,28,96.71,0.01,-72.44,3.28,3.97,-0.7490435322096991,0
6940,49538,20100317,20100321,264,7,1001,Low,Regular Air,29,730.51,0.08,217.57,26.38,5.58,0.29783302076631396,4
6953,49730,20090104,20090105,275,7,1019,High,Delivery Truck,3,1039.56,0.06,-394.69,350.98,30.0,-0.37967024510369773,1
6985,49924,20110525,20110527,245,7,683,Critical,Regular Air,48,204.15,0.07,-155.53,4.24,5.41,-0.7618417830026941,2
6986,49924,20110525,20110527,245,7,402,Critical,Regular Air,13,33.11,0.08,-35.96,2.23,4.57,-1.0860767139836909,2
7046,50306,20110520,20110522,303,7,868,Medium,Regular Air,34,2010.89,0.09,564.07,63.98,11.55,0.2805076359224025,2
7088,50566,20110907,20110909,273,7,855,Not Specified,Regular Air,48,389.28,0.1,-37.43,8.67,3.5,-0.09615187011919442,2
7126,50823,20090721,20090726,261,7,495,Low,Regular Air,12,1244.72,0.04,269.94,100.98,7.18,0.2168680506459284,5
7131,50854,20111217,20111217,273,7,538,Critical,Regular Air,27,137.5,0.07,-64.24,4.98,4.95,-0.46719999999999995,0
7132,50854,20111217,20111219,273,7,780,Critical,Delivery Truck,12,5744.24,0.09,1118.17,500.98,28.14,0.1946593457097893,2
7133,50854,20111217,20111217,273,7,341,Critical,Express Air,42,452.15,0.06,25.79,10.98,3.37,0.05703859338715028,0
7163,51109,20121108,20121110,280,7,910,High,Regular Air,28,112.05,0.04,26.21,4.0,1.3,0.23391343150379296,2
7204,51395,20100609,20100614,307,7,1020,Low,Regular Air,26,78.22,0.03,32.5,2.88,0.5,0.41549475837381744,5
7205,51395,20100609,20100613,307,7,921,Low,Regular Air,10,51.65,0.1,-32.13,4.98,5.49,-0.6220716360116167,4
7234,51559,20120304,20120313,166,7,862,Low,Regular Air,34,823.98,0.09,129.81,25.98,4.08,0.15754023155901842,9
7262,51813,20121221,20121223,307,7,787,Not Specified,Regular Air,13,1390.17,0.07,-469.84,110.98,35.0,-0.33797305365530833,2
7276,51937,20090227,20090227,253,7,779,High,Delivery Truck,39,11613.13,0.05,2816.21,294.62,42.52,0.2425022366924335,0
7307,52098,20100310,20100310,264,7,1019,Medium,Regular Air,19,812.06,0.0,220.07,39.06,10.55,0.2710021426988154,0
7308,52102,20100912,20100912,83,7,393,Medium,Regular Air,8,104.27,0.03,-23.61,11.97,5.81,-0.2264313800709696,0
7312,52135,20100324,20100326,250,7,191,Low,Regular Air,38,3922.96,0.04,863.57,99.99,19.99,0.22013224707873646,2
7315,52162,20111101,20111101,264,7,768,Not Specified,Regular Air,39,261.16,0.07,-220.3,6.48,9.68,-0.8435441874712819,0
7316,52162,20111101,20111102,264,7,706,Not Specified,Regular Air,47,155.22,0.07,23.34,3.29,1.35,0.1503672207189795,1
7332,52256,20101104,20101106,299,7,1021,Not Specified,Regular Air,23,1236.954,0.06,119.89,65.99,4.2,0.09692357193557724,2
7354,52391,20091212,20091214,251,7,274,High,Regular Air,36,1072.36,0.04,440.48,29.14,4.86,0.4107575814092283,2
7355,52391,20091212,20091214,251,7,796,High,Regular Air,39,857.84,0.02,-309.43,20.89,11.52,-0.3607082905903199,2
7384,52642,20110614,20110618,285,7,1022,Low,Delivery Truck,9,742.84,0.01,-320.7,70.98,59.81,-0.4317215012654138,4
7385,52642,20110614,20110621,285,7,659,Low,Regular Air,14,2070.68,0.03,-281.67,152.48,4.0,-0.13602777831437018,7
7386,52642,20110614,20110621,285,7,938,Low,Regular Air,15,764.13,0.09,276.98,55.98,4.86,0.3624775888919425,7
7387,52645,20120307,20120312,251,7,339,Low,Regular Air,11,64.34,0.09,-8.37,5.85,2.27,-0.13009014609884983,5
7388,52645,20120307,20120316,251,7,1023,Low,Regular Air,10,693.02,0.07,97.36,70.97,3.5,0.14048656604427,9
7399,52711,20110923,20110923,302,7,622,Not Specified,Regular Air,37,201.14,0.08,-51.25,5.81,3.37,-0.2547976533757582,0
7412,52896,20101022,20101024,307,7,268,High,Express Air,9,48.26,0.09,2.76,5.18,2.04,0.05719021964359718,2
7413,52896,20101022,20101023,307,7,384,High,Delivery Truck,6,1718.43,0.0,-192.49,259.71,66.67,-0.11201503698143073,1
7432,52999,20120425,20120427,267,7,378,Not Specified,Express Air,5,43.61,0.04,22.85,7.59,4.0,0.5239623939463426,2
7433,52999,20120425,20120427,267,7,1024,Not Specified,Regular Air,39,343.05,0.05,98.86,9.11,2.15,0.28817956566098235,2
7434,52999,20120425,20120425,267,7,443,Not Specified,Regular Air,7,44.63,0.1,-21.19,5.78,5.67,-0.47479274030920904,0
7463,53254,20090818,20090821,305,7,602,Medium,Regular Air,34,5442.142,0.0,1640.3,175.99,4.99,0.301407056265713,3
7464,53281,20090402,20090404,83,7,146,Critical,Delivery Truck,40,14075.99,0.08,1894.14,355.98,58.92,0.13456531299041843,2
7466,53285,20120524,20120526,300,7,408,Critical,Regular Air,6,1042.96,0.04,163.8,165.98,19.99,0.15705300299148578,2
7467,53312,20090704,20090706,245,7,445,Medium,Regular Air,23,8413.23,0.05,2464.75,363.25,19.99,0.2929612051495086,2
7468,53312,20090704,20090705,245,7,596,Medium,Regular Air,30,105.45,0.06,-173.36,3.34,7.49,-1.6440018966334757,1
7514,53637,20110317,20110318,263,7,854,High,Express Air,12,451.09,0.1,61.27,39.98,9.83,0.13582655345939837,1
7521,53698,20120616,20120617,243,7,486,Medium,Express Air,10,55.33,0.0,13.38,4.84,0.71,0.2418217964937647,1
7577,54183,20120415,20120417,292,7,432,Critical,Express Air,32,2773.71,0.02,1097.25,82.99,5.5,0.3955893009723439,2
7578,54183,20120415,20120416,292,7,372,Critical,Regular Air,9,113.89,0.02,-52.25,11.66,8.99,-0.45877601194134693,1
7583,54245,20110324,20110325,299,7,33,Medium,Regular Air,5,83.3,0.09,-114.91,20.99,2.5,-1.3794717887154861,1
7592,54339,20120502,20120509,251,7,324,Low,Express Air,48,3005.74,0.02,1053.21,59.98,3.99,0.3503995688249816,7
7593,54339,20120502,20120507,251,7,306,Low,Regular Air,41,2209.5155,0.06,458.62,65.99,5.31,0.20756586681559827,5
7603,54401,20111204,20111206,275,7,498,High,Regular Air,34,670.02,0.07,278.58,20.98,1.49,0.41577863347362765,2
7626,54563,20101004,20101006,301,7,266,Critical,Regular Air,24,523.56,0.01,43.87,20.24,8.99,0.08379173351669342,2
7639,54694,20090919,20090919,286,7,887,Critical,Regular Air,43,112.63,0.08,-201.6,2.66,6.35,-1.7899316345556247,0
7643,54755,20091207,20091210,308,7,633,Critical,Regular Air,44,3421.88,0.0,443.52,73.98,4.0,0.1296129612961296,3
7659,54914,20110828,20110829,244,7,584,Critical,Regular Air,32,197.93,0.06,-57.64,5.98,5.46,-0.29121406557873997,1
7660,54914,20110828,20110830,244,7,587,Critical,Regular Air,7,90.58,0.06,-27.83,12.44,6.27,-0.30724221682490616,2
7684,55073,20120320,20120320,246,7,930,Low,Regular Air,40,2376.7105,0.01,721.81,65.99,3.99,0.30370127114766393,0
7712,55270,20100122,20100123,245,7,837,Medium,Regular Air,1,35.14,0.02,-12.75,29.17,6.27,-0.36283437677859987,1
7788,55716,20121022,20121023,83,7,58,High,Regular Air,9,14665.55,0.07,-767.51,1637.53,24.49,-0.05233421180930821,1
7795,55776,20090322,20090323,306,7,128,Not Specified,Delivery Truck,32,4856.1,0.01,1096.64,145.45,17.85,0.2258273099812607,1
7810,55874,20090216,20090217,309,7,311,Medium,Regular Air,28,208.83,0.0,-60.15,7.1,6.05,-0.2880333285447493,1
7811,55874,20090216,20090218,309,7,279,Medium,Express Air,41,228.3,0.01,-111.72,4.98,4.62,-0.4893561103810775,2
7831,56002,20090704,20090706,275,7,202,Low,Regular Air,21,514.53,0.04,149.31,23.99,6.71,0.29018716109847825,2
7832,56002,20090704,20090708,275,7,938,Low,Regular Air,14,748.84,0.09,286.7,55.98,4.86,0.3828588216441429,4
7833,56002,20090704,20090711,275,7,533,Low,Regular Air,9,1497.93,0.05,35.31,161.55,19.99,0.023572530091526305,7
7834,56002,20090704,20090706,275,7,454,Low,Regular Air,14,3857.56,0.07,-377.81,290.98,69.0,-0.09794014869503002,2
7840,56039,20111125,20111130,309,7,321,Low,Regular Air,23,156.66,0.07,-33.15,6.68,5.2,-0.2116047491382612,5
7936,56710,20100511,20100512,277,7,813,Not Specified,Regular Air,34,479.84,0.02,5.71,13.43,5.5,0.011899799933311105,1
7937,56710,20100511,20100512,277,7,440,Not Specified,Regular Air,16,833.9265,0.08,-39.22,65.99,3.99,-0.04703052367324938,1
7938,56710,20100511,20100513,277,7,455,Not Specified,Regular Air,6,182.64,0.08,-99.24,30.98,6.5,-0.5433639947437582,2
7939,56710,20100511,20100513,277,7,753,Not Specified,Regular Air,21,736.17,0.01,232.99,35.41,1.99,0.31648939782930574,2
7985,57092,20100501,20100502,166,7,425,Critical,Regular Air,29,2820.6995,0.03,601.34,110.99,8.99,0.21318825348109574,1
8011,57253,20090105,20090106,264,7,206,Critical,Regular Air,43,78.08,0.08,1.74,1.81,0.75,0.02228483606557377,1
8012,57253,20090105,20090107,264,7,146,Critical,Delivery Truck,29,653.54,0.06,-1358.9,20.98,53.03,-2.0792912446062983,2
8013,57253,20090105,20090105,264,7,221,Critical,Regular Air,48,12635.75,0.07,-335.24,279.48,35.0,-0.026531072552084364,0
8014,57253,20090105,20090106,264,7,1025,Critical,Regular Air,49,240.3,0.08,-139.16,4.91,5.68,-0.5791094465251768,1
8015,57253,20090105,20090105,264,7,816,Critical,Regular Air,25,2750.107,0.04,667.45,125.99,5.26,0.24269964768643548,0
8034,57382,20090323,20090325,274,7,394,Medium,Regular Air,25,106.04,0.09,16.9,4.55,1.49,0.15937382119954732,2
8035,57382,20090323,20090325,274,7,430,Medium,Express Air,45,452.93,0.07,20.14,9.78,5.76,0.044466032278718565,2
8039,57415,20090324,20090325,243,7,1026,Medium,Regular Air,6,101.52,0.02,-16.37,15.42,5.41,-0.16124901497241925,1
8077,57606,20100103,20100104,264,7,919,Not Specified,Regular Air,37,294.48,0.08,-64.24,8.46,3.62,-0.21814724259712032,1
8099,57794,20090726,20090728,254,7,232,Low,Regular Air,16,88.84,0.02,-46.92,4.98,6.07,-0.5281404772624944,2
8123,58054,20110104,20110104,166,7,110,High,Regular Air,26,61.4,0.04,-92.11,2.08,5.33,-1.5001628664495115,0
8129,58113,20120201,20120203,303,7,669,High,Regular Air,48,362.71,0.07,-88.95,7.68,6.16,-0.2452372418736732,2
8130,58113,20120201,20120203,303,7,333,High,Express Air,12,2077.1875,0.05,-38.07,200.99,4.2,-0.01832766661651873,2
8186,58528,20101027,20101028,310,7,234,Medium,Regular Air,14,700.95,0.0,233.8,46.89,5.1,0.3335473286254369,1
8187,58528,20101027,20101028,310,7,500,Medium,Express Air,41,159.74,0.08,-9.14,3.69,2.5,-0.057217979216226365,1
8193,58598,20110822,20110823,245,7,71,Medium,Delivery Truck,50,13608.83,0.1,1342.93,300.98,64.73,0.09868078299163117,1
8194,58598,20110822,20110823,245,7,1027,Medium,Regular Air,25,89.32,0.01,33.46,3.41,0.7,0.37460815047021945,1
8231,58851,20100607,20100611,251,7,956,Low,Regular Air,3,23.93,0.1,-6.39,8.34,0.96,-0.2670288340994567,4
8232,58851,20100607,20100614,251,7,335,Low,Regular Air,14,2027.55,0.04,537.4,140.99,13.99,0.26504895070405166,7
8233,58853,20120513,20120514,267,7,317,Critical,Delivery Truck,27,5307.5,0.09,1116.67,200.98,23.76,0.21039472444653792,1
8252,59015,20120526,20120527,311,7,676,Medium,Regular Air,32,254.46,0.09,23.5,8.5,1.99,0.09235243260237365,1
8253,59015,20120526,20120527,311,7,956,Medium,Regular Air,32,278.19,0.02,149.39,8.34,0.96,0.5370070814910672,1
8254,59015,20120526,20120528,311,7,84,Medium,Regular Air,32,1662.33,0.02,783.84,48.91,5.81,0.47153092346285036,2
8264,59075,20120226,20120229,281,7,1010,Low,Regular Air,38,425.91,0.02,55.06,11.19,5.03,0.1292761381512526,3
8269,59108,20111007,20111012,254,7,429,Low,Regular Air,21,68.53,0.09,-59.97,3.28,3.97,-0.8750912009338976,5
8270,59108,20111007,20111016,254,7,713,Low,Regular Air,39,4215.83,0.02,972.19,125.99,8.99,0.23060464961822466,9
8339,59589,20120411,20120411,285,7,391,Medium,Regular Air,25,1610.26,0.06,122.42,64.98,6.88,0.07602498975320755,0
8354,59685,20121210,20121212,277,7,530,Critical,Regular Air,12,505.2,0.05,78.98,40.98,5.33,0.1563341250989707,2
8355,59685,20121210,20121211,277,7,856,Critical,Regular Air,46,562.91,0.1,-560.29,12.99,14.37,-0.9953456147519142,1
8377,59845,20091222,20091226,249,7,22,Low,Regular Air,42,200.1,0.04,3.02,4.71,0.7,0.015092453773113444,4
8378,59845,20091222,20091227,249,7,1028,Low,Regular Air,28,120.54,0.06,6.52,4.2,2.26,0.05408992865438858,5
24,134,20120430,20120502,312,7,1029,Not Specified,Regular Air,11,1132.6,0.01,-310.21,95.99,35.0,-0.2738919300723998,2
114,740,20110715,20110715,313,7,651,Medium,Regular Air,6,28.01,0.09,3.46,4.98,0.49,0.123527311674402,0
130,833,20090212,20090213,314,7,1030,Medium,Regular Air,1,19.32,0.03,-20.32,12.53,7.17,-1.05175983436853,1
234,1573,20121227,20121229,315,7,1031,High,Delivery Truck,13,759.94,0.09,-226.45,60.89,32.41,-0.29798405137247674,2
243,1639,20110819,20110820,316,7,636,Not Specified,Regular Air,24,163.14,0.09,-62.2,6.78,6.18,-0.38126762290057625,1
297,2053,20110206,20110207,317,7,39,Critical,Delivery Truck,39,19342.84,0.01,5603.95,500.98,126.0,0.28971702190578014,1
298,2053,20110206,20110208,317,7,625,Critical,Regular Air,7,771.783,0.08,-449.53,140.99,4.2,-0.582456467685865,2
307,2146,20120913,20120914,317,7,602,Not Specified,Regular Air,41,6111.1685,0.06,1663.08,175.99,4.99,0.27213780801494836,1
308,2146,20120913,20120915,317,7,400,Not Specified,Regular Air,44,113.71,0.07,41.7,2.61,0.5,0.3667223639081875,2
396,2752,20101118,20101120,317,7,375,High,Regular Air,30,695.47,0.03,226.73,22.98,1.99,0.32600974880296774,2
397,2752,20101118,20101120,317,7,295,High,Regular Air,41,152.59,0.02,55.48,3.78,0.71,0.36358870174978697,2
398,2752,20101118,20101118,317,7,140,High,Regular Air,10,365.62,0.03,15.77,34.76,8.22,0.04313221377386357,0
399,2752,20101118,20101120,317,7,1032,High,Regular Air,10,575.569,0.04,-86.52,65.99,5.63,-0.1503208129694268,2
760,5445,20100725,20100730,312,7,21,Low,Express Air,4,29.42,0.06,14.43,3.69,0.5,0.4904826648538409,5
761,5445,20100725,20100801,312,7,1015,Low,Regular Air,9,46.48,0.01,-1.82,4.63,1.93,-0.0391566265060241,7
797,5699,20120729,20120803,318,7,367,Low,Regular Air,2,9.25,0.01,-4.21,4.13,0.99,-0.45513513513513515,5
798,5699,20120729,20120803,318,7,932,Low,Express Air,41,573.89,0.09,-121.44,14.98,7.69,-0.21160849640174947,5
940,6823,20090721,20090722,317,7,1013,Not Specified,Regular Air,50,1262.72,0.01,490.28,24.95,2.99,0.388272934617334,1
941,6823,20090721,20090723,317,7,290,Not Specified,Regular Air,31,524.19,0.0,-135.46,15.98,8.99,-0.2584177492893798,2
959,6948,20101209,20101210,319,7,640,Not Specified,Regular Air,15,1143.88,0.04,-88.7,73.98,4.0,-0.07754309892646082,1
1027,7462,20110220,20110221,315,7,869,High,Express Air,3,72.63,0.07,-26.94,22.01,5.53,-0.37092110698058656,1
1062,7845,20091213,20091213,317,7,980,Critical,Express Air,22,118.56,0.06,-63.38,4.91,5.68,-0.5345816464237517,0
1063,7845,20091213,20091214,317,7,1033,Critical,Express Air,45,2145.05,0.07,1012.67,48.94,5.86,0.47209622153329756,1
1092,8033,20120424,20120425,320,7,284,High,Regular Air,27,118.18,0.06,-133.62,4.06,6.89,-1.130648163817905,1
1150,8388,20120223,20120225,314,7,378,Low,Regular Air,39,290.3,0.07,25.16,7.59,4.0,0.08666896314157768,2
1151,8388,20120223,20120225,314,7,972,Low,Regular Air,37,434.11,0.02,24.85,11.7,5.63,0.05724355578079289,2
1152,8388,20120223,20120225,314,7,646,Low,Regular Air,42,288.9,0.02,96.34,6.98,1.6,0.33347178954655593,2
1334,9761,20120122,20120123,317,7,603,Not Specified,Delivery Truck,2,202.64,0.04,-221.62,90.97,14.0,-1.0936636399526254,1
1335,9761,20120122,20120124,317,7,1034,Not Specified,Regular Air,23,133.69,0.08,-92.23,5.98,7.15,-0.6898795721445135,2
1354,9863,20110904,20110906,316,7,264,Critical,Regular Air,18,33.96,0.0,0.1,1.76,0.7,0.002944640753828033,2
1432,10342,20111122,20111124,320,7,762,Medium,Delivery Truck,45,5181.08,0.01,-1623.6,114.98,58.72,-0.31337095740656384,2
1433,10342,20111122,20111123,320,7,1035,Medium,Regular Air,38,10567.45,0.1,2925.37,299.99,11.64,0.27682837392180704,1
1434,10342,20111122,20111124,320,7,195,Medium,Regular Air,38,1679.04,0.01,324.47,40.97,14.45,0.19324733180865258,2
1435,10342,20111122,20111124,320,7,1036,Medium,Express Air,2,2055.97,0.05,-2342.01,999.99,13.99,-1.1391265436752485,2
1441,10434,20091223,20091224,320,7,156,High,Delivery Truck,2,383.45,0.06,-244.47,180.98,26.2,-0.637553787977572,1
1532,11040,20111023,20111023,321,7,202,Not Specified,Regular Air,44,1102.28,0.03,389.61,23.99,6.71,0.35345828646079036,0
1566,11302,20090301,20090303,322,7,603,Low,Delivery Truck,10,866.66,0.09,35.29,90.97,14.0,0.04071954399649228,2
1577,11398,20120806,20120807,323,7,1037,High,Regular Air,16,109.7,0.03,-106.77,5.98,10.39,-0.9732907930720145,1
1578,11398,20120806,20120808,323,7,857,High,Regular Air,26,80.89,0.03,23.37,2.94,0.81,0.28891086660897514,2
1599,11584,20091122,20091123,318,7,313,Medium,Regular Air,48,1497.3175,0.01,836.51,35.99,0.99,0.5586724258549038,1
1607,11652,20111110,20111111,314,7,280,Not Specified,Regular Air,35,1154.14,0.07,-36.0,32.98,5.5,-0.03119205642296428,1
1608,11652,20111110,20111111,314,7,1037,Not Specified,Regular Air,37,223.82,0.09,-249.11,5.98,10.39,-1.112992583325887,1
1609,11652,20111110,20111112,314,7,403,Not Specified,Regular Air,1,61.4635,0.05,-261.35,65.99,8.99,-4.252117110154807,2
1610,11652,20111110,20111112,314,7,268,Not Specified,Regular Air,25,122.09,0.1,14.11,5.18,2.04,0.11557048079285771,2
1615,11686,20090127,20090128,312,7,1038,Not Specified,Regular Air,38,6121.1985,0.08,1312.34,205.99,2.5,0.21439265529454726,1
1940,13895,20101120,20101120,320,7,569,High,Regular Air,44,614.34,0.02,-171.7,14.03,9.37,-0.27948692906208283,0
2072,14820,20120109,20120111,312,7,52,High,Express Air,39,278.902,0.04,-104.47,7.99,5.03,-0.37457601594825424,2
2127,15170,20090318,20090318,313,7,591,Critical,Regular Air,19,356.4645,0.01,-9.11,20.99,4.81,-0.02555654209605725,0
2190,15780,20110413,20110415,313,7,295,Critical,Regular Air,19,71.77,0.03,22.71,3.78,0.71,0.3164274766615578,2
2225,16098,20120721,20120725,324,7,215,Low,Regular Air,31,480.43,0.06,50.59,14.98,8.99,0.10530150073892139,4
2229,16103,20120715,20120717,325,7,731,Not Specified,Regular Air,31,217.14,0.0,-62.97,6.48,6.22,-0.28999723680574746,2
2303,16610,20091010,20091012,313,7,1039,High,Regular Air,19,659.13,0.09,187.57,35.94,6.66,0.2845720874486065,2
2596,18757,20120522,20120524,326,7,291,Low,Regular Air,9,222.2,0.03,-40.25,22.38,15.1,-0.18114311431143115,2
2597,18757,20120522,20120527,326,7,1040,Low,Regular Air,5,39.9,0.02,-37.8,5.94,9.92,-0.9473684210526315,5
2687,19431,20090523,20090525,323,7,1041,Not Specified,Regular Air,4,16.82,0.08,-5.54,4.13,1.17,-0.32936979785969084,2
2712,19584,20090416,20090417,325,7,380,Critical,Delivery Truck,6,14535.8,0.05,-3971.06,2550.14,29.7,-0.2731917059948541,1
2810,20262,20091226,20091226,327,7,200,Not Specified,Regular Air,27,652.24,0.02,185.04,22.72,8.99,0.28369925180915,0
2852,20545,20101009,20101010,318,7,649,Not Specified,Delivery Truck,1,361.94,0.05,-163.58,284.98,69.55,-0.4519533624357629,1
2853,20545,20101009,20101011,318,7,642,Not Specified,Regular Air,31,1276.04,0.02,554.95,40.99,5.86,0.4349001598695966,2
2854,20545,20101009,20101011,318,7,18,Not Specified,Regular Air,40,2894.68,0.02,-1754.39,71.37,69.0,-0.6060739010875124,2
2856,20577,20100209,20100211,327,7,590,Critical,Regular Air,15,611.68,0.05,134.75,39.06,10.55,0.22029492545121634,2
2881,20804,20111126,20111203,318,7,331,Low,Delivery Truck,13,4393.75,0.08,215.31,442.14,14.7,0.04900369843527738,7
2960,21414,20110504,20110506,328,7,1042,Critical,Regular Air,34,117.91,0.05,29.27,3.38,1.09,0.2482401831905691,2
2961,21414,20110504,20110506,328,7,74,Critical,Regular Air,46,3644.6,0.05,-1144.67,80.98,35.0,-0.31407287493826486,2
2962,21414,20110504,20110505,328,7,356,Critical,Regular Air,33,3491.613,0.05,717.7,125.99,5.63,0.20554969866362627,1
2969,21447,20100603,20100605,316,7,341,Not Specified,Express Air,15,176.24,0.02,9.85,10.98,3.37,0.055889695869269174,2
2976,21479,20090828,20090829,327,7,142,Medium,Express Air,41,291.16,0.01,-89.47,6.48,6.57,-0.30728808902321747,1
3096,22208,20091013,20091015,316,7,730,High,Regular Air,37,1138.43,0.01,18.59,30.97,4.0,0.016329506425515842,2
3097,22208,20091013,20091015,316,7,45,High,Regular Air,50,5271.0455,0.08,1379.76,125.99,7.69,0.26176211152038054,2
3106,22279,20091222,20091225,315,7,230,Not Specified,Regular Air,43,2463.6,0.03,1040.65,54.96,10.75,0.4224102938788765,3
3231,23174,20120726,20120728,328,7,198,Low,Delivery Truck,16,3549.9,0.06,44.8,216.6,64.2,0.012620073804895911,2
3232,23174,20120726,20120802,328,7,1043,Low,Regular Air,8,138.24,0.03,-60.04,16.74,7.04,-0.4343171296296296,7
3259,23333,20090805,20090806,312,7,793,Medium,Regular Air,44,634.12,0.04,-21.65,14.42,6.75,-0.03414180281334763,1
3260,23333,20090805,20090807,312,7,723,Medium,Regular Air,32,196.84,0.04,-69.29,5.98,5.79,-0.35201178622231255,2
3261,23333,20090805,20090806,312,7,403,Medium,Regular Air,16,886.89,0.03,-23.83,65.99,8.99,-0.026869172050648895,1
3456,24640,20110129,20110130,327,7,655,Medium,Delivery Truck,12,1379.98,0.06,-151.73,113.98,30.0,-0.10995086885317178,1
3516,25056,20100921,20100923,319,7,78,Not Specified,Regular Air,41,295.12,0.0,-151.93,6.48,8.19,-0.5148075359175929,2
3665,26244,20100803,20100805,312,7,919,High,Regular Air,16,131.72,0.09,-42.61,8.46,3.62,-0.3234892195566353,2
3816,27201,20120725,20120725,321,7,39,High,Delivery Truck,10,5056.89,0.02,789.05,500.98,26.0,0.15603463789008656,0
3817,27201,20120725,20120725,321,7,818,High,Delivery Truck,45,3500.1,0.01,-2661.32,70.89,89.3,-0.7603554184166167,0
3897,27808,20100126,20100202,320,7,188,Low,Express Air,9,196.12,0.01,4.41,20.89,1.99,0.022486232918621254,7
4173,29573,20120116,20120118,312,7,439,Critical,Regular Air,43,792.21,0.05,42.24,18.97,9.54,0.05331919566781535,2
4203,29862,20110619,20110621,325,7,76,Medium,Regular Air,34,214.64,0.08,-76.88,6.48,5.86,-0.3581811405143496,2
4276,30433,20100609,20100609,323,7,298,Medium,Express Air,17,253.38,0.0,-35.78,13.9,7.59,-0.141210829584024,0
4284,30532,20111126,20111127,329,7,101,High,Regular Air,28,431.37,0.03,-28.67,15.22,9.73,-0.066462665461205,1
4285,30532,20111126,20111127,329,7,621,High,Express Air,23,262.31,0.04,27.55,11.09,5.25,0.10502840150966414,1
4286,30532,20111126,20111128,329,7,120,High,Regular Air,45,514.03,0.05,82.19,11.34,5.01,0.1598933914362975,2
4287,30532,20111126,20111128,329,7,566,High,Delivery Truck,9,1696.7,0.04,-82.81,180.98,23.58,-0.048806506748393944,2
4297,30597,20120805,20120807,320,7,708,High,Regular Air,18,93.02,0.07,20.01,5.08,2.03,0.21511502902601592,2
4298,30597,20120805,20120806,320,7,560,High,Regular Air,42,639.84,0.03,-95.76,15.14,4.53,-0.14966241560390098,1
4349,30981,20110215,20110219,323,7,369,Low,Delivery Truck,29,7837.44,0.1,1817.76,279.81,23.19,0.2319328760411563,4
4350,30981,20110215,20110217,323,7,741,Low,Delivery Truck,22,3653.22,0.09,-116.02,180.98,30.0,-0.03175828447232852,2
4455,31751,20110526,20110528,317,7,509,High,Express Air,31,413.12,0.1,-10.22,14.27,7.27,-0.024738574748257167,2
4473,31873,20091108,20091113,330,7,1023,Low,Regular Air,2,141.59,0.05,-91.09,70.97,3.5,-0.6433363938131224,5
4474,31873,20091108,20091115,330,7,783,Low,Regular Air,14,2465.5015,0.06,13.01,205.99,8.99,0.005276816907229625,7
4475,31873,20091108,20091115,330,7,1044,Low,Regular Air,50,8558.4715,0.06,2539.46,205.99,8.99,0.2967188708871672,7
4476,31873,20091108,20091115,330,7,438,Low,Regular Air,42,236.89,0.0,-125.29,5.28,6.26,-0.5288952678458356,7
4492,32000,20120913,20120915,329,7,340,Low,Regular Air,49,162.16,0.05,24.95,3.29,1.35,0.15386038480513073,2
4493,32000,20120913,20120920,329,7,481,Low,Delivery Truck,26,15168.82,0.02,-1096.78,550.98,147.12,-0.07230489912860723,7
4597,32737,20091028,20091030,329,7,258,High,Regular Air,14,367.11,0.09,116.8,28.53,1.49,0.3181607692517229,2
4918,35012,20120608,20120608,313,7,166,Medium,Regular Air,10,126.79,0.04,-16.38,11.97,4.98,-0.12918999921129426,0
4919,35012,20120608,20120609,313,7,781,Medium,Regular Air,11,1770.2015,0.08,-165.95,195.99,4.2,-0.09374638988838276,1
4922,35042,20101202,20101203,312,7,88,Not Specified,Regular Air,23,1196.86,0.06,-12.51,50.98,6.5,-0.010452350316661932,1
5009,35713,20121017,20121017,319,7,258,Medium,Regular Air,49,1355.47,0.04,590.04,28.53,1.49,0.43530288387053934,0
5082,36229,20120921,20120924,327,7,106,Not Specified,Regular Air,12,1465.29,0.02,373.5,120.97,7.11,0.25489834776733616,3
5083,36229,20120921,20120923,327,7,100,Not Specified,Delivery Truck,24,3590.33,0.01,-31.73,146.34,43.75,-0.008837627738954358,2
5199,36933,20110712,20110713,317,7,1045,High,Regular Air,32,115.81,0.07,47.56,3.69,0.5,0.4106726534841551,1
5219,37152,20110522,20110524,313,7,655,Medium,Delivery Truck,39,4647.69,0.02,182.53,113.98,30.0,0.039273273389576334,2
5220,37152,20110522,20110524,313,7,858,Medium,Regular Air,45,2503.3265,0.04,447.12,65.99,8.8,0.17861034108015875,2
5228,37223,20111110,20111114,329,7,20,Low,Express Air,21,2731.73,0.07,310.59,155.99,8.99,0.1136971809073371,4
5229,37223,20111110,20111117,329,7,1046,Low,Regular Air,40,679.52,0.09,-152.4,17.7,9.47,-0.22427595950082413,7
5230,37223,20111110,20111115,329,7,1047,Low,Regular Air,38,5176.27,0.01,-743.45,135.31,35.0,-0.14362658825756772,5
5237,37254,20090918,20090919,201,7,1048,High,Regular Air,28,739.94,0.01,370.23,26.17,1.39,0.5003513798416087,1
5260,37441,20090224,20090225,201,7,71,Critical,Delivery Truck,46,14740.51,0.0,3407.73,300.98,164.73,0.23118128205876187,1
5261,37441,20090224,20090226,201,7,361,Critical,Regular Air,1,3.77,0.09,-1.84,2.94,0.96,-0.4880636604774536,2
5359,38084,20090320,20090322,329,7,1024,Not Specified,Regular Air,11,100.36,0.02,18.41,9.11,2.15,0.18343961737744122,2
5360,38084,20090320,20090322,329,7,774,Not Specified,Regular Air,33,404.91,0.06,65.63,12.64,4.98,0.16208540169420363,2
5527,39168,20120517,20120520,322,7,737,High,Regular Air,22,809.91,0.07,321.67,37.7,2.99,0.39716758652195927,3
5528,39168,20120517,20120519,322,7,471,High,Regular Air,50,1027.66,0.0,184.07,19.98,8.68,0.17911566082167252,2
5529,39168,20120517,20120519,322,7,373,High,Regular Air,30,301.38,0.06,5.08,10.48,2.89,0.01685579666865751,2
5555,39333,20100217,20100219,320,7,899,Critical,Regular Air,31,8955.34,0.1,2081.48,320.98,24.49,0.2324289195050104,2
5556,39333,20100217,20100217,320,7,725,Critical,Regular Air,18,95.22,0.01,-33.4,4.98,4.7,-0.3507666456626759,0
5583,39589,20090802,20090803,314,7,941,Critical,Regular Air,42,577.42,0.0,253.5,12.97,1.49,0.4390218558415019,1
5584,39589,20090802,20090802,314,7,999,Critical,Regular Air,20,95.08,0.06,39.91,4.91,0.5,0.4197517879680269,0
5640,39906,20090317,20090319,316,7,1042,Medium,Regular Air,25,82.21,0.04,15.25,3.38,1.09,0.18550054737866442,2
5666,40097,20090109,20090114,314,7,270,Low,Regular Air,47,117.88,0.1,-71.0,2.6,2.4,-0.6023074312860537,5
5685,40193,20120902,20120902,325,7,1018,High,Express Air,34,3130.2015,0.07,692.78,115.99,2.5,0.221321215263618,0
5693,40258,20090409,20090411,320,7,531,Not Specified,Regular Air,31,449.47,0.05,-190.49,14.81,13.32,-0.42381026542372124,2
5694,40258,20090409,20090410,320,7,365,Not Specified,Regular Air,29,80.61,0.08,-8.77,2.78,1.25,-0.10879543480957697,1
5721,40544,20090406,20090408,320,7,915,Low,Regular Air,39,2413.53,0.06,544.04,60.65,12.23,0.2254125699701267,2
5887,41765,20091209,20091211,329,7,538,Medium,Regular Air,41,204.99,0.03,-95.99,4.98,4.95,-0.46826674471925456,2
5949,42242,20090401,20090402,313,7,275,Not Specified,Express Air,23,265.31,0.09,-33.19,11.5,7.19,-0.12509894086163356,1
5950,42242,20090401,20090402,313,7,824,Not Specified,Regular Air,15,1444.88,0.1,236.61,100.97,7.18,0.16375754387907646,1
5951,42242,20090401,20090402,313,7,285,Not Specified,Regular Air,23,2287.1,0.07,231.49,99.99,19.99,0.10121551309518605,1
5974,42369,20100805,20100806,324,7,1049,Critical,Regular Air,44,786.26,0.01,274.98,17.48,1.99,0.3497316409330247,1
6022,42690,20100928,20101002,314,7,461,Low,Regular Air,44,18697.24,0.02,8918.74,420.98,19.99,0.4770083712890244,4
6023,42690,20100928,20101002,314,7,1043,Low,Regular Air,48,786.13,0.04,-236.12,16.74,7.04,-0.3003574472415504,4
6369,45184,20100617,20100626,329,7,776,Low,Regular Air,25,14647.26,0.07,5485.15,599.99,24.49,0.37448300910887083,9
6370,45184,20100617,20100624,329,7,675,Low,Regular Air,10,26.11,0.08,2.65,2.62,0.8,0.10149368058215243,7
6421,45632,20100510,20100511,320,7,956,Not Specified,Regular Air,50,442.31,0.02,231.68,8.34,0.96,0.5237955280233321,1
6499,46276,20121209,20121210,318,7,395,Critical,Regular Air,4,114.83,0.04,-52.62,28.48,1.99,-0.4582426195245145,1
6500,46276,20121209,20121211,318,7,287,Critical,Regular Air,23,16743.76,0.0,6079.63,699.99,24.49,0.3630982527222082,2
6551,46566,20120409,20120410,327,7,692,Medium,Regular Air,49,1534.7,0.07,258.25,31.11,3.6,0.16827392975825894,1
6770,48198,20091120,20091121,316,7,331,Critical,Delivery Truck,7,2813.34,0.1,-688.44,442.14,14.7,-0.2447055812663951,1
6771,48198,20091120,20091122,316,7,477,Critical,Regular Air,45,2682.8,0.01,860.22,60.22,3.5,0.3206426121962129,2
6802,48453,20090726,20090726,329,7,736,Medium,Regular Air,50,387.03,0.04,-7.73,7.96,4.95,-0.019972611942226704,0
6817,48518,20090402,20090404,321,7,532,Medium,Express Air,17,585.47,0.1,178.14,37.94,5.08,0.3042683655866227,2
6919,49349,20110601,20110601,314,7,120,High,Regular Air,11,123.34,0.07,0.64,11.34,5.01,0.005188908707637425,0
6920,49349,20110601,20110603,314,7,459,High,Delivery Truck,23,1642.47,0.01,-524.03,68.81,60.0,-0.31904996742710673,2
6952,49668,20091202,20091209,320,7,1050,Low,Regular Air,25,93.22,0.06,-15.37,3.74,0.94,-0.16487878137738682,7
7050,50309,20110315,20110322,238,7,959,Low,Regular Air,36,243.18,0.08,-314.22,6.98,9.69,-1.29212928694794,7
7349,52327,20111220,20111221,327,7,659,Medium,Regular Air,27,3853.47,0.1,21.5,152.48,6.5,0.005579386890257353,1
7350,52327,20111220,20111222,327,7,725,Medium,Regular Air,5,28.23,0.1,-14.69,4.98,4.7,-0.5203684024087849,2
7369,52516,20120105,20120105,321,7,735,High,Delivery Truck,50,4962.05,0.08,335.29,119.99,56.14,0.0675708628490241,0
7370,52516,20120105,20120108,321,7,804,High,Express Air,19,192.39,0.08,-31.67,10.23,4.68,-0.16461354540256773,3
7402,52800,20101010,20101011,317,7,613,Not Specified,Regular Air,13,26.08,0.1,-27.29,1.86,2.58,-1.0463957055214723,1
7508,53574,20120409,20120410,321,7,74,Medium,Regular Air,8,669.69,0.03,-297.02,80.98,35.0,-0.4435186429542026,1
7552,54023,20120722,20120723,318,7,183,Not Specified,Regular Air,45,405.6,0.07,-8.59,8.85,5.6,-0.021178500986193293,1
7709,55265,20090923,20090928,321,7,164,Low,Regular Air,39,706.3925,0.06,346.14,20.99,0.99,0.49001086506439406,5
7737,55398,20100120,20100122,315,7,44,Medium,Regular Air,24,154.99,0.07,-1085.52,4.48,49.0,-7.0038066972062705,2
7745,55458,20120316,20120318,330,7,489,High,Regular Air,32,115.78,0.07,-167.42,3.52,6.83,-1.446018310589048,2
7746,55458,20120316,20120318,330,7,932,High,Regular Air,13,210.22,0.0,-30.71,14.98,7.69,-0.14608505375321093,2
7801,55809,20110910,20110912,320,7,1051,Critical,Delivery Truck,2,250.7,0.03,-180.61,100.98,45.0,-0.7204228161148785,2
7969,56992,20100418,20100418,325,7,385,Not Specified,Regular Air,10,315.42,0.1,-41.26,30.98,17.08,-0.1308097140320842,0
8142,58210,20121206,20121207,327,7,338,Medium,Regular Air,38,144.03,0.03,-139.52,3.58,5.47,-0.9686870790807471,1
8148,58277,20090124,20090126,312,7,906,Medium,Regular Air,23,294.68,0.01,-23.35,11.7,6.96,-0.07923849599565631,2
8211,58720,20100307,20100307,323,7,843,Not Specified,Regular Air,43,2378.82,0.02,597.16,52.4,16.11,0.251032024280946,0
8212,58720,20100307,20100308,323,7,720,Not Specified,Express Air,6,202.62,0.02,13.87,30.98,8.74,0.06845326226433718,1
8230,58820,20100227,20100304,324,7,947,Low,Regular Air,24,307.49,0.01,61.51,12.2,6.02,0.200039025659371,5
178,1154,20120214,20120215,331,8,1023,Critical,Express Air,7,516.65,0.01,57.1,70.97,3.5,0.11051969418368335,1
207,1382,20100816,20100820,332,8,33,Low,Regular Air,5,89.335,0.06,-107.1,20.99,2.5,-1.1988582302568982,4
208,1382,20100816,20100823,332,8,983,Low,Regular Air,39,158.46,0.06,-130.66,3.98,5.26,-0.8245614035087718,7
209,1382,20100816,20100823,332,8,778,Low,Delivery Truck,31,7180.83,0.02,487.17,220.98,64.66,0.06784313233985487,7
211,1411,20091220,20091221,333,8,245,High,Delivery Truck,39,5748.2,0.09,-459.86,160.98,35.02,-0.08000069587001149,1
219,1444,20091205,20091207,305,8,911,Medium,Regular Air,2,21.44,0.02,-13.67,6.48,8.74,-0.6375932835820896,2
580,3942,20100627,20100628,334,8,56,Not Specified,Regular Air,22,1559.7755,0.03,-247.18,85.99,0.99,-0.15847152362631675,1
664,4647,20090513,20090514,335,8,325,Medium,Regular Air,7,1203.73,0.03,293.14,162.93,19.99,0.24352637219309978,1
665,4647,20090513,20090515,335,8,189,Medium,Regular Air,6,75.19,0.01,-6.61,11.58,5.72,-0.08791062641308685,2
707,4960,20110225,20110301,234,8,71,Low,Delivery Truck,30,8363.65,0.09,763.33,300.98,64.73,0.09126756858548601,4
1010,7367,20110605,20110612,336,8,865,Low,Regular Air,46,303.62,0.02,-59.98,6.48,2.74,-0.19754956853962188,7
1079,7938,20100313,20100314,335,8,800,Medium,Regular Air,34,334.66,0.05,132.56,9.93,1.09,0.3961035080380087,1
1142,8320,20090919,20090922,337,8,162,Not Specified,Regular Air,35,1142.36,0.02,72.78,30.73,4.0,0.06371021394306524,3
1203,8807,20100225,20100304,338,8,1052,Low,Regular Air,14,1379.3375,0.08,-78.54,125.99,4.2,-0.05694037898628871,7
1245,9062,20110320,20110323,339,8,547,High,Regular Air,19,1825.42,0.06,1193.19,99.23,8.99,0.6536523101532798,3
1308,9602,20121110,20121112,183,8,475,Critical,Delivery Truck,27,2654.16,0.01,600.93,90.97,28.0,0.22641061578804592,2
1310,9602,20121110,20121111,183,8,1053,Critical,Delivery Truck,15,1722.65,0.05,-399.67,114.98,51.42,-0.23200882361477956,1
1402,10209,20101129,20101129,340,8,91,Medium,Regular Air,14,461.55,0.09,-12.0,33.98,19.99,-0.025999350016249593,0
1425,10338,20110714,20110716,340,8,603,Not Specified,Delivery Truck,9,799.98,0.04,15.36,90.97,14.0,0.0192004800120003,2
1485,10688,20120512,20120513,341,8,148,Medium,Regular Air,14,618.84,0.05,-200.84,41.47,34.2,-0.32454269278004005,1
1553,11206,20091228,20100101,339,8,258,Low,Regular Air,6,177.67,0.03,39.63,28.53,1.49,0.22305397647323694,4
1601,11585,20090315,20090316,342,8,628,Medium,Regular Air,2,200.753,0.09,-605.37,125.99,8.99,-3.015496655093573,1
1796,12868,20110301,20110303,343,8,116,Critical,Regular Air,2,9.37,0.09,-5.26,4.48,1.22,-0.5613660618996799,2
1994,14215,20120713,20120714,337,8,812,Medium,Regular Air,44,2277.03,0.07,964.1,55.48,6.79,0.42340241454877625,1
2053,14662,20111116,20111117,337,8,1054,High,Regular Air,24,39.69,0.05,-1.78,1.68,1.0,-0.04484756865709247,1
2059,14727,20120719,20120722,344,8,763,Medium,Delivery Truck,50,8532.152,0.04,-513.79,212.6,52.2,-0.06021810206850511,3
2191,15781,20120903,20120904,345,8,593,High,Regular Air,29,824.51,0.01,0.9,27.48,4.0,0.0010915574098555507,1
2370,17157,20120919,20120923,111,8,1052,Low,Regular Air,31,3081.471,0.09,574.98,125.99,4.2,0.18659270199200317,4
2447,17795,20090401,20090403,346,8,876,Medium,Regular Air,1,17.62,0.06,-15.92,11.33,6.12,-0.9035187287173666,2
2832,20449,20100103,20100104,347,8,490,Medium,Regular Air,19,1216.5,0.1,162.18,67.28,19.99,0.13331689272503083,1
3054,21890,20110124,20110126,298,8,361,Not Specified,Regular Air,27,81.9,0.01,4.06,2.94,0.96,0.04957264957264956,2
3071,22020,20100517,20100518,348,8,28,Critical,Regular Air,37,498.28,0.01,10.18,13.48,4.51,0.020430280163763345,1
3087,22149,20110923,20110925,344,8,678,Low,Regular Air,47,191.13,0.07,38.11,4.26,1.2,0.19939308324177263,2
3216,23078,20110915,20110915,349,8,430,Medium,Regular Air,18,168.95,0.1,-15.9,9.78,5.76,-0.09411068363421131,0
3306,23619,20121221,20121222,347,8,222,Medium,Regular Air,7,1043.12,0.06,-52.5,150.98,13.99,-0.050329779891095945,1
3351,24003,20091031,20091102,350,8,264,Critical,Regular Air,49,87.44,0.06,1.33,1.76,0.7,0.015210430009149132,2
3352,24003,20091031,20091101,350,8,1055,Critical,Regular Air,50,1318.49,0.02,4.69,24.98,8.79,0.0035570994091726144,1
3564,25442,20120105,20120107,351,8,1056,High,Regular Air,32,1666.0,0.08,742.96,55.48,4.85,0.4459543817527011,2
3630,25927,20090422,20090424,111,8,869,Medium,Regular Air,43,945.9,0.08,105.7,22.01,5.53,0.11174542763505657,2
3664,26243,20110716,20110720,352,8,1057,Low,Regular Air,42,71.32,0.08,-4.9,1.82,1.0,-0.06870443073471678,4
3997,28515,20100630,20100701,82,8,954,High,Regular Air,33,750.86,0.0,302.12,21.38,2.99,0.40236528780331887,1
4180,29667,20090724,20090725,353,8,419,Not Specified,Regular Air,14,215.31,0.09,-51.75,15.28,10.91,-0.24035112163856764,1
4226,30023,20101015,20101024,354,8,789,Low,Regular Air,14,157.33,0.1,-76.34,11.35,8.6,-0.4852221445369605,9
4248,30215,20090226,20090227,355,8,810,Medium,Regular Air,20,125.84,0.1,18.42,6.88,2.0,0.14637635092180548,1
4468,31845,20121022,20121029,356,8,456,Low,Regular Air,11,114.55,0.05,28.61,10.06,2.06,0.24975993016150153,7
4638,32999,20090414,20090419,345,8,550,Low,Delivery Truck,14,1386.65,0.09,-193.58,100.98,35.84,-0.13960263945480114,5
5013,35777,20100908,20100910,357,8,1058,Critical,Regular Air,35,136.72,0.09,5.91,4.13,1.23,0.04322703335283792,2
5052,36005,20100917,20100921,358,8,932,Low,Express Air,1,29.65,0.05,-16.54,14.98,7.69,-0.557841483979764,4
5080,36196,20110806,20110807,359,8,322,Not Specified,Regular Air,6,62.03,0.09,17.31,9.77,6.02,0.2790585200709334,1
5084,36230,20090610,20090610,360,8,570,High,Regular Air,7,57.03,0.0,-31.38,7.28,3.52,-0.5502367175170962,0
5093,36294,20120820,20120822,361,8,170,Medium,Regular Air,46,611.16,0.04,100.22,12.95,4.98,0.1639832449767655,2
5158,36737,20100315,20100316,348,8,421,Not Specified,Regular Air,26,1462.1615,0.03,215.43,65.99,5.99,0.14733666561457132,1
5241,37287,20121101,20121106,362,8,958,Low,Regular Air,45,130.25,0.05,0.89,2.98,1.58,0.006833013435700576,5
5323,37831,20120726,20120728,363,8,404,Not Specified,Regular Air,30,453.87,0.08,76.59,15.98,4.0,0.1687487606583383,2
5400,38372,20100515,20100516,364,8,849,High,Regular Air,33,310.99,0.07,106.45,9.68,2.03,0.3422939644361555,1
5478,38912,20121028,20121104,365,8,539,Low,Regular Air,26,1514.9635,0.02,310.19,65.99,4.99,0.2047508075277061,7
5504,39040,20090521,20090522,353,8,846,Critical,Express Air,7,19.36,0.04,-1.0,1.98,0.7,-0.05165289256198347,1
5761,40896,20110902,20110903,366,8,677,Not Specified,Express Air,21,155.73,0.03,42.86,7.4,1.71,0.2752199319334746,1
5776,40994,20121009,20121011,367,8,498,High,Regular Air,42,793.04,0.1,323.08,20.98,1.49,0.4073943306768889,2
5864,41607,20091219,20091221,340,8,352,Medium,Regular Air,36,4115.74,0.1,1719.47,120.98,9.07,0.41777906281737914,2
5874,41666,20120303,20120304,368,8,382,Medium,Express Air,26,596.156,0.1,-97.92,28.99,8.59,-0.16425230979810657,1
5961,42306,20120914,20120916,369,8,1059,High,Regular Air,18,47.4,0.03,-63.03,2.28,5.2,-1.329746835443038,2
5994,42469,20121108,20121109,370,8,920,Not Specified,Regular Air,31,934.87,0.09,98.69,31.74,12.62,0.10556547969236364,1
6002,42528,20100223,20100225,371,8,937,Medium,Regular Air,46,161.28,0.01,56.73,3.49,0.76,0.35174851190476186,2
6049,42884,20100312,20100312,370,8,861,Not Specified,Delivery Truck,29,12098.87,0.04,-969.05,400.98,42.52,-0.0800942567363729,0
6116,43302,20110823,20110901,356,8,1060,Low,Regular Air,4,8.87,0.09,-5.14,1.95,1.63,-0.5794813979706878,9
6137,43460,20120611,20120612,353,8,401,Medium,Regular Air,2,25.09,0.07,-17.6,8.04,8.94,-0.7014746911119969,1
6206,43972,20100316,20100318,372,8,305,Low,Regular Air,12,714.391,0.0,-62.33,65.99,8.99,-0.08724913947684111,2
6211,44000,20121004,20121004,350,8,1061,Not Specified,Regular Air,15,502.8,0.0,-19.1,30.98,19.51,-0.03798727128082737,0
6488,46177,20101205,20101205,111,8,856,Low,Regular Air,33,468.46,0.01,-292.7,12.99,14.37,-0.6248132177773983,0
6773,48226,20090106,20090106,368,8,550,Low,Delivery Truck,23,2357.45,0.02,-108.8,100.98,35.84,-0.04615156206918493,0
6803,48455,20090602,20090603,298,8,1062,Critical,Regular Air,34,817.53,0.03,76.63,22.84,11.54,0.09373356329431336,1
6866,48929,20091022,20091023,373,8,1063,High,Regular Air,1,55.43,0.01,-48.91,35.44,19.99,-0.8823741656142883,1
6875,48994,20101022,20101024,359,8,758,Not Specified,Regular Air,6,1086.39,0.03,-311.23,167.27,35.0,-0.2864809138522998,2
7164,51111,20120209,20120211,374,8,238,Not Specified,Regular Air,1,61.098,0.02,-257.72,65.99,5.92,-4.218141346688927,2
7740,55425,20111101,20111102,375,8,658,Critical,Express Air,42,4373.8535,0.04,963.68,125.99,7.69,0.22032745266845355,1
7803,55815,20110113,20110114,363,8,1064,High,Express Air,28,2860.19,0.04,458.4,105.29,10.12,0.16026907303360965,1
7827,55940,20090429,20090430,310,8,495,Not Specified,Regular Air,29,2925.78,0.03,1041.29,100.98,7.18,0.3559016740834922,1
7858,56166,20100804,20100805,376,8,541,Critical,Delivery Truck,1,142.24,0.08,-62.19,100.89,42.0,-0.43721878515185597,1
8080,57638,20120422,20120424,359,8,57,Low,Regular Air,49,570.43,0.07,78.89,11.48,5.43,0.13829917781322862,2
8081,57638,20120422,20120424,359,8,583,Low,Regular Air,49,100.08,0.08,-85.58,2.08,2.56,-0.8551159072741806,2
8109,57890,20090226,20090228,377,8,812,Critical,Regular Air,15,803.04,0.08,282.32,55.48,6.79,0.3515640565849771,2
327,2244,20100108,20100110,378,6,161,Critical,Express Air,19,88.61,0.01,21.47,3.8,1.49,0.2422977090621826,2
455,3104,20100915,20100917,379,6,118,Medium,Regular Air,50,336.06,0.01,-240.78,6.48,8.88,-0.7164792001428316,2
456,3104,20100915,20100915,379,6,344,Medium,Express Air,24,380.38,0.06,7.29,15.94,5.45,0.019165045480834954,0
860,6179,20090602,20090603,378,6,430,Not Specified,Regular Air,50,477.53,0.09,197.76,9.78,1.39,0.41413104935815553,1
861,6179,20090602,20090604,378,6,104,Not Specified,Regular Air,15,2690.7515,0.0,234.61,200.99,8.08,0.08719125493379824,2
1624,11747,20100225,20100225,379,6,285,Medium,Regular Air,3,315.28,0.08,-261.55,99.99,19.99,-0.8295800558233952,0
1646,11877,20100523,20100524,379,6,247,Not Specified,Regular Air,19,796.14,0.03,320.07,41.94,2.99,0.40202728163388346,1
1647,11877,20100523,20100525,379,6,1065,Not Specified,Regular Air,31,142.96,0.09,33.59,4.73,1.52,0.23496082820369335,2
2139,15271,20100725,20100725,378,6,410,Critical,Regular Air,18,2389.3,0.01,589.38,128.24,12.65,0.24667475829740926,0
2140,15271,20100725,20100725,378,6,542,Critical,Regular Air,7,222.258,0.03,-77.9,35.99,1.25,-0.35049357053514385,0
3142,22561,20110120,20110122,379,6,594,Critical,Regular Air,7,128.62,0.07,-27.78,17.67,8.99,-0.21598507230601774,2
3143,22561,20110120,20110122,379,6,855,Critical,Regular Air,50,424.0,0.03,-19.77,8.67,3.5,-0.04662735849056604,2
3144,22561,20110120,20110122,379,6,191,Critical,Express Air,5,504.79,0.03,-245.09,99.99,19.99,-0.4855286356702787,2
3621,25860,20100102,20100104,378,6,739,Low,Express Air,9,740.2,0.05,239.94,83.98,5.01,0.32415563361253713,2
3622,25860,20100102,20100111,378,6,614,Low,Regular Air,23,1288.7785,0.07,-185.89,65.99,19.99,-0.14423735343195127,9
121,775,20110317,20110318,380,6,231,Critical,Regular Air,35,43.57,0.1,-19.17,1.26,0.7,-0.4399816387422539,1
122,775,20110317,20110319,380,6,678,Critical,Regular Air,8,31.87,0.1,-1.25,4.26,1.2,-0.03922183871979918,2
141,900,20090930,20091001,381,6,327,Not Specified,Regular Air,29,1193.65,0.07,507.58,40.98,2.99,0.42523352741590914,1
154,964,20110519,20110521,382,6,800,Medium,Regular Air,4,40.02,0.02,-1.28,9.93,1.09,-0.031984007996002,2
394,2722,20090408,20090412,349,6,1066,Low,Regular Air,46,1895.55,0.06,807.62,40.97,1.99,0.4260610376935454,4
454,3078,20100211,20100213,383,6,251,High,Delivery Truck,1,316.61,0.1,-187.29,291.73,48.8,-0.5915479612141119,2
496,3456,20100531,20100604,351,6,398,Low,Delivery Truck,20,5418.68,0.07,332.3,280.98,35.67,0.06132489831471871,4
518,3556,20120922,20120925,351,6,241,Not Specified,Regular Air,48,269.37,0.05,-103.55,5.74,5.01,-0.38441548799049635,3
542,3654,20120602,20120607,337,6,345,Low,Regular Air,39,7338.79,0.03,4031.62,204.1,13.99,0.5493575916465794,5
543,3654,20120602,20120602,337,6,369,Low,Delivery Truck,47,12569.31,0.1,3160.63,279.81,23.19,0.2514561260721551,0
546,3680,20121209,20121211,384,6,1067,Not Specified,Regular Air,27,177.95,0.09,-61.75,6.48,6.0,-0.34700758640067436,2
579,3942,20100627,20100628,334,6,487,Not Specified,Regular Air,11,225.14,0.08,-42.61,20.15,8.99,-0.18926001599005066,1
609,4162,20120209,20120213,385,6,220,Low,Regular Air,2,381.6,0.1,-319.02,193.17,19.99,-0.836006289308176,4
699,4896,20120821,20120821,386,6,753,Critical,Regular Air,25,831.52,0.07,259.47,35.41,1.99,0.3120430055801424,0
700,4896,20120821,20120823,386,6,1068,Critical,Express Air,10,1089.87,0.06,-124.51,125.99,5.99,-0.11424298310807712,2
708,4965,20101020,20101020,383,6,323,Low,Regular Air,14,1068.79,0.07,56.05,76.72,19.95,0.052442481684896,0
809,5830,20100324,20100325,387,6,195,Medium,Regular Air,49,2012.14,0.07,241.74,40.97,14.45,0.12014074567376028,1
852,6116,20090320,20090320,34,6,507,Medium,Regular Air,7,150.77,0.01,-72.23,19.98,4.0,-0.47907408635670223,0
926,6695,20120627,20120627,338,6,107,Low,Express Air,49,295.24,0.08,-279.93,5.81,8.49,-0.9481438829426907,0
952,6885,20120619,20120621,356,6,655,Low,Delivery Truck,4,481.27,0.02,-181.27,113.98,30.0,-0.3766492821077566,2
1021,7458,20120404,20120406,381,6,853,Critical,Regular Air,16,226.81,0.05,-5.37,14.45,7.17,-0.023676204752876857,2
1022,7458,20120404,20120405,381,6,218,Critical,Regular Air,46,511.07,0.01,-165.74,10.97,6.5,-0.3242999980433209,1
1202,8807,20100225,20100227,338,6,1062,Low,Regular Air,19,428.14,0.04,-6.04,22.84,11.54,-0.014107534918484608,2
1239,9024,20120602,20120602,388,6,694,Medium,Regular Air,44,2318.2135,0.07,583.75,65.99,2.79,0.2518102840829803,0
1309,9602,20121110,20121112,183,6,926,Critical,Regular Air,16,36.23,0.02,-24.87,2.12,1.99,-0.6864476952801547,2
1358,9894,20090318,20090320,339,6,146,High,Delivery Truck,16,5403.75,0.08,103.83,355.98,58.92,0.019214434420541292,2
1426,10338,20110714,20110716,340,6,1069,Not Specified,Delivery Truck,7,363.57,0.02,33.99,44.43,46.59,0.09348956184503672,2
1528,11011,20120513,20120514,358,6,427,High,Regular Air,36,305.62,0.1,-129.86,8.74,8.29,-0.4249067469406453,1
1564,11271,20111018,20111020,389,6,431,High,Regular Air,46,157.87,0.0,-115.8,3.28,3.97,-0.7335149173370494,2
1665,12005,20120624,20120626,364,6,237,Not Specified,Regular Air,4,1660.86,0.04,-164.59,415.88,11.37,-0.0990992618282095,2
1846,13284,20120812,20120813,343,6,461,High,Regular Air,22,9062.44,0.05,3858.28,420.98,19.99,0.42574406009860477,1
1847,13284,20120812,20120813,343,6,737,High,Regular Air,49,1662.57,0.1,674.99,37.7,2.99,0.40599192815941587,1
1871,13476,20101016,20101017,305,6,575,Not Specified,Regular Air,3,173.33,0.09,-121.39,52.99,19.99,-0.7003403911613685,1
1988,14182,20090622,20090627,344,6,163,Low,Regular Air,23,2433.55,0.05,355.93,125.99,8.08,0.1462595796264716,5
2015,14375,20100131,20100201,111,6,639,Medium,Regular Air,50,3872.38,0.1,1110.35,83.93,19.99,0.2867358058868189,1
2036,14528,20090615,20090617,337,6,986,Critical,Regular Air,14,78.44,0.09,11.02,5.98,1.49,0.1404895461499235,2
2052,14662,20111116,20111117,337,6,62,High,Regular Air,48,257.75,0.02,-66.26,4.98,4.75,-0.257070805043647,1
2054,14662,20111116,20111117,337,6,713,High,Regular Air,48,5139.882,0.01,1275.67,125.99,8.99,0.24819052266180433,1
2100,15009,20111221,20111222,390,6,826,Not Specified,Express Air,28,229.43,0.08,61.09,7.78,2.5,0.26626857865144055,1
2167,15619,20110628,20110702,391,6,340,Low,Express Air,36,123.13,0.05,20.57,3.29,1.35,0.16705920571753433,4
2212,15971,20090814,20090815,392,6,484,High,Regular Air,15,2172.515,0.06,32.75,175.99,8.99,0.015074694536056138,1
2217,16036,20120105,20120106,348,6,74,Medium,Regular Air,28,2160.27,0.09,-818.32,80.98,35.0,-0.37880450128919074,1
2284,16452,20120823,20120824,345,6,571,Medium,Regular Air,46,134.42,0.05,9.34,2.88,1.01,0.06948370778158013,1
2299,16548,20120205,20120207,345,6,18,Not Specified,Regular Air,40,3028.86,0.04,-2595.65,71.37,69.0,-0.8569725903475235,2
2400,17408,20090527,20090529,389,6,213,Not Specified,Express Air,26,149.7,0.05,-132.63,5.4,7.78,-0.8859719438877756,2
2403,17410,20100901,20100906,305,6,893,Low,Express Air,5,284.6735,0.04,-247.24,65.99,8.99,-0.8685037420061931,5
2606,18849,20120805,20120805,393,6,561,High,Regular Air,6,751.71,0.09,50.83,131.12,0.99,0.06761916164478322,0
2649,19174,20100716,20100718,358,6,224,Medium,Regular Air,35,5311.973,0.02,1142.08,179.99,13.99,0.21500109281428953,2
2650,19174,20100716,20100717,358,6,747,Medium,Regular Air,19,1061.905,0.06,152.75,65.99,2.5,0.14384525922752037,1
2651,19174,20100716,20100718,358,6,1070,Medium,Regular Air,48,1631.04,0.0,665.63,33.98,1.99,0.4081015793604081,2
2784,20098,20111208,20111210,342,6,364,Medium,Regular Air,11,183.32,0.04,-61.1,15.99,9.4,-0.3332969670521493,2
2874,20711,20090119,20090121,372,6,41,Critical,Regular Air,5,98.66,0.1,-19.52,18.97,9.03,-0.19785120616257856,2
2898,20932,20120729,20120731,336,6,1071,High,Regular Air,38,123.26,0.02,-4.73,3.26,1.86,-0.038374168424468606,2
2943,21319,20100429,20100430,342,6,27,Medium,Delivery Truck,5,2361.1,0.01,-1042.71,449.99,49.0,-0.4416204311549702,1
2947,21344,20121209,20121216,344,6,492,Low,Regular Air,48,2011.46,0.01,171.07,41.32,8.66,0.08504767681186799,7
2980,21538,20090727,20090729,394,6,361,Medium,Regular Air,31,87.32,0.08,-1.18,2.94,0.96,-0.013513513513513514,2
2990,21574,20100115,20100116,339,6,926,Critical,Regular Air,33,77.55,0.0,-37.2,2.12,1.99,-0.4796905222437138,1
3102,22242,20090615,20090617,305,6,390,Not Specified,Regular Air,50,329.91,0.04,-279.93,6.48,9.54,-0.8485041374920432,2
3215,23078,20110915,20110917,349,6,31,Medium,Regular Air,8,342.27,0.09,-17.68,40.99,19.99,-0.05165512607006165,2
3250,23271,20101103,20101104,256,6,1072,High,Delivery Truck,1,794.58,0.09,-1748.34,808.49,55.3,-2.2003322510005283,1
3280,23428,20121028,20121030,395,6,1073,High,Regular Air,41,980.95,0.02,234.68,22.84,8.18,0.23923747387736377,2
3307,23619,20121221,20121223,347,6,864,Medium,Regular Air,45,285.91,0.02,-104.99,6.24,5.22,-0.36721345878073514,2
3308,23619,20121221,20121224,347,6,238,Medium,Regular Air,48,2611.8035,0.06,644.81,65.99,5.92,0.24688304460883062,3
3364,24067,20120822,20120824,82,6,983,High,Express Air,30,128.25,0.07,-95.31,3.98,5.26,-0.7431578947368421,2
3524,25092,20101201,20101203,396,6,1074,High,Express Air,6,141.27,0.08,28.14,21.38,2.99,0.19919303461456783,2
3525,25092,20101201,20101203,396,6,261,High,Regular Air,9,16.02,0.09,-2.82,1.81,0.75,-0.17602996254681647,2
3546,25280,20110521,20110522,382,6,1041,Not Specified,Regular Air,47,202.64,0.03,28.75,4.13,1.17,0.1418772206869325,1
3565,25442,20120105,20120107,351,6,120,High,Regular Air,40,453.98,0.02,67.6,11.34,5.01,0.14890523811621656,2
3599,25666,20120902,20120903,183,6,405,Critical,Regular Air,36,5072.34,0.06,369.46,140.85,19.99,0.07283817725152493,1
3600,25669,20110116,20110116,256,6,99,Critical,Regular Air,12,45.63,0.02,15.42,3.69,0.5,0.33793556870479946,0
3669,26276,20100912,20100919,310,6,1075,Low,Express Air,21,3685.38,0.0,1040.62,170.98,13.99,0.2823643694815731,7
3766,26912,20120427,20120506,305,6,742,Low,Regular Air,21,1090.11,0.08,55.87,53.98,5.5,0.05125170854317455,9
3809,27137,20111231,20120102,385,6,828,High,Regular Air,2,60.5625,0.02,-165.54,35.99,1.1,-2.733374613003096,2
3836,27335,20101106,20101106,337,6,887,Low,Regular Air,23,67.47,0.03,-100.6,2.66,6.35,-1.4910330517266932,0
3846,27430,20110131,20110201,397,6,135,High,Regular Air,3,315.27,0.08,278.6,105.98,13.99,0.8836869984457768,1
3866,27559,20111030,20111031,398,6,923,High,Regular Air,38,465.9,0.05,79.34,12.28,4.86,0.17029405451813695,1
4195,29797,20100626,20100628,394,6,791,High,Regular Air,50,742.05,0.05,-337.98,14.89,13.56,-0.45546796038002835,2
4227,30023,20101015,20101017,354,6,749,Low,Delivery Truck,28,10253.75,0.1,3256.81,400.97,48.26,0.31762135803974156,2
4445,31682,20100309,20100318,335,6,323,Low,Regular Air,42,3186.77,0.09,455.42,76.72,19.95,0.14290959184377913,9
4467,31845,20121022,20121022,356,6,822,Low,Delivery Truck,36,3645.12,0.04,807.29,100.98,15.66,0.22147144675621103,0
4553,32389,20101031,20101102,399,6,435,Medium,Regular Air,23,934.07,0.07,-7.5,39.99,10.25,-0.00802937681330093,2
4556,32420,20090729,20090731,359,6,239,Medium,Regular Air,35,175.08,0.07,-168.72,5.02,5.14,-0.9636737491432488,2
4732,33699,20090726,20090802,346,6,1043,Low,Regular Air,18,290.07,0.07,-114.2,16.74,7.04,-0.39369807287896025,7
4734,33699,20090726,20090731,346,6,795,Low,Regular Air,31,196.81,0.06,70.39,6.45,1.34,0.35765459072201616,5
4754,33797,20090111,20090111,400,6,589,Not Specified,Delivery Truck,20,4531.34,0.08,653.68,297.64,14.7,0.14425754853972553,0
4755,33797,20090111,20090112,400,6,856,Not Specified,Regular Air,44,574.5,0.02,-449.04,12.99,14.37,-0.7816187989556136,1
4756,33797,20090111,20090112,400,6,793,Not Specified,Regular Air,18,262.94,0.06,-22.37,14.42,6.75,-0.0850764432950483,1
4782,33958,20110202,20110204,401,6,181,Critical,Regular Air,27,462.366,0.1,-120.05,20.99,3.3,-0.2596427938040427,2
4783,33958,20110202,20110204,401,6,1076,Critical,Regular Air,14,336.48,0.09,5.56,25.99,5.37,0.016524013314312885,2
5119,36454,20110218,20110221,397,6,1077,Critical,Regular Air,8,69.57,0.05,-36.06,7.98,6.5,-0.5183268650280294,3
5134,36609,20090514,20090516,362,6,921,Not Specified,Regular Air,8,45.73,0.0,-23.29,4.98,5.49,-0.5092936802973977,2
5170,36800,20100910,20100911,340,6,226,High,Express Air,4,58.44,0.05,-7.04,10.89,4.5,-0.12046543463381246,1
5239,37287,20121101,20121105,362,6,6,Low,Regular Air,18,122.41,0.09,2.37,6.64,4.95,0.019361163303651664,4
5262,37443,20100415,20100415,394,6,324,Not Specified,Regular Air,50,2869.44,0.08,840.55,59.98,3.99,0.29293172186907546,0
5311,37792,20111229,20111231,352,6,1045,High,Regular Air,49,183.08,0.01,82.49,3.69,0.5,0.4505680576797028,2
5321,37829,20100929,20101001,352,6,427,Not Specified,Regular Air,28,257.9,0.0,-84.69,8.74,8.29,-0.3283830942225669,2
5361,38087,20090221,20090221,256,6,446,Critical,Regular Air,18,901.81,0.02,-76.89,49.99,19.99,-0.08526186225479869,0
5393,38341,20090518,20090518,402,6,652,Medium,Regular Air,38,623.1265,0.09,122.29,20.99,0.99,0.1962522858520702,0
5436,38599,20091026,20091027,342,6,925,High,Regular Air,27,2651.23,0.09,-741.81,101.41,35.0,-0.27979843318007114,1
5451,38721,20090324,20090326,346,6,6,Critical,Regular Air,17,107.56,0.1,-25.0,6.64,54.95,-0.23242841204908887,2
5452,38721,20090324,20090325,346,6,881,Critical,Regular Air,15,1386.69,0.05,363.0,90.48,19.99,0.26177444129545896,1
5494,38976,20101225,20101226,375,6,27,Critical,Delivery Truck,16,6813.93,0.09,358.19,449.99,49.0,0.052567314310537384,1
5549,39300,20120422,20120424,403,6,284,High,Regular Air,9,44.51,0.01,-43.48,4.06,6.89,-0.9768591327791507,2
5564,39393,20101117,20101119,346,6,510,Not Specified,Regular Air,23,218.29,0.09,-32.43,9.49,5.76,-0.1485638370974392,2
5624,39842,20101219,20101219,372,6,492,Medium,Express Air,38,1554.21,0.08,114.45,41.32,8.66,0.07363869747331442,0
5888,41766,20120911,20120912,382,6,123,Critical,Regular Air,7,273.42,0.0,10.06,34.54,14.72,0.036793211908419284,1
5960,42306,20120914,20120916,369,6,530,High,Regular Air,19,773.83,0.06,146.79,40.98,5.33,0.18969282658981945,2
5999,42528,20100223,20100225,371,6,1063,Medium,Regular Air,37,1356.45,0.02,47.65,35.44,19.99,0.0351284603192156,2
6000,42528,20100223,20100224,371,6,1046,Medium,Regular Air,13,250.75,0.02,-43.52,17.7,9.47,-0.17355932203389832,1
6001,42528,20100223,20100224,371,6,137,Medium,Express Air,31,313.05,0.02,81.87,9.78,1.99,0.2615237182558697,1
6115,43302,20110823,20110830,356,6,963,Low,Regular Air,39,6888.6635,0.03,1925.58,205.99,5.0,0.27952882297124837,7
6180,43813,20090721,20090723,335,6,260,Not Specified,Regular Air,23,384.21,0.04,-266.22,15.51,17.78,-0.6929023190442728,2
6256,44292,20110614,20110615,82,6,268,Not Specified,Express Air,1,10.48,0.0,-3.78,5.18,2.04,-0.3606870229007633,1
6298,44583,20091004,20091009,393,6,987,Low,Regular Air,6,17.59,0.1,-19.74,2.22,5.0,-1.122228538942581,5
6391,45381,20110821,20110823,404,6,110,Medium,Regular Air,1,11.81,0.01,-7.95,5.89,5.57,-0.6731583403895004,2
6543,46531,20110821,20110828,342,6,995,Low,Regular Air,39,4211.0,0.07,-270.57,111.96,69.0,-0.06425314652101638,7
6626,47136,20110124,20110126,405,6,745,Medium,Regular Air,18,89.99,0.0,18.96,4.82,1.49,0.21069007667518616,2
6711,47813,20090827,20090829,357,6,674,High,Regular Air,50,343.0,0.0,-76.94,6.68,5.66,-0.22431486880466472,2
6778,48263,20100309,20100310,371,6,437,Medium,Regular Air,28,164.22,0.1,-124.72,5.98,7.5,-0.7594690049933017,1
6805,48455,20090602,20090603,298,6,341,Critical,Regular Air,17,182.47,0.05,-3.18,10.98,3.37,-0.01742752233243821,1
6840,48706,20121030,20121106,390,6,517,Low,Regular Air,18,132.78,0.09,-130.96,7.28,11.15,-0.9862931164331978,7
6865,48929,20091022,20091025,373,6,656,High,Regular Air,45,2096.7,0.03,939.67,47.9,5.86,0.44816616587971575,3
6873,48963,20101019,20101021,345,6,772,Not Specified,Regular Air,12,81.87,0.07,-31.14,6.48,5.94,-0.3803591058995969,2
6909,49312,20110221,20110222,393,6,1078,Critical,Regular Air,30,164.41,0.0,-128.52,4.98,7.54,-0.7817042758956269,1
6931,49472,20100716,20100721,406,6,137,Low,Regular Air,15,144.14,0.05,12.09,9.78,1.99,0.08387678645761067,5
6932,49472,20100716,20100720,406,6,340,Low,Regular Air,9,30.65,0.03,0.08,3.29,1.35,0.0026101141924959217,4
6981,49891,20090912,20090914,407,6,986,Not Specified,Regular Air,40,259.83,0.0,80.73,5.98,1.49,0.310703152060963,2
6995,49984,20090511,20090515,373,6,161,Low,Regular Air,14,57.28,0.02,7.31,3.8,1.49,0.12761871508379888,4
6996,49984,20090511,20090511,373,6,836,Low,Regular Air,32,227.87,0.02,-130.61,6.48,8.4,-0.5731776890332207,0
7074,50471,20120103,20120105,405,6,109,Low,Delivery Truck,25,5859.25,0.02,1358.53,226.67,28.16,0.23186073302897128,2
7176,51203,20111221,20111222,352,6,1079,High,Delivery Truck,49,26622.55,0.08,3146.22,550.98,45.7,0.11817876198936615,1
7179,51233,20091209,20091209,352,6,378,Low,Regular Air,3,26.5,0.05,20.12,7.59,4.0,0.759245283018868,0
7322,52195,20111026,20111027,385,6,853,Not Specified,Regular Air,19,267.0,0.09,-2.83,14.45,7.17,-0.010599250936329588,1
7445,53123,20090831,20090902,408,6,508,Not Specified,Regular Air,25,265.75,0.06,14.0,10.98,5.14,0.05268109125117592,2
7622,54533,20111218,20111219,409,6,311,Medium,Regular Air,21,162.25,0.03,-42.72,7.1,6.05,-0.26329738058551616,1
7691,55139,20100117,20100118,410,6,1080,Not Specified,Regular Air,26,85.71,0.08,9.32,3.28,0.98,0.10873877027184693,1
7734,55392,20090606,20090608,359,6,26,Critical,Regular Air,39,104.97,0.07,3.21,2.84,0.93,0.030580165761646183,2
7768,55616,20110508,20110509,411,6,30,High,Regular Air,29,184.74,0.0,-102.25,5.98,4.38,-0.5534805672837501,1
7822,55909,20090519,20090523,412,6,470,Low,Regular Air,3,526.76,0.07,-93.83,172.99,19.99,-0.17812666109803327,4
7826,55938,20120702,20120703,401,6,1029,Not Specified,Express Air,18,1769.9,0.05,-468.89,95.99,35.0,-0.26492457200971803,1
7857,56166,20100804,20100806,376,6,793,Critical,Regular Air,45,615.68,0.08,-54.34,14.42,6.75,-0.08826013513513514,2
7902,56515,20110527,20110528,373,6,337,Medium,Express Air,18,126.62,0.08,60.79,6.3,0.5,0.4800979308166166,1
7945,56768,20110727,20110729,354,6,25,Critical,Regular Air,37,111.39,0.02,20.06,2.88,0.7,0.18008797917227756,2
7961,56900,20111126,20111128,413,6,1027,Not Specified,Regular Air,16,54.32,0.09,16.11,3.41,0.7,0.2965758468335788,2
7974,57056,20121108,20121115,413,6,818,Low,Delivery Truck,29,2185.61,0.01,-2897.25,70.89,89.3,-1.325602463385508,7
8170,58372,20110402,20110407,294,6,1081,Low,Regular Air,48,184.1,0.04,43.2,3.98,0.7,0.23465507876154265,5
8297,59270,20100111,20100113,405,6,666,High,Delivery Truck,48,25312.0,0.01,8788.81,517.48,16.63,0.347219105562579,2
8298,59270,20100111,20100112,405,6,690,High,Regular Air,14,2138.63,0.01,453.03,142.86,19.99,0.21183187367613843,1
8343,59619,20100213,20100215,369,6,1034,Not Specified,Regular Air,12,76.04,0.04,-47.55,5.98,7.15,-0.6253287743293002,2
8367,59781,20121212,20121213,414,6,741,Not Specified,Delivery Truck,24,4408.27,0.04,329.28,180.98,30.0,0.07469596916704284,1
23,132,20100610,20100613,415,6,631,Medium,Delivery Truck,30,4011.65,0.05,-603.8,130.98,54.74,-0.15051163486346017,3
42,258,20101228,20101230,416,6,911,Critical,Regular Air,21,154.35,0.0,-91.14,6.48,8.74,-0.5904761904761905,2
43,258,20101228,20101229,416,6,112,Critical,Delivery Truck,7,201.36,0.0,-284.4,20.98,53.03,-1.4123957091775923,1
57,325,20101016,20101020,341,6,1082,Low,Regular Air,9,884.1275,0.06,-178.71,115.99,4.23,-0.2021314799053304,4
217,1444,20091205,20091207,305,6,287,Medium,Express Air,32,21717.36,0.06,8249.86,699.99,24.49,0.3798739809995322,2
302,2084,20100316,20100318,291,6,130,High,Regular Air,16,692.73,0.01,94.97,40.99,17.48,0.1370952607798132,2
480,3332,20091104,20091106,365,6,1071,Critical,Regular Air,6,22.19,0.01,-3.51,3.26,1.86,-0.15817936007210454,2
494,3397,20090622,20090624,371,6,507,Medium,Regular Air,43,815.89,0.1,-20.25,19.98,4.0,-0.024819522239517583,2
519,3556,20120922,20120922,351,6,410,Not Specified,Regular Air,41,4933.99,0.1,1161.89,128.24,12.65,0.23548689802776254,0
529,3589,20090525,20090527,417,6,927,High,Regular Air,23,72.93,0.01,28.55,3.15,0.49,0.391471273824215,2
573,3905,20101220,20101221,343,6,1031,Not Specified,Delivery Truck,42,2537.88,0.03,-377.25,60.89,32.41,-0.1486476901981181,1
590,4033,20100601,20100608,418,6,1083,Low,Delivery Truck,38,19269.05,0.0,4127.79,500.98,41.44,0.21421865634268425,7
662,4647,20090513,20090514,335,6,160,Medium,Regular Air,33,1590.163,0.01,-57.54,55.99,5.0,-0.03618496971694097,1
686,4773,20111222,20111223,416,6,189,Critical,Regular Air,26,311.38,0.06,34.12,11.58,5.72,0.10957672297514291,1
724,5189,20101125,20101127,384,6,1084,Low,Regular Air,8,24.72,0.06,-21.47,2.74,3.5,-0.8685275080906149,2
772,5510,20100107,20100110,417,6,849,Medium,Regular Air,12,116.38,0.08,29.68,9.68,2.03,0.25502663687918886,3
886,6369,20091219,20091221,417,6,1079,High,Delivery Truck,30,14922.16,0.1,545.7,550.98,45.7,0.03656977274067562,2
887,6373,20120123,20120124,417,6,1085,Not Specified,Regular Air,1,62.77,0.01,-36.84,60.97,4.5,-0.5869045722478892,1
900,6465,20110812,20110819,395,6,810,Low,Express Air,36,240.14,0.06,57.78,6.88,2.0,0.2406096443741151,7
953,6885,20120619,20120619,356,6,450,Low,Regular Air,40,879.54,0.09,166.93,23.99,6.3,0.18979239147736318,0
1004,7297,20090914,20090915,419,6,861,High,Delivery Truck,4,1620.94,0.1,-969.05,400.98,76.37,-0.5978321221019901,1
1009,7367,20110605,20110610,336,6,444,Low,Express Air,48,269.93,0.05,119.64,5.43,0.95,0.4432260215611455,5
1051,7751,20121223,20121224,256,6,966,Not Specified,Delivery Truck,45,4547.9,0.01,-768.14,95.98,58.2,-0.16889993183667187,1
1159,8422,20090414,20090415,420,6,301,Medium,Delivery Truck,18,4212.752,0.06,-715.78,296.18,54.12,-0.16990793666467902,1
1244,9062,20110320,20110321,339,6,263,High,Regular Air,32,119.2,0.06,30.61,3.93,0.99,0.2567953020134228,1
1403,10209,20101129,20101201,340,6,682,Medium,Regular Air,48,418.82,0.02,-60.21,8.6,6.19,-0.14376104293013706,2
1412,10245,20110213,20110215,353,6,518,Medium,Regular Air,23,127.17,0.1,-108.13,5.53,6.98,-0.8502791538884956,2
1525,11008,20090224,20090226,380,6,9,Critical,Regular Air,17,2545.89,0.01,-321.51,138.14,35.0,-0.12628589609134724,2
1600,11585,20090315,20090316,342,6,661,Medium,Regular Air,17,281.84,0.1,-99.55,17.98,4.0,-0.3532145898382061,1
1870,13472,20111026,20111027,332,6,85,Critical,Regular Air,26,106.03,0.09,42.89,4.13,0.5,0.4045081580684712,1
1973,14114,20090406,20090406,399,6,1086,Critical,Regular Air,29,65.16,0.03,-7.04,2.18,1.38,-0.10804174340085942,0
2060,14727,20120719,20120720,344,6,1023,Medium,Regular Air,33,2269.41,0.05,630.18,70.97,3.5,0.2776845083083268,1
2153,15399,20120513,20120514,421,6,539,Critical,Express Air,46,2514.5125,0.04,601.65,65.99,4.99,0.2392710316612067,1
2168,15619,20110628,20110705,391,6,580,Low,Delivery Truck,9,1425.21,0.1,-65.02,160.98,30.0,-0.045621347029560555,7
2248,16194,20101007,20101009,421,6,1087,Not Specified,Regular Air,24,2435.5135,0.08,315.49,125.99,4.2,0.12953736450239345,2
2255,16229,20090329,20090331,347,6,293,High,Regular Air,19,568.7435,0.05,143.79,35.99,3.3,0.25282047179440287,2
2260,16231,20120904,20120909,347,6,308,Low,Delivery Truck,20,2506.38,0.07,-500.46,124.49,51.94,-0.1996744308524645,5
2312,16674,20110429,20110506,406,6,667,Low,Regular Air,49,1959.43,0.09,467.72,42.98,4.62,0.23870207152079942,7
2313,16674,20110429,20110508,406,6,146,Low,Delivery Truck,39,14072.64,0.02,2177.54,355.98,58.92,0.15473571412329173,9
2320,16710,20110424,20110426,371,6,128,High,Delivery Truck,47,5549.79,0.09,1300.8,145.45,17.85,0.23438724708502484,2
2401,17408,20090527,20090529,389,6,591,Not Specified,Regular Air,41,728.127,0.02,49.79,20.99,4.81,0.06838092805238646,2
2437,17698,20120513,20120515,408,6,305,High,Regular Air,22,1118.2515,0.1,-59.59,65.99,8.99,-0.05328854913228375,2
2438,17698,20120513,20120514,408,6,419,High,Regular Air,40,609.4,0.04,-89.23,15.28,10.91,-0.1464227108631441,1
2570,18534,20111230,20111230,366,6,207,Low,Express Air,36,282.58,0.1,21.68,8.33,1.99,0.07672163635076792,0
2622,18951,20110629,20110630,353,6,49,Critical,Regular Air,16,61.5,0.09,-16.27,3.98,2.97,-0.26455284552845526,1
2623,18951,20110629,20110701,353,6,643,Critical,Express Air,10,324.3175,0.03,-169.74,35.99,5.0,-0.5233760127036007,2
2648,19174,20100716,20100718,358,6,683,Medium,Regular Air,49,214.62,0.05,-151.42,4.24,5.41,-0.7055260460348522,2
2785,20098,20111208,20111208,342,6,200,Medium,Regular Air,8,194.11,0.03,87.66,22.72,8.99,0.4515996084694245,0
2942,21319,20100429,20100502,342,6,932,Medium,Regular Air,11,167.53,0.03,-40.94,14.98,7.69,-0.24437414194472631,3
2944,21319,20100429,20100430,342,6,1001,Medium,Delivery Truck,42,1060.34,0.04,-174.94,23.99,15.68,-0.16498481619103308,1
3081,22115,20100615,20100615,339,6,128,Low,Delivery Truck,5,751.94,0.02,-283.94,145.45,17.85,-0.37760991568476204,0
3088,22149,20110923,20110928,344,6,571,Low,Regular Air,17,48.24,0.09,-1.62,2.88,1.01,-0.033582089552238806,5
3108,22338,20100514,20100515,418,6,1088,Medium,Regular Air,36,200.08,0.05,-62.97,5.28,5.06,-0.3147241103558576,1
3151,22627,20100403,20100408,422,6,309,Low,Regular Air,33,1934.6,0.09,614.03,63.94,14.48,0.3173937764912643,5
3175,22820,20100817,20100820,341,6,623,High,Regular Air,18,144.84,0.0,21.49,7.89,2.82,0.14837061585197459,3
3187,22880,20100530,20100602,413,6,732,Medium,Regular Air,13,24.96,0.01,-20.68,1.7,1.99,-0.828525641025641,3
3217,23078,20110915,20110917,349,6,949,Medium,Regular Air,39,577.95,0.07,-86.43,15.73,7.42,-0.14954580846093954,2
3246,23268,20120116,20120118,423,6,728,High,Regular Air,5,255.31,0.02,41.41,48.04,5.79,0.16219497865340174,2
3354,24003,20091031,20091102,350,6,702,Critical,Express Air,4,129.7865,0.05,-116.51,35.99,5.99,-0.897705077184453,2
3379,24102,20101130,20101201,358,6,833,Critical,Regular Air,50,1844.26,0.03,47.58,37.76,12.9,0.025798965438712546,1
3423,24422,20111229,20111231,341,6,103,Critical,Delivery Truck,20,3467.28,0.06,-433.29,179.29,29.21,-0.12496539073856164,2
3459,24644,20090728,20090729,391,6,302,Critical,Delivery Truck,46,5897.47,0.0,-1764.29,122.99,70.2,-0.2991604874632681,1
3693,26401,20101013,20101015,399,6,461,Medium,Regular Air,1,415.0,0.07,-199.31,420.98,19.99,-0.4802650602409639,2
3918,27938,20090505,20090505,305,6,1089,Medium,Regular Air,40,1233.51,0.05,308.67,30.98,9.18,0.2502371281951504,0
3996,28515,20100630,20100702,82,6,1090,High,Regular Air,48,379.78,0.1,-71.59,8.32,2.38,-0.1885038706619622,2
4114,29280,20120328,20120329,422,6,1091,Medium,Regular Air,30,856.34,0.06,248.91,28.38,1.99,0.29066725833197093,1
4127,29346,20090816,20090820,310,6,189,Low,Regular Air,2,29.06,0.1,-16.15,11.58,6.97,-0.5557467309015829,4
4129,29349,20100610,20100612,344,6,892,High,Regular Air,46,2526.54,0.04,772.11,65.99,2.5,0.30559975302191933,2
4153,29473,20120215,20120217,396,6,52,Medium,Regular Air,31,206.2865,0.05,-111.98,7.99,5.03,-0.5428372675865847,2
4205,29893,20120616,20120617,367,6,276,Medium,Delivery Truck,24,5452.9,0.07,426.67,225.02,28.66,0.0782464376753654,1
4228,30023,20101015,20101015,354,6,312,Low,Regular Air,36,840.24,0.0,19.73,21.38,8.99,0.023481386270589356,0
4247,30215,20090226,20090228,355,6,521,Medium,Regular Air,23,3637.728,0.06,349.47,195.99,8.99,0.09606820520940544,2
4311,30720,20120927,20121002,422,6,1092,Low,Express Air,27,2398.9,0.09,656.95,95.46,18.13,0.2738546833965568,5
4333,30884,20100926,20101001,335,6,838,Low,Delivery Truck,6,763.448,0.05,-352.96,146.05,80.2,-0.46232356362188387,5
4398,31303,20110320,20110322,357,6,986,Low,Express Air,50,306.13,0.09,87.6,5.98,1.49,0.2861529415607748,2
4402,31392,20100506,20100513,351,6,434,Low,Regular Air,21,128.86,0.1,-42.81,6.48,5.16,-0.33222101505509855,7
4449,31715,20090109,20090111,401,6,948,Not Specified,Regular Air,24,64.11,0.09,-4.09,2.78,0.97,-0.06379659959444704,2
4557,32420,20090729,20090731,359,6,544,Medium,Delivery Truck,19,5369.46,0.07,-439.62,280.98,57.0,-0.08187415494295516,2
4630,32965,20110224,20110225,367,6,49,High,Regular Air,2,11.15,0.04,-5.54,3.98,2.97,-0.4968609865470852,1
4674,33253,20111130,20111202,388,6,293,Not Specified,Regular Air,17,524.212,0.04,127.85,35.99,3.3,0.24388987661480468,2
4784,33959,20090731,20090801,365,6,897,Critical,Delivery Truck,23,367.53,0.03,11.65,15.23,27.75,0.03169809267270699,1
4959,35271,20100726,20100727,364,6,893,High,Regular Air,19,1083.4015,0.02,64.53,65.99,8.99,0.059562405996299625,1
5108,36390,20121012,20121014,12,6,713,High,Regular Air,3,329.63,0.05,-541.33,125.99,8.99,-1.6422352334435582,2
5265,37447,20090708,20090712,305,6,107,Low,Regular Air,23,139.45,0.02,-137.49,5.81,8.49,-0.9859447830763716,4
5394,38341,20090518,20090519,402,6,286,Medium,Express Air,15,62.62,0.1,-67.06,3.36,6.27,-1.0709038645800064,1
5395,38341,20090518,20090520,402,6,923,Medium,Regular Air,5,64.25,0.07,-7.94,12.28,4.86,-0.12357976653696498,2
5453,38723,20120920,20120922,423,6,391,Critical,Regular Air,39,2617.13,0.0,368.87,64.98,6.88,0.14094446970536426,2
5467,38851,20120610,20120611,362,6,1093,Critical,Regular Air,1,8.49,0.06,-5.74,3.74,4.69,-0.6760895170789164,1
5470,38882,20091214,20091214,183,6,1056,Critical,Regular Air,40,2169.49,0.06,1043.43,55.48,4.85,0.48095635379743634,0
5540,39266,20120827,20120828,350,6,889,High,Regular Air,4,64.09,0.02,3.72,15.57,1.39,0.05804337650179435,1
5614,39780,20090607,20090609,342,6,506,Low,Regular Air,48,2208.31,0.04,569.08,45.98,4.8,0.25769932663439465,2
5625,39842,20101219,20101220,372,6,440,Medium,Express Air,22,1295.502,0.01,224.86,65.99,3.99,0.1735697822156971,1
5652,40005,20100725,20100728,394,6,506,High,Regular Air,20,873.82,0.1,244.45,45.98,4.8,0.2797486896614863,3
5733,40704,20090107,20090112,424,6,264,Low,Regular Air,6,11.57,0.01,-2.06,1.76,0.7,-0.1780466724286949,5
5833,41383,20100512,20100519,358,6,247,Low,Regular Air,36,1449.45,0.04,620.07,41.94,2.99,0.4277967504915658,7
5840,41415,20091110,20091115,419,6,249,Low,Regular Air,10,80.92,0.09,-20.16,7.64,5.83,-0.2491349480968858,5
5898,41825,20090822,20090822,12,6,721,Critical,Delivery Truck,50,7817.45,0.03,-1303.6,150.89,60.2,-0.1667551439407991,0
5899,41826,20101016,20101018,342,6,322,Medium,Express Air,4,63.93,0.03,40.63,9.77,6.02,0.6355388706397623,2
5946,42213,20110321,20110323,256,6,282,Critical,Regular Air,46,110.96,0.08,35.92,2.61,0.5,0.3237202595529921,2
5995,42469,20121108,20121109,370,6,352,Not Specified,Regular Air,18,2130.82,0.05,818.92,120.98,9.07,0.38432152880111875,1
6117,43302,20110823,20110901,356,6,164,Low,Regular Air,43,720.613,0.07,329.68,20.99,0.99,0.4574993790009339,9
6156,43588,20120901,20120904,377,6,871,Medium,Delivery Truck,16,3075.752,0.04,-572.69,236.97,59.24,-0.18619511586109674,3
6208,44000,20121004,20121004,350,6,777,Not Specified,Regular Air,18,85.03,0.05,-75.31,4.28,6.72,-0.8856874044454899,0
6389,45381,20110821,20110822,404,6,241,Medium,Express Air,26,164.1,0.03,-41.22,5.74,5.01,-0.25118829981718466,1
6390,45381,20110821,20110823,404,6,742,Medium,Express Air,23,1316.87,0.02,204.7,53.98,5.5,0.15544434910051866,2
6431,45728,20100621,20100622,334,6,1094,High,Regular Air,11,38.24,0.02,-37.55,2.88,5.33,-0.9819560669456066,1
6456,45984,20120127,20120129,310,6,361,Medium,Regular Air,27,80.33,0.01,2.49,2.94,0.96,0.030997136810656047,2
6459,45988,20090901,20090902,425,6,433,Critical,Express Air,43,3832.24,0.09,-1570.32,90.98,56.2,-0.409765567918502,1
6489,46177,20101205,20101207,111,6,147,Low,Delivery Truck,48,9708.64,0.1,-528.65,218.75,69.64,-0.054451498871108624,2
6620,47106,20111025,20111027,420,6,556,Medium,Regular Air,40,6618.457,0.1,1489.96,205.99,5.99,0.2251219581845134,2
6630,47169,20100303,20100304,426,6,267,Medium,Regular Air,15,803.267,0.06,-19.97,65.99,5.26,-0.02486097399743796,1
6751,48071,20110303,20110312,403,6,774,Low,Express Air,1,22.74,0.03,-13.59,12.64,4.98,-0.5976253298153035,9
6910,49312,20110221,20110223,393,6,348,Critical,Express Air,19,1882.18,0.09,336.26,107.53,5.81,0.1786545388857601,2
6930,49472,20100716,20100721,406,6,406,Low,Regular Air,23,103.2,0.02,17.89,4.28,0.94,0.17335271317829457,5
6980,49891,20090912,20090912,407,6,999,Not Specified,Regular Air,19,88.4,0.08,35.5,4.91,0.5,0.4015837104072398,0
7041,50276,20110214,20110215,413,6,769,Not Specified,Regular Air,34,390.35,0.05,71.03,11.55,2.36,0.1819649032919175,1
7162,51107,20120925,20120926,427,6,1074,Not Specified,Regular Air,36,772.67,0.0,286.87,21.38,2.99,0.3712710471482004,1
7260,51783,20111111,20111113,294,6,103,Medium,Delivery Truck,10,1875.18,0.01,-433.29,179.29,29.21,-0.23106581768150258,2
7295,52006,20090624,20090626,335,6,734,Medium,Regular Air,42,375.76,0.0,-241.63,8.37,10.16,-0.6430434319778582,2
7429,52934,20110727,20110728,373,6,999,Critical,Regular Air,20,92.15,0.08,36.98,4.91,0.5,0.40130222463374926,1
7555,54053,20120214,20120215,371,6,160,High,Express Air,18,821.7885,0.06,-230.34,55.99,5.0,-0.2802910967968036,1
7708,55239,20121203,20121204,411,6,896,Critical,Express Air,13,95.68,0.07,-15.27,6.48,5.14,-0.15959448160535117,1
7739,55425,20111101,20111102,375,6,716,Critical,Regular Air,7,73.86,0.08,-52.49,9.71,9.45,-0.7106688329271595,1
7901,56515,20110527,20110529,373,6,127,Medium,Delivery Truck,17,979.52,0.1,-362.04,58.14,36.61,-0.369609604704345,2
8079,57638,20120422,20120427,359,6,905,Low,Delivery Truck,35,5740.624,0.09,-526.48,217.85,29.1,-0.09171128434818236,5
8195,58599,20100114,20100115,428,6,655,Critical,Delivery Truck,49,5332.42,0.06,-219.2,113.98,30.0,-0.041107039580528165,1
8265,59075,20120226,20120305,281,6,568,Low,Regular Air,4,21.84,0.02,-25.31,4.77,2.39,-1.1588827838827838,8
8300,59270,20100111,20100113,405,6,48,High,Regular Air,47,1597.02,0.01,749.03,31.78,1.99,0.46901729471139997,2
58,326,20110603,20110604,429,9,328,High,Regular Air,34,218.27,0.03,-44.14,5.99,4.92,-0.20222660008246665,1
59,326,20110603,20110604,429,9,622,High,Regular Air,17,100.95,0.05,-21.3,5.81,3.37,-0.21099554234769688,1
99,614,20121130,20121202,275,9,551,High,Regular Air,41,628.22,0.0,163.81,14.34,5.0,0.26075260259144883,2
100,614,20121130,20121201,275,9,1095,High,Delivery Truck,24,3366.1,0.07,-335.32,138.75,52.42,-0.09961676717863403,1
139,898,20100602,20100604,430,9,404,High,Regular Air,40,676.13,0.03,45.39,15.98,6.5,0.0671320604025853,2
140,898,20100602,20100602,430,9,301,High,Delivery Truck,26,7668.55,0.04,-715.78,296.18,54.12,-0.09333967960044597,0
166,1031,20090831,20090902,430,9,1007,Medium,Regular Air,34,226.1,0.0,-52.21,6.37,5.19,-0.2309155241043786,2
224,1447,20121014,20121017,431,9,1096,High,Regular Air,40,2135.9735,0.07,239.4,65.99,8.99,0.11208004219153468,3
311,2150,20090602,20090604,432,9,103,Medium,Delivery Truck,21,3905.75,0.01,55.3,179.29,29.21,0.014158612302374703,2
320,2211,20090629,20090630,432,9,633,High,Regular Air,22,1651.09,0.05,-2.38,73.98,12.14,-0.001441471997286641,1
321,2211,20090629,20090701,432,9,1034,High,Regular Air,14,95.89,0.0,-46.31,5.98,7.15,-0.48294921263948276,2
322,2211,20090629,20090701,432,9,574,High,Regular Air,23,80.38,0.09,-71.11,3.57,4.17,-0.8846728041801444,2
339,2307,20100628,20100628,433,9,986,Low,Regular Air,32,182.33,0.1,40.85,5.98,1.49,0.22404431525256402,0
345,2370,20090116,20090118,430,9,423,Critical,Regular Air,6,679.6,0.02,-85.76,110.98,13.99,-0.12619187757504416,2
346,2370,20090116,20090118,430,9,548,Critical,Regular Air,30,257.42,0.01,59.18,8.01,2.87,0.22989666692564678,2
348,2374,20101028,20101030,434,9,848,Not Specified,Express Air,21,78.17,0.01,-72.7,2.84,5.44,-0.9300243059997442,2
462,3138,20090208,20090208,435,9,634,Not Specified,Express Air,4,718.03,0.07,-427.47,179.99,19.99,-0.5953372421765107,0
463,3141,20111109,20111111,308,9,1097,Critical,Regular Air,30,534.96,0.08,-26.72,18.89,3.17,-0.04994765963810378,2
641,4515,20120316,20120317,432,9,106,Critical,Regular Air,7,887.94,0.02,49.45,120.97,7.11,0.05569069982206005,1
675,4708,20090930,20091002,429,9,496,Critical,Regular Air,29,180.38,0.08,-119.32,6.48,7.49,-0.6614924049229405,2
720,5155,20090611,20090612,436,9,701,High,Regular Air,14,569.21,0.01,-38.51,39.98,4.0,-0.0676551712021925,1
752,5382,20120112,20120119,429,9,1098,Low,Regular Air,30,260.12,0.05,36.54,8.98,4.19,0.14047362755651238,7
756,5414,20100324,20100325,429,9,558,Not Specified,Express Air,14,284.62,0.1,-27.08,20.98,5.42,-0.09514440306373409,1
894,6433,20111122,20111123,308,9,99,Medium,Regular Air,41,159.26,0.01,73.89,3.69,0.5,0.46395830717066433,1
898,6464,20090528,20090530,64,9,1085,Medium,Regular Air,1,57.84,0.07,-41.77,60.97,4.5,-0.72216459197787,2
899,6464,20090528,20090530,64,9,433,Medium,Regular Air,42,3991.99,0.0,-1014.11,90.98,56.2,-0.25403620750552985,2
1064,7846,20110625,20110630,275,9,490,Low,Regular Air,47,2926.33,0.09,499.27,67.28,19.99,0.17061302040439733,5
1065,7846,20110625,20110630,275,9,579,Low,Regular Air,20,40.05,0.1,-10.22,2.08,1.49,-0.2551810237203496,5
1066,7846,20110625,20110702,275,9,296,Low,Regular Air,20,552.87,0.01,-64.82,26.31,5.89,-0.11724275146056033,7
1067,7846,20110625,20110625,275,9,1099,Low,Regular Air,12,26.33,0.05,-33.61,1.76,4.86,-1.2764906950246868,0
1077,7936,20100405,20100405,436,9,127,Low,Delivery Truck,50,2851.17,0.06,-868.88,58.14,36.61,-0.30474506956793174,0
1078,7936,20100405,20100410,436,9,587,Low,Regular Air,15,183.43,0.06,-41.86,12.44,6.27,-0.2282069454287739,5
1118,8195,20110106,20110107,64,9,517,Medium,Express Air,5,51.3,0.05,-32.48,7.28,11.15,-0.6331384015594541,1
1119,8195,20110106,20110108,64,9,727,Medium,Regular Air,1,8.48,0.1,-7.9,5.08,3.63,-0.9316037735849056,2
1120,8195,20110106,20110107,64,9,431,Medium,Regular Air,26,87.52,0.03,-70.02,3.28,3.97,-0.8000457038391224,1
1137,8293,20120810,20120815,437,9,828,Low,Regular Air,50,1497.7595,0.04,483.66,35.99,1.1,0.32292233833268963,5
1270,9248,20091223,20091224,429,9,18,Not Specified,Regular Air,41,2811.7,0.09,-3074.27,71.37,69.0,-1.0933847850055127,1
1284,9347,20120809,20120818,429,9,788,Low,Regular Air,31,131.2,0.01,-107.98,3.95,5.13,-0.8230182926829269,9
1289,9472,20110616,20110619,438,9,927,Critical,Regular Air,17,53.91,0.05,19.47,3.15,0.49,0.36115748469671677,3
1333,9733,20090317,20090317,439,9,687,Not Specified,Regular Air,39,223.64,0.1,-90.26,5.98,5.35,-0.4035950634949026,0
1388,10054,20110428,20110430,440,9,699,High,Regular Air,2,203.3,0.08,148.25,79.52,48.2,0.7292179045745204,2
1389,10054,20110428,20110428,440,9,1068,High,Regular Air,2,196.8515,0.09,-606.6,125.99,5.99,-3.081510681909968,0
1471,10627,20100224,20100301,308,9,1009,Low,Regular Air,4,40.23,0.05,-30.26,7.77,9.23,-0.7521749937857322,5
1472,10629,20090911,20090913,440,9,734,Critical,Regular Air,39,341.55,0.06,-255.65,8.37,10.16,-0.7484994876299224,2
1473,10629,20090911,20090913,440,9,1100,Critical,Express Air,14,98.37,0.09,-76.54,6.48,9.17,-0.7780827488055302,2
1493,10784,20100705,20100706,432,9,636,Not Specified,Regular Air,2,19.36,0.1,-11.85,6.78,6.18,-0.6120867768595041,1
1494,10784,20100705,20100707,432,9,964,Not Specified,Regular Air,30,206.27,0.09,-54.44,6.81,5.48,-0.2639259223348039,2
1500,10823,20120612,20120612,440,9,97,Low,Regular Air,3,133.9,0.03,-14.58,43.41,2.99,-0.10888722927557878,0
1511,10919,20100327,20100327,441,9,294,High,Regular Air,42,2040.95,0.07,-1231.87,48.91,35.0,-0.6035767657218452,0
1585,11429,20100303,20100307,437,9,508,Low,Regular Air,39,446.04,0.01,59.04,10.98,5.14,0.13236481033091202,4
1586,11429,20100303,20100305,437,9,861,Low,Delivery Truck,46,18421.2,0.06,-969.05,400.98,42.52,-0.05260515058736673,2
1605,11650,20120924,20120926,442,9,608,Not Specified,Regular Air,26,1090.4,0.06,146.24,40.97,8.99,0.13411592076302273,2
1793,12837,20121202,20121202,275,9,847,Medium,Regular Air,50,1100.21,0.03,433.59,22.24,1.99,0.3940974904790903,0
1856,13347,20100423,20100424,434,9,161,Not Specified,Express Air,24,104.89,0.07,22.84,3.8,1.49,0.21775193059395556,1
1861,13381,20110817,20110817,432,9,384,Medium,Delivery Truck,41,10714.78,0.0,-627.64,259.71,66.67,-0.05857703097963747,0
1905,13634,20110418,20110418,435,9,830,High,Regular Air,46,1824.13,0.05,104.51,39.98,7.12,0.057293065735446486,0
1906,13634,20110418,20110419,435,9,686,High,Regular Air,27,151.38,0.04,-55.61,5.58,5.3,-0.367353679482098,1
1914,13729,20090101,20090103,308,9,1029,Not Specified,Express Air,9,872.48,0.08,-342.91,95.99,35.0,-0.3930290665688612,2
1915,13730,20110509,20110511,435,9,100,High,Delivery Truck,26,3617.64,0.07,-354.13,146.34,43.75,-0.09788978450039253,2
1972,14113,20110804,20110806,440,9,564,High,Delivery Truck,22,8218.16,0.09,-774.14,376.13,85.63,-0.09419870141248163,2
1989,14210,20120626,20120628,440,9,1101,Not Specified,Regular Air,19,676.79,0.0,213.2,33.29,1.99,0.31501647482971085,2
2000,14272,20120212,20120214,432,9,998,Medium,Regular Air,32,2409.96,0.07,575.1,80.98,4.5,0.23863466613553752,2
2019,14401,20110804,20110806,437,9,368,Not Specified,Regular Air,10,931.1495,0.06,-128.83,110.99,2.5,-0.13835587088861673,2
2211,15941,20111210,20111212,429,9,127,Not Specified,Delivery Truck,15,951.09,0.02,-246.32,58.14,36.61,-0.25898705695570345,2
2479,18023,20110224,20110225,442,9,362,Medium,Delivery Truck,38,4502.26,0.09,1272.17,120.97,26.3,0.2825625352600694,1
2480,18023,20110224,20110225,442,9,629,Medium,Regular Air,34,192.23,0.07,-149.84,5.78,7.64,-0.7794829110960829,1
2526,18341,20100718,20100718,435,9,586,Critical,Regular Air,39,237.89,0.0,-165.26,5.78,7.96,-0.6946908234898482,0
2535,18400,20111206,20111207,64,9,125,Not Specified,Regular Air,29,598.49,0.05,34.16,20.95,4.0,0.05707697705893164,1
2621,18950,20120227,20120304,431,9,603,Low,Delivery Truck,33,3008.5,0.05,1101.9,90.97,14.0,0.3662622569386738,6
2641,19111,20091004,20091009,443,9,207,Low,Regular Air,24,195.83,0.04,10.79,8.33,1.99,0.055098810192513906,5
2644,19139,20101203,20101204,440,9,773,Not Specified,Regular Air,15,94.84,0.01,-26.66,5.98,5.15,-0.2811050189793336,1
2672,19332,20120227,20120229,431,9,103,High,Delivery Truck,46,8246.86,0.06,-433.29,179.29,29.21,-0.05253999704129814,2
2904,20965,20091220,20091223,429,9,1102,Critical,Regular Air,38,2315.11,0.06,532.21,59.76,9.71,0.22988540501315272,3
2905,20965,20091220,20091223,429,9,781,Critical,Regular Air,8,1264.2305,0.07,-444.69,195.99,4.2,-0.3517475650207775,3
2932,21249,20100919,20100921,431,9,767,Low,Regular Air,22,1082.8,0.02,299.35,48.58,3.99,0.27645917990395275,2
2933,21249,20100919,20100921,431,9,783,Low,Regular Air,7,1260.2015,0.03,-523.0,205.99,8.99,-0.4150129959375545,2
3139,22529,20100507,20100507,432,9,407,Medium,Regular Air,28,1623.09,0.02,245.88,56.96,13.22,0.1514888268672717,0
3255,23303,20090620,20090622,64,9,731,Not Specified,Regular Air,39,238.49,0.09,-110.56,6.48,6.22,-0.4635833787580192,2
3274,23398,20090313,20090314,433,9,673,Medium,Regular Air,19,123.1,0.06,-75.44,6.48,7.37,-0.6128350934199838,1
3410,24356,20100511,20100513,431,9,1103,Medium,Delivery Truck,37,12612.66,0.06,3325.03,350.99,39.0,0.2636263880894276,2
3539,25188,20110103,20110105,442,9,316,Medium,Regular Air,20,1564.1615,0.0,682.48,85.99,2.5,0.4363232313287343,2
3543,25249,20121106,20121108,432,9,258,Medium,Regular Air,34,926.85,0.09,382.94,28.53,1.49,0.41316286346226466,2
3774,26948,20111122,20111123,308,9,553,High,Express Air,21,203.55,0.03,38.6,9.11,2.25,0.18963399656104152,1
3819,27232,20100818,20100820,64,9,989,Not Specified,Regular Air,19,639.3,0.05,30.21,34.99,7.73,0.04725480994838105,2
3871,27622,20110206,20110207,429,9,1104,Medium,Delivery Truck,4,1280.73,0.09,-774.89,320.64,43.57,-0.6050377519071155,1
3928,28002,20091010,20091012,437,9,1024,Critical,Regular Air,5,43.55,0.1,-3.64,9.11,2.15,-0.08358208955223881,2
3978,28390,20120207,20120209,444,9,1105,High,Regular Air,44,809.77,0.1,83.48,20.28,6.68,0.10309100114847426,2
4108,29223,20120120,20120122,438,9,39,High,Delivery Truck,48,24701.12,0.04,8022.94,500.98,26.0,0.3248006568123227,2
4134,29351,20111003,20111005,430,9,880,Medium,Regular Air,17,5122.61,0.05,1784.04,304.99,19.99,0.3482677775587054,2
4160,29506,20110614,20110616,445,9,394,Critical,Regular Air,46,221.13,0.01,59.7,4.55,1.49,0.26997693664360334,2
4161,29506,20110614,20110615,445,9,75,Critical,Regular Air,8,16.35,0.05,-5.62,1.88,1.49,-0.3437308868501529,1
4175,29633,20090622,20090623,445,9,1077,Critical,Regular Air,11,96.01,0.01,-43.24,7.98,6.5,-0.4503697531507135,1
4189,29764,20120722,20120723,431,9,319,Critical,Express Air,10,165.09,0.0,-8.59,15.01,8.4,-0.052032224847053124,1
4216,29958,20110106,20110107,431,9,1007,High,Regular Air,47,307.57,0.0,-72.3,6.37,5.19,-0.23506843970478264,1
4217,29958,20110106,20110108,431,9,39,High,Delivery Truck,32,14861.07,0.1,3408.29,500.98,26.0,0.22934351295027883,2
4435,31616,20100828,20100829,430,9,683,Critical,Regular Air,45,182.7,0.08,-156.41,4.24,5.41,-0.8561029009304871,1
4436,31616,20100828,20100829,430,9,246,Critical,Regular Air,46,141.08,0.04,36.96,3.08,0.99,0.26197901899631415,1
4483,31907,20100518,20100523,430,9,919,Low,Regular Air,38,331.53,0.0,-35.97,8.46,3.62,-0.1084969686001267,5
4494,32001,20111028,20111102,444,9,485,Low,Regular Air,22,494.84,0.07,205.13,22.23,3.63,0.41453803249535204,5
4495,32001,20111028,20111030,444,9,860,Low,Regular Air,11,3443.21,0.0,794.2,300.98,13.99,0.23065685799007324,2
4506,32069,20111119,20111119,439,9,128,Not Specified,Delivery Truck,8,1100.0,0.07,-240.31,145.45,17.85,-0.21846363636363636,0
4512,32102,20121214,20121216,446,9,731,Medium,Regular Air,2,19.81,0.02,-10.39,6.48,6.22,-0.524482584553256,2
4561,32450,20111219,20111219,431,9,818,Medium,Delivery Truck,37,2638.79,0.1,54.23,70.89,89.3,0.02055108591437742,0
4572,32546,20110318,20110320,438,9,291,Critical,Regular Air,6,156.09,0.0,-34.85,22.38,15.1,-0.2232686270741239,2
4573,32546,20110318,20110319,438,9,916,Critical,Regular Air,47,1294.023,0.1,607.26,35.99,1.25,0.46928068511919807,1
4640,33029,20120531,20120602,445,9,516,High,Delivery Truck,39,16028.26,0.02,-1008.73,417.4,75.23,-0.06293446699766538,2
4641,33029,20120531,20120601,445,9,42,High,Regular Air,8,738.2505,0.1,-286.36,115.99,2.5,-0.3878900183609764,1
4645,33061,20110715,20110717,442,9,96,High,Regular Air,48,5318.89,0.06,525.15,111.03,8.64,0.09873300632274778,2
4698,33478,20100614,20100616,447,9,50,High,Express Air,21,125.9,0.04,5.85,5.88,3.04,0.04646544876886417,2
4708,33540,20110606,20110610,431,9,1106,Low,Regular Air,21,190.99,0.1,-27.15,9.85,4.82,-0.14215403947850672,4
4762,33862,20100622,20100623,434,9,686,Not Specified,Regular Air,22,125.57,0.03,-45.16,5.58,5.3,-0.35964004141116507,1
4845,34470,20120201,20120202,446,9,66,Critical,Delivery Truck,31,2966.13,0.08,-1456.31,100.98,57.38,-0.4909798289353467,1
5077,36161,20100116,20100117,444,9,766,Critical,Regular Air,6,29.19,0.03,0.65,4.49,1.49,0.022267899965741692,1
5302,37760,20090814,20090815,431,9,207,High,Regular Air,18,157.85,0.01,10.74,8.33,1.99,0.06803927779537536,1
5303,37760,20090814,20090816,431,9,576,High,Regular Air,38,2773.0315,0.04,897.87,85.99,0.99,0.32378644094017683,2
5335,37895,20120330,20120402,431,9,193,Critical,Regular Air,14,304.65,0.1,24.2,21.98,8.32,0.07943541769243394,3
5402,38403,20110521,20110525,297,9,185,Low,Regular Air,49,142.1,0.01,37.03,2.88,0.99,0.26059113300492615,4
5440,38630,20100417,20100418,446,9,4,Medium,Regular Air,13,2175.218,0.07,44.55,195.99,3.99,0.020480705841897227,1
5684,40165,20110302,20110305,435,9,1107,High,Regular Air,50,421.36,0.07,-75.17,8.62,4.5,-0.17839851908107082,3
5686,40194,20101006,20101007,431,9,580,Not Specified,Delivery Truck,30,4506.85,0.1,290.66,160.98,30.0,0.06449293852690904,1
5687,40194,20101006,20101008,431,9,735,Not Specified,Delivery Truck,16,2110.37,0.0,-14.42,119.99,56.14,-0.006832925032103376,2
5688,40194,20101006,20101008,431,9,643,Not Specified,Regular Air,34,1094.9105,0.02,-112.12,35.99,5.0,-0.10240106383124466,2
5713,40454,20110421,20110424,448,9,805,Not Specified,Regular Air,43,1243.88,0.1,22.71,30.98,8.99,0.018257388172492523,3
5730,40672,20121029,20121031,431,9,550,Low,Delivery Truck,16,1617.91,0.04,-159.21,100.98,35.84,-0.0984047320308299,2
5749,40833,20100715,20100724,297,9,747,Low,Regular Air,48,2688.0825,0.04,844.82,65.99,2.5,0.3142835087836776,9
5843,41441,20120123,20120124,449,9,980,Medium,Regular Air,41,221.08,0.0,-108.2,4.91,5.68,-0.4894155961642844,1
6079,43076,20100616,20100616,446,9,655,Not Specified,Delivery Truck,33,3636.37,0.06,-176.91,113.98,30.0,-0.04865016486221149,0
6102,43233,20100619,20100621,432,9,1108,Critical,Express Air,30,203.48,0.04,-71.91,6.48,6.35,-0.35340082563396896,2
6120,43332,20120910,20120910,438,9,381,High,Express Air,31,1750.0,0.03,559.38,55.48,14.3,0.3196457142857143,0
6122,43362,20090112,20090115,51,9,1019,Critical,Delivery Truck,45,15963.09,0.03,4276.73,350.98,30.0,0.26791366834366026,3
6123,43362,20090112,20090114,51,9,1054,Critical,Regular Air,33,58.48,0.04,2.72,1.68,1.0,0.04651162790697675,2
6138,43488,20120618,20120619,297,9,606,Critical,Regular Air,46,2116.2,0.08,483.67,48.92,4.5,0.22855590208864948,1
6139,43488,20120618,20120619,297,9,889,Critical,Regular Air,46,766.36,0.0,399.12,15.57,1.39,0.5207996241975051,1
6140,43488,20120618,20120619,297,9,303,Critical,Regular Air,28,547.32,0.1,42.39,20.24,6.67,0.07745012058759043,1
6141,43488,20120618,20120620,297,9,637,Critical,Regular Air,13,192.44,0.05,6.77,14.48,6.46,0.0351797963001455,2
6142,43488,20120618,20120620,297,9,1109,Critical,Regular Air,3,1294.35,0.06,-1569.06,449.99,24.49,-1.2122378027581413,2
6148,43526,20100526,20100526,431,9,189,High,Regular Air,49,561.06,0.07,-2.23,11.58,6.97,-0.003974619470288383,0
6149,43526,20100526,20100527,431,9,581,High,Regular Air,19,320.03,0.0,-43.22,15.31,8.78,-0.1350498390775865,1
6232,44134,20091030,20091101,450,9,594,High,Regular Air,35,620.02,0.05,50.04,17.67,8.99,0.08070707396535595,2
6235,44196,20090822,20090823,448,9,306,Not Specified,Regular Air,12,653.786,0.09,-83.47,65.99,5.31,-0.12767174580061366,1
6266,44358,20100401,20100403,448,9,1110,High,Delivery Truck,22,5288.89,0.0,547.04,227.55,32.48,0.10343191104371616,2
6284,44480,20100512,20100514,446,9,230,Medium,Regular Air,25,1321.55,0.1,448.24,54.96,10.75,0.3391774809882335,2
6293,44546,20100324,20100325,446,9,821,Critical,Regular Air,15,55.2,0.05,4.26,3.58,1.63,0.07717391304347826,1
6311,44647,20120124,20120124,441,9,39,Low,Delivery Truck,47,23239.96,0.06,6888.36,500.98,26.0,0.29640154285979836,0
6312,44647,20120124,20120128,441,9,167,Low,Regular Air,24,302.91,0.05,-36.76,12.28,6.13,-0.1213561784028259,4
6385,45376,20111202,20111203,434,9,223,Critical,Delivery Truck,19,6648.58,0.08,-555.98,370.98,99.0,-0.08362387156355192,1
6477,46115,20110302,20110304,449,9,507,Critical,Regular Air,35,677.43,0.1,-37.99,19.98,4.0,-0.05607959493969857,2
6478,46115,20110302,20110302,449,9,47,Critical,Regular Air,38,491.78,0.0,44.04,12.28,6.47,0.08955223880597016,0
6625,47109,20110911,20110913,449,9,410,High,Regular Air,47,6131.54,0.06,1844.96,128.24,12.65,0.30089667522351643,2
6687,47556,20100725,20100727,446,9,404,Low,Regular Air,29,475.58,0.04,108.21,15.98,4.0,0.22753269691744815,2
6698,47712,20100713,20100718,450,9,1111,Low,Express Air,50,274.04,0.1,-243.87,5.38,7.57,-0.8899065829805868,5
6756,48135,20090419,20090421,308,9,473,High,Express Air,20,3960.99,0.09,631.33,199.99,24.49,0.15938692094653106,2
6758,48161,20110523,20110525,432,9,1009,Not Specified,Regular Air,16,139.69,0.01,-95.64,7.77,9.23,-0.6846588875366884,2
6759,48161,20110523,20110524,432,9,354,Not Specified,Regular Air,39,6030.58,0.09,1197.86,195.99,8.99,0.1986309774515884,1
6816,48515,20111220,20111220,431,9,536,Critical,Express Air,47,725.8,0.01,327.45,15.04,1.97,0.4511573436208322,0
6829,48642,20100201,20100201,308,9,900,High,Regular Air,36,111.83,0.0,19.36,2.94,0.7,0.17311991415541447,0
6830,48642,20100201,20100201,308,9,936,High,Express Air,50,4159.628,0.05,1332.91,95.99,4.9,0.32043971239735863,0
7089,50567,20120205,20120206,446,9,665,Medium,Delivery Truck,22,1505.67,0.1,-436.23,70.98,30.0,-0.28972484010440536,1
7241,51623,20090113,20090113,297,9,110,Critical,Regular Air,17,39.23,0.06,-66.58,2.08,5.33,-1.6971705327555444,0
7320,52194,20101211,20101212,438,9,203,Critical,Regular Air,25,612.93,0.1,-5.04,24.92,12.98,-0.00822279868826783,1
7321,52194,20101211,20101212,438,9,934,Critical,Delivery Truck,12,1551.34,0.03,-483.12,120.98,78.64,-0.31142109402194235,1
7338,52291,20091029,20091031,429,9,582,Critical,Regular Air,48,287.54,0.04,57.28,5.98,0.96,0.19920706684287404,2
7339,52291,20091029,20091030,429,9,652,Critical,Regular Air,5,88.315,0.01,-72.4,20.99,0.99,-0.8197927871822455,1
7600,54370,20120408,20120408,433,9,219,Not Specified,Regular Air,49,4968.5,0.0,1041.28,99.99,19.99,0.2095763308845728,0
7619,54528,20110104,20110105,64,9,997,Medium,Regular Air,15,92.03,0.03,19.71,6.08,0.91,0.2141692926219711,1
7636,54659,20110815,20110815,433,9,321,High,Regular Air,38,262.9,0.06,-41.98,6.68,5.2,-0.1596804868771396,0
7670,54981,20120211,20120212,443,9,920,High,Regular Air,31,1024.31,0.03,174.72,31.74,12.62,0.17057336157999045,1
7726,55361,20110323,20110324,444,9,1099,Not Specified,Express Air,22,51.39,0.06,-64.37,1.76,4.86,-1.2525783226308622,1
7727,55361,20110323,20110324,444,9,761,Not Specified,Regular Air,31,293.52,0.08,-116.66,9.38,7.28,-0.3974516216952848,1
7820,55908,20090523,20090524,449,9,875,High,Regular Air,44,1844.97,0.03,807.38,42.8,2.99,0.437611451676721,1
7865,56257,20110909,20110910,450,9,1112,Medium,Express Air,49,266.3,0.03,-135.06,4.97,5.71,-0.5071723619977468,1
7972,57029,20110308,20110309,434,9,983,Critical,Regular Air,17,74.25,0.01,-56.17,3.98,5.26,-0.7564983164983166,1
7973,57029,20110308,20110309,434,9,777,Critical,Regular Air,4,23.23,0.09,-19.06,4.28,6.72,-0.8204907447266465,1
8134,58145,20120516,20120516,264,9,433,Medium,Express Air,33,203.49,0.0,46.21,5.84,1.2,0.22708732615853358,0
8137,58151,20090929,20090929,297,9,240,High,Regular Air,33,211.48,0.1,18.15,6.75,2.99,0.0858237185549461,0
8138,58151,20090929,20090929,297,9,690,High,Express Air,38,5601.1,0.02,1515.7,142.86,19.99,0.2706075592294371,0
8207,58659,20101024,20101026,449,9,78,High,Regular Air,2,21.01,0.03,-13.13,6.48,8.19,-0.6249405045216564,2
8216,58727,20090706,20090707,432,9,502,Medium,Regular Air,20,525.78,0.03,180.64,26.48,6.93,0.34356574993343225,1
44,258,20101228,20101230,416,9,578,Critical,Regular Air,33,216.77,0.02,-55.11,6.54,5.27,-0.25423259676154447,2
153,964,20110519,20110521,382,9,986,Medium,Regular Air,50,315.02,0.02,95.16,5.98,1.49,0.302076058662942,2
177,1154,20120214,20120216,331,9,383,Critical,Regular Air,23,115.1,0.02,53.13,4.91,0.5,0.46159860990443097,2
227,1537,20120214,20120214,451,9,388,Not Specified,Regular Air,5,16.6,0.07,-20.3,2.16,6.05,-1.2228915662650601,0
650,4580,20101114,20101115,335,9,398,Not Specified,Delivery Truck,28,7384.54,0.09,-2301.53,280.98,81.98,-0.31166870245133754,1
663,4647,20090513,20090514,335,9,298,Medium,Regular Air,34,482.93,0.06,-67.59,13.9,7.59,-0.13995817199180005,1
1101,8097,20101209,20101211,426,9,325,Medium,Express Air,48,7522.8,0.04,3187.37,162.93,19.99,0.4236946349763386,2
1158,8422,20090414,20090416,420,9,1113,Medium,Express Air,33,1003.71,0.01,-22.82,29.1,4.0,-0.02273565073577029,2
1186,8677,20121007,20121009,452,9,975,High,Regular Air,38,1610.76,0.1,-8.67,43.57,16.36,-0.00538255233554347,2
1238,9024,20120602,20120603,388,9,444,Medium,Regular Air,2,12.12,0.03,-4.55,5.43,0.95,-0.37541254125412543,1
1392,10114,20100208,20100210,367,9,338,Critical,Regular Air,39,147.88,0.0,-142.91,3.58,5.47,-0.9663916689207466,2
1557,11236,20101030,20101101,406,9,237,High,Regular Air,4,1629.75,0.03,-195.7,415.88,11.37,-0.1200797668354042,2
1616,11687,20111225,20111225,364,9,1114,High,Regular Air,26,188.93,0.04,58.32,7.28,1.77,0.3086857566294395,0
1768,12643,20100319,20100321,256,9,536,Low,Regular Air,22,345.69,0.02,143.23,15.04,1.97,0.4143307587723104,2
1821,13089,20111214,20111217,356,9,762,Not Specified,Delivery Truck,34,3577.11,0.1,-1620.41,114.98,58.72,-0.4529941768634456,3
1859,13378,20090921,20090926,375,9,1004,Low,Regular Air,16,96.04,0.05,-50.75,5.74,5.3,-0.5284256559766763,5
1932,13824,20091227,20100103,351,9,349,Low,Regular Air,19,55.27,0.05,19.12,2.89,0.5,0.34593812194680656,7
2572,18562,20111220,20111222,305,9,49,Critical,Regular Air,41,160.11,0.1,-26.73,3.98,2.97,-0.1669477234401349,2
2876,20737,20111225,20111226,398,9,229,Medium,Delivery Truck,10,1410.93,0.08,-317.48,140.98,36.09,-0.225014706611951,1
2896,20900,20101124,20101126,453,9,968,Low,Regular Air,50,1978.3665,0.0,483.6,45.99,4.99,0.24444409061718342,2
3729,26658,20111222,20111222,360,9,983,High,Regular Air,17,72.75,0.05,-57.89,3.98,5.26,-0.7957388316151203,0
3826,27271,20110914,20110915,452,9,206,Not Specified,Delivery Truck,8,301.57,0.0,-77.31,33.94,19.19,-0.25635839108664654,1
3927,28001,20090614,20090616,357,9,105,Critical,Regular Air,21,4201.08,0.01,1162.76,194.3,11.54,0.2767764479610005,2
3950,28161,20090615,20090617,342,9,1019,Not Specified,Delivery Truck,15,5028.31,0.06,664.88,350.98,30.0,0.13222732886397218,2
4113,29280,20120328,20120329,422,9,417,Medium,Regular Air,19,238.35,0.0,-64.51,11.66,7.95,-0.270652401929935,1
4132,29350,20090825,20090828,339,9,560,High,Regular Air,10,150.33,0.1,-47.88,15.14,4.53,-0.31849930153661943,3
4179,29666,20111230,20111231,399,9,1115,Not Specified,Regular Air,29,155.86,0.09,-152.59,5.28,8.16,-0.9790196330039779,1
4182,29700,20100406,20100407,339,9,246,Medium,Regular Air,9,30.35,0.01,5.02,3.08,0.99,0.16540362438220757,1
4315,30754,20101125,20101129,345,9,724,Low,Regular Air,20,4108.17,0.09,-505.98,209.37,69.0,-0.12316432864268032,4
4443,31650,20100811,20100812,392,9,851,Not Specified,Regular Air,19,1504.97,0.02,-0.31,77.51,4.0,-0.0002059841724419756,1
4538,32292,20120215,20120222,365,9,942,Low,Regular Air,49,5008.761,0.04,1601.64,115.99,5.99,0.31976770303074953,7
4950,35201,20100604,20100611,362,9,218,Low,Regular Air,18,211.44,0.03,-75.81,10.97,6.5,-0.3585414301929626,7
4967,35360,20110418,20110420,361,9,886,Critical,Regular Air,4,41.06,0.04,-16.39,8.88,6.28,-0.399171943497321,2
4989,35492,20120210,20120212,310,9,774,Medium,Express Air,36,455.93,0.02,83.51,12.64,4.98,0.18316408220560174,2
5267,37473,20091001,20091001,360,9,268,Low,Regular Air,8,43.72,0.06,2.12,5.18,2.04,0.0484903934126258,0
5515,39079,20110907,20110907,419,9,1116,High,Regular Air,46,75.6,0.09,-225.25,1.68,5.28,-2.979497354497355,0
5541,39266,20120827,20120829,350,9,282,High,Regular Air,14,36.41,0.09,9.94,2.61,0.5,0.27300192254875033,2
5706,40356,20091219,20091221,12,9,284,Not Specified,Express Air,48,201.98,0.05,-245.67,4.06,6.89,-1.2163085454005347,2
6014,42599,20090406,20090407,371,9,420,Medium,Delivery Truck,31,9459.94,0.04,2023.75,300.98,54.92,0.21392841815064365,1
6425,45670,20120807,20120811,340,9,60,Low,Regular Air,2,20.16,0.06,-13.32,6.48,7.86,-0.6607142857142857,4
6542,46531,20110821,20110821,342,9,161,Low,Regular Air,23,84.47,0.06,7.98,3.8,1.49,0.09447140996803599,0
6691,47617,20091208,20091209,12,9,880,Not Specified,Regular Air,17,5001.29,0.09,1680.92,304.99,19.99,0.3360972868999798,1
6713,47842,20100512,20100512,397,9,501,Medium,Express Air,50,230.23,0.06,-150.93,4.28,5.74,-0.655561829474873,0
6819,48548,20110326,20110327,353,9,431,Critical,Regular Air,3,13.71,0.03,-10.27,3.28,3.97,-0.7490882567469,1
6880,49056,20091001,20091003,355,9,836,High,Regular Air,46,300.07,0.05,-209.58,6.48,8.4,-0.6984370313593495,2
7115,50759,20100319,20100324,405,9,403,Low,Regular Air,46,2422.721,0.1,366.18,65.99,8.99,0.1511441061517195,5
7229,51556,20121027,20121029,82,9,574,High,Express Air,10,45.69,0.01,-24.21,3.57,4.17,-0.5298752462245568,2
7240,51620,20120308,20120309,365,9,28,Medium,Regular Air,12,173.97,0.03,-2.55,13.48,4.51,-0.014657699603379893,1
7406,52837,20120118,20120120,424,9,220,Critical,Regular Air,32,5934.39,0.08,519.55,193.17,19.99,0.0875490151473024,2
7629,54592,20110612,20110616,390,9,1117,Low,Delivery Truck,28,1971.56,0.05,-15.29,70.98,26.85,-0.00775528008277709,4
7700,55202,20110824,20110826,410,9,1029,Low,Express Air,33,3093.76,0.07,-850.71,95.99,35.0,-0.2749760808853951,2
7707,55239,20121203,20121203,411,9,724,Critical,Express Air,6,1008.872,0.02,-505.98,209.37,69.0,-0.5015304220951716,0
8111,57894,20120403,20120405,377,9,831,Low,Delivery Truck,47,13382.01,0.09,2852.94,306.14,26.53,0.21319218861740502,2
8196,58599,20100114,20100115,428,9,37,Critical,Delivery Truck,19,2328.62,0.0,45.54,120.98,30.0,0.019556647284657867,1
22,132,20100610,20100611,415,9,52,Medium,Regular Air,27,192.814,0.03,-86.2,7.99,5.03,-0.4470629726057237,1
182,1191,20111106,20111107,337,9,351,Medium,Delivery Truck,35,3532.96,0.08,-243.6,100.8,60.0,-0.06895068158145011,1
220,1444,20091205,20091207,305,9,1118,Medium,Regular Air,24,416.4,0.02,24.33,17.15,4.96,0.05842939481268011,2
284,1985,20090901,20090903,388,9,443,Not Specified,Regular Air,1,11.35,0.09,-7.96,5.78,5.67,-0.7013215859030837,2
285,1988,20111005,20111007,375,9,28,Not Specified,Regular Air,9,122.14,0.04,-16.99,13.48,4.51,-0.13910266906828228,2
337,2305,20100125,20100125,454,9,870,High,Regular Air,11,1382.8,0.01,141.31,120.33,19.99,0.10219120624819208,0
495,3397,20090622,20090623,371,9,612,Medium,Regular Air,11,30.61,0.09,-3.38,2.88,1.49,-0.11042143090493303,1
547,3680,20121209,20121211,384,9,161,Not Specified,Express Air,24,99.53,0.1,18.28,3.8,1.49,0.1836632171204662,2
572,3877,20100520,20100520,375,9,399,Low,Express Air,14,700.46,0.02,254.31,48.04,7.23,0.3630614167832567,0
589,4033,20100601,20100603,418,9,210,Low,Regular Air,21,763.12,0.03,140.33,34.76,5.49,0.18388982073592622,2
604,4103,20120702,20120706,417,9,372,Low,Regular Air,3,42.5,0.07,-28.43,11.66,8.99,-0.6689411764705883,4
637,4455,20101010,20101012,367,9,378,Medium,Regular Air,39,279.29,0.07,14.15,7.59,4.0,0.05066418418131691,2
701,4896,20120821,20120823,386,9,770,Critical,Regular Air,21,121.3,0.05,-64.87,5.8,5.59,-0.5347897774113768,2
706,4960,20110225,20110227,234,9,911,Low,Express Air,4,40.87,0.04,-16.38,6.48,8.74,-0.40078297039393196,2
723,5189,20101125,20101127,384,9,405,Low,Regular Air,14,2066.63,0.03,65.58,140.85,19.99,0.0317328210661802,2
848,6086,20110922,20110924,408,9,1063,Critical,Regular Air,48,1734.72,0.04,57.89,35.44,19.99,0.033371379819221544,2
955,6912,20111210,20111212,395,9,5,Not Specified,Regular Air,14,294.52,0.09,15.34,21.78,5.94,0.052084748064647565,2
960,6950,20120326,20120328,357,9,178,Low,Regular Air,4,187.3995,0.08,-225.3,55.99,3.3,-1.2022444030000081,2
972,7075,20111010,20111012,387,9,1119,Low,Regular Air,15,241.89,0.02,-83.3,15.42,10.68,-0.3443714084914631,2
973,7075,20111010,20111014,387,9,613,Low,Regular Air,43,83.34,0.01,-93.18,1.86,2.58,-1.1180705543556515,4
1003,7297,20090914,20090915,419,9,257,High,Regular Air,7,296.84,0.08,-71.83,45.19,1.99,-0.24198221263980596,1
1080,7938,20100313,20100315,335,9,1034,Medium,Regular Air,23,139.19,0.04,-86.73,5.98,7.15,-0.6231051081255837,2
1099,8065,20121021,20121023,419,9,915,Medium,Regular Air,17,1125.76,0.0,379.28,60.65,12.23,0.336910176236498,2
1135,8292,20100201,20100202,453,9,16,Not Specified,Regular Air,18,299.87,0.02,130.04,15.74,1.39,0.4336545836529162,1
1166,8513,20110715,20110722,358,9,1107,Low,Express Air,8,84.64,0.0,-9.29,8.62,4.5,-0.10975897920604914,7
1240,9024,20120602,20120604,388,9,1120,Medium,Regular Air,30,1136.44,0.09,-9.3,40.98,6.5,-0.008183450072155152,2
1314,9635,20090413,20090415,291,9,75,Critical,Regular Air,1,3.42,0.05,-2.91,1.88,1.49,-0.8508771929824562,2
1444,10436,20110102,20110109,337,9,867,Low,Regular Air,24,138.75,0.09,49.81,5.84,1.0,0.358990990990991,7
1491,10752,20110910,20110911,428,9,23,Critical,Regular Air,5,95.38,0.03,-36.89,15.99,13.18,-0.38676871461522333,1
1527,11011,20120513,20120514,358,9,32,High,Regular Air,36,251.05,0.1,118.79,7.31,0.49,0.47317267476598285,1
1558,11236,20101030,20101031,406,9,538,High,Regular Air,49,261.02,0.01,-94.05,4.98,4.95,-0.3603172170714888,1
1604,11650,20120924,20120925,442,9,1090,Not Specified,Regular Air,30,243.49,0.08,-45.89,8.32,2.38,-0.18846769887880405,1
1628,11779,20100629,20100701,371,9,810,Not Specified,Regular Air,45,311.1,0.04,86.6,6.88,2.0,0.2783670845387335,2
1629,11779,20100629,20100630,371,9,218,Not Specified,Regular Air,43,452.93,0.09,-172.34,10.97,6.5,-0.38050029805930274,1
1748,12515,20100513,20100516,386,9,1068,Medium,Regular Air,16,1702.499,0.08,133.45,125.99,5.99,0.07838477438165896,3
1754,12580,20100113,20100115,399,9,429,Low,Regular Air,43,140.72,0.04,-115.53,3.28,3.97,-0.8209920409323479,2
1795,12868,20110301,20110302,343,9,264,Critical,Regular Air,31,53.33,0.09,-2.44,1.76,0.7,-0.04575285955372211,1
1809,12931,20120424,20120425,426,9,1102,Medium,Regular Air,11,653.92,0.02,52.89,59.76,9.71,0.08088145338879374,1
1815,13027,20120115,20120117,358,9,636,Critical,Regular Air,42,290.68,0.03,-93.5,6.78,6.18,-0.3216595569010596,2
1873,13476,20101016,20101018,305,9,980,Not Specified,Express Air,47,231.29,0.09,-147.86,4.91,5.68,-0.6392840157378185,2
1891,13572,20120517,20120518,423,9,239,Critical,Regular Air,7,40.11,0.07,-43.71,5.02,5.14,-1.0897531787584145,1
1916,13731,20100509,20100512,360,9,116,Not Specified,Regular Air,10,44.08,0.08,6.79,4.48,1.22,0.15403811252268604,3
1971,14112,20090724,20090724,383,9,389,Low,Express Air,1,68.45,0.02,-25.76,50.98,13.66,-0.37633308984660335,0
1974,14114,20090406,20090408,399,9,748,Critical,Delivery Truck,38,6532.48,0.01,538.52,170.98,35.89,0.08243729793279123,2
1975,14114,20090406,20090406,399,9,1121,Critical,Regular Air,41,241.9,0.05,-136.7,5.77,5.92,-0.5651095494005787,0
2099,15009,20111221,20111223,390,9,61,Not Specified,Express Air,46,1200.13,0.09,-7.8,28.15,8.99,-0.0064992959096097916,2
2152,15399,20120513,20120515,421,9,649,Critical,Delivery Truck,7,2202.45,0.01,-51.28,284.98,69.55,-0.023283161933301554,2
2218,16036,20120105,20120107,348,9,107,Medium,Regular Air,28,169.22,0.05,-165.11,5.81,8.49,-0.9757120907694127,2
2219,16036,20120105,20120106,348,9,679,Medium,Regular Air,10,1319.421,0.07,-268.87,155.99,8.08,-0.20377877872187877,1
2220,16036,20120105,20120106,348,9,1046,Medium,Regular Air,33,550.93,0.1,-141.6,17.7,9.47,-0.25701994808777884,1
2374,17216,20120527,20120528,339,9,82,Medium,Delivery Truck,7,2236.16,0.05,-99.16,320.98,58.95,-0.044343875214653695,1
2436,17698,20120513,20120515,408,9,1122,High,Regular Air,43,1883.82,0.08,528.77,44.01,3.5,0.28069029949782887,2
2467,17953,20120820,20120822,346,9,459,High,Delivery Truck,21,1490.56,0.01,-499.51,68.81,60.0,-0.33511566122799485,2
2468,17953,20120820,20120822,346,9,289,High,Regular Air,17,105.44,0.0,18.76,5.84,1.2,0.17792109256449168,2
2472,17959,20120909,20120912,426,9,31,Medium,Regular Air,28,1201.68,0.01,146.8,40.99,19.99,0.12216230610478664,3
2473,17959,20120909,20120912,426,9,355,Medium,Regular Air,21,2784.57,0.05,847.06,136.98,24.49,0.30419777559910505,3
2478,18017,20100325,20100327,421,9,301,Critical,Delivery Truck,22,5202.896,0.02,-715.78,296.18,54.12,-0.13757338220867762,2
2532,18373,20120412,20120412,366,9,126,Critical,Regular Air,35,6608.24,0.09,2164.64,207.48,0.99,0.32756679539484035,0
2708,19558,20110225,20110228,453,9,340,Low,Regular Air,2,7.98,0.04,-3.93,3.29,1.35,-0.4924812030075188,3
2849,20518,20091005,20091006,375,9,333,Critical,Regular Air,49,8252.361,0.07,2418.56,200.99,4.2,0.293074915166702,1
2850,20518,20091005,20091006,375,9,589,Critical,Delivery Truck,7,2205.84,0.01,-313.13,297.48,18.06,-0.14195499220251695,1
2877,20737,20111225,20111227,398,9,832,Medium,Delivery Truck,15,3364.248,0.1,-693.23,286.85,61.76,-0.20605793627580368,2
2897,20903,20090520,20090521,392,9,550,High,Delivery Truck,4,442.99,0.04,-152.76,100.98,35.84,-0.3448384839386893,1
2945,21344,20121209,20121213,344,9,188,Low,Regular Air,29,587.2,0.08,134.25,20.89,1.99,0.22862738419618528,4
2946,21344,20121209,20121218,344,9,349,Low,Regular Air,39,110.79,0.05,42.68,2.89,0.5,0.38523332430724794,9
2998,21606,20110122,20110123,346,9,1049,Not Specified,Regular Air,29,516.62,0.06,138.33,17.48,1.99,0.26775966861522976,1
3095,22183,20120423,20120424,452,9,867,Medium,Regular Air,30,177.22,0.06,68.96,5.84,1.0,0.3891208667193319,1
3109,22338,20100514,20100515,418,9,1123,Medium,Regular Air,24,790.24,0.09,-213.18,35.77,9.02,-0.26976614699331847,1
3247,23268,20120116,20120118,423,9,996,High,Express Air,14,50.85,0.09,-6.81,3.6,2.2,-0.13392330383480824,2
3287,23522,20110411,20110413,395,9,893,Critical,Express Air,20,1077.8085,0.06,17.25,65.99,8.99,0.016004698422771763,2
3288,23522,20110411,20110412,395,9,782,Critical,Regular Air,19,2899.98,0.1,666.01,159.99,5.5,0.22966020455313485,1
3289,23522,20110411,20110413,395,9,645,Critical,Regular Air,36,233.38,0.1,-180.17,6.48,8.73,-0.772002742308681,2
3349,23968,20110304,20110307,366,9,607,Critical,Regular Air,19,127.48,0.05,-41.99,6.48,5.84,-0.32938500156887357,3
3458,24644,20090728,20090730,391,9,1085,Critical,Express Air,40,2550.12,0.01,882.45,60.97,4.5,0.34604253917462713,2
3570,25472,20090521,20090522,422,9,657,High,Regular Air,40,194.02,0.03,80.35,4.98,0.8,0.4141325636532316,1
3629,25927,20090422,20090422,111,9,254,Medium,Regular Air,14,422.83,0.02,-21.06,29.74,6.64,-0.04980725114112054,0
3634,25955,20110504,20110506,310,9,750,Not Specified,Regular Air,10,170.35,0.03,-39.92,16.06,8.34,-0.2343410625183446,2
3668,26276,20100912,20100916,310,9,1036,Low,Regular Air,19,20329.8,0.0,9224.1,999.99,13.99,0.45372310598235105,4
3676,26306,20121030,20121104,402,9,724,Low,Regular Air,15,2567.64,0.0,-505.98,209.37,69.0,-0.19706033556105998,5
3739,26724,20090206,20090208,410,9,1036,Critical,Regular Air,2,1838.18,0.09,-2531.48,999.99,13.99,-1.3771665451696786,2
3749,26784,20100723,20100724,359,9,37,Critical,Delivery Truck,12,1466.95,0.02,-64.14,120.98,30.0,-0.043723371621391324,1
3750,26784,20100723,20100724,359,9,535,Critical,Regular Air,33,440.23,0.09,-37.94,13.99,7.51,-0.08618222292892351,1
3765,26912,20120427,20120501,305,9,212,Low,Regular Air,18,3136.2025,0.07,439.78,205.99,5.26,0.14022691455669714,4
3776,26949,20090815,20090817,398,9,722,Critical,Regular Air,48,460.69,0.06,-103.48,9.48,7.29,-0.22461959235060452,2
3845,27430,20110131,20110201,397,9,175,High,Regular Air,12,82.64,0.1,0.35,7.08,2.35,0.004235237173281703,1
3949,28161,20090615,20090616,342,9,768,Not Specified,Delivery Truck,10,784.08,0.02,-222.77,70.98,46.74,-0.28411641669217425,1
3951,28161,20090615,20090617,342,9,593,Not Specified,Regular Air,41,1085.61,0.04,-33.32,27.48,4.0,-0.03069242177209127,2
4070,28992,20110919,20110920,341,9,902,Critical,Express Air,41,6863.95,0.1,1662.92,178.47,19.99,0.24226866454446785,1
4130,29349,20100610,20100612,344,9,1124,High,Regular Air,33,162.39,0.1,-101.68,5.28,5.57,-0.626146930229694,2
4131,29350,20090825,20090827,339,9,843,High,Regular Air,47,2519.55,0.05,592.53,52.4,16.11,0.23517294755015775,2
4133,29350,20090825,20090826,339,9,177,High,Express Air,46,1634.17,0.05,232.8,36.55,13.89,0.14245763904612127,1
4152,29473,20120215,20120216,396,9,1104,Medium,Delivery Truck,40,13367.82,0.0,-774.89,320.64,29.2,-0.05796681882311402,1
4225,30023,20101015,20101019,354,9,27,Low,Delivery Truck,34,16193.16,0.02,6463.34,449.99,49.0,0.3991401307712639,4
4241,30150,20101004,20101005,398,9,889,Critical,Regular Air,30,443.46,0.06,193.12,15.57,1.39,0.43548459838542375,1
4242,30151,20110129,20110131,337,9,203,Not Specified,Regular Air,31,792.76,0.02,33.37,24.92,12.98,0.042093445683435086,2
4251,30276,20110826,20110830,335,9,828,Low,Regular Air,44,1453.704,0.0,549.84,35.99,1.1,0.37823380825807734,4
4252,30276,20110826,20110830,335,9,301,Low,Delivery Truck,34,7656.304,0.1,-715.78,296.18,54.12,-0.09348897326960894,4
4254,30279,20111207,20111207,453,9,1085,Critical,Regular Air,25,1412.98,0.1,324.96,60.97,4.5,0.22998202380783875,0
4255,30279,20111207,20111208,453,9,666,Critical,Delivery Truck,39,19539.94,0.06,4914.24,517.48,16.63,0.2514971898583107,1
4587,32640,20120915,20120917,380,9,964,High,Regular Air,18,126.69,0.04,-35.56,6.81,5.48,-0.28068513694845687,2
4588,32640,20120915,20120917,380,9,47,High,Express Air,12,162.11,0.04,3.91,12.28,6.47,0.024119425081734622,2
4621,32902,20120303,20120304,455,9,678,High,Express Air,34,145.48,0.03,32.43,4.26,1.2,0.22291723948309047,1
4631,32965,20110224,20110225,367,9,219,High,Regular Air,25,2427.25,0.1,227.67,99.99,19.99,0.09379750746729838,1
4639,33025,20090124,20090129,419,9,315,Low,Regular Air,5,318.31,0.08,-19.06,67.84,0.99,-0.0598787345669316,5
4655,33154,20100803,20100806,348,9,1021,Critical,Regular Air,7,368.0245,0.09,-218.81,65.99,4.2,-0.5945528083048819,3
4673,33253,20111130,20111202,388,9,1041,Not Specified,Regular Air,6,24.2,0.08,-5.2,4.13,1.17,-0.21487603305785125,2
4733,33699,20090726,20090730,346,9,302,Low,Delivery Truck,13,1619.51,0.05,-722.23,122.99,70.2,-0.4459558755426024,4
4747,33761,20120804,20120805,423,9,373,High,Regular Air,45,463.93,0.06,29.96,10.48,2.89,0.06457870799474058,1
4757,33797,20090111,20090113,400,9,396,Not Specified,Express Air,29,138.17,0.05,-103.78,4.14,6.6,-0.7511037128175437,2
4758,33797,20090111,20090111,400,9,120,Not Specified,Regular Air,18,216.87,0.03,30.53,11.34,5.01,0.1407755798404574,0
4826,34309,20120906,20120908,358,9,537,High,Regular Air,16,75.77,0.0,-56.62,4.37,5.15,-0.7472614491223439,2
4859,34595,20120719,20120720,399,9,130,Medium,Regular Air,12,488.65,0.07,19.83,40.99,17.48,0.04058119308298373,1
4872,34662,20120110,20120112,407,9,223,Critical,Delivery Truck,35,12741.81,0.09,95.06,370.98,99.0,0.007460478534839242,2
4874,34689,20091123,20091130,362,9,624,Low,Regular Air,36,572.4,0.07,-39.5,16.91,6.25,-0.06900768693221523,7
4878,34694,20110428,20110428,392,9,1125,Low,Regular Air,11,55.49,0.04,-37.32,4.48,7.24,-0.672553613263651,0
4883,34725,20110727,20110729,358,9,9,Low,Regular Air,14,1885.41,0.08,-524.74,138.14,35.0,-0.2783161222227526,2
4960,35296,20110321,20110323,384,9,440,Low,Regular Air,7,407.8725,0.02,-165.63,65.99,3.99,-0.40608278322269825,2
4990,35494,20110214,20110215,411,9,995,Medium,Regular Air,18,1731.104,0.01,-270.57,111.96,69.0,-0.15629910161376787,1
5030,35845,20110106,20110108,393,9,564,High,Delivery Truck,15,5713.48,0.05,-712.53,376.13,85.63,-0.12471033415711616,2
5036,35905,20120219,20120224,393,9,114,Low,Express Air,20,37.4,0.09,-17.18,1.68,1.57,-0.45935828877005347,5
5240,37287,20121101,20121105,362,9,368,Low,Regular Air,22,2052.2655,0.04,371.4,110.99,2.5,0.18097073697335944,4
5263,37443,20100415,20100417,394,9,42,Not Specified,Regular Air,21,2172.702,0.01,481.74,115.99,2.5,0.22172391796021726,2
5299,37731,20091104,20091106,423,9,743,Critical,Regular Air,25,88.37,0.09,33.68,3.75,0.5,0.38112481611406585,2
5310,37792,20111229,20111230,352,9,948,High,Regular Air,14,36.74,0.09,-5.36,2.78,0.97,-0.14589003810560697,1
5334,37893,20111124,20111125,456,9,890,Not Specified,Regular Air,14,436.78,0.04,25.69,29.99,5.5,0.05881679564082605,1
5399,38372,20100515,20100515,364,9,1126,High,Regular Air,46,1053.84,0.0,-632.16,20.98,21.2,-0.5998633568663175,0
5427,38564,20091102,20091105,12,9,544,Critical,Delivery Truck,37,9517.6,0.09,-1262.44,280.98,57.0,-0.13264268302933513,3
5477,38912,20121028,20121030,365,9,659,Low,Regular Air,46,6943.94,0.01,608.9,152.48,4.0,0.08768796965411568,2
5493,38976,20101225,20101227,375,9,471,Critical,Regular Air,46,944.76,0.03,165.46,19.98,8.68,0.1751344256742453,2
5503,39040,20090521,20090522,353,9,141,Critical,Regular Air,26,1204.5095,0.03,-221.25,55.99,5.0,-0.18368472809886516,1
5530,39169,20110826,20110827,305,9,486,Medium,Regular Air,5,24.91,0.0,-0.9,4.84,0.71,-0.03613006824568447,1
5538,39238,20100926,20100927,366,9,327,Critical,Express Air,9,373.48,0.1,112.06,40.98,2.99,0.30004284031273426,1
5567,39426,20090526,20090527,373,9,675,Critical,Regular Air,21,56.21,0.05,12.71,2.62,0.8,0.22611634940402064,1
5613,39780,20090607,20090614,342,9,728,Low,Regular Air,33,1683.69,0.02,809.97,48.04,5.79,0.4810683676923899,7
5653,40005,20100725,20100725,394,9,28,High,Regular Air,9,130.43,0.03,-8.7,13.48,4.51,-0.06670244575634439,0
5829,41350,20100508,20100509,390,9,1127,Medium,Regular Air,1,423.3,0.01,-259.01,419.19,19.99,-0.6118828254193244,1
5834,41383,20100512,20100516,358,9,1022,Low,Delivery Truck,38,2702.3,0.03,-1330.78,70.98,59.81,-0.4924619768345483,4
5900,41826,20101016,20101018,342,9,706,Medium,Delivery Truck,2,570.98,0.05,-340.48,258.98,54.31,-0.5963081018599601,2
5996,42471,20120309,20120311,407,9,1060,Low,Regular Air,23,44.89,0.09,-17.13,1.95,1.63,-0.3815994653597683,2
6003,42528,20100223,20100224,371,9,1100,Medium,Regular Air,29,200.7,0.02,-147.72,6.48,9.17,-0.7360239162929746,1
6004,42529,20101010,20101014,410,9,948,Low,Regular Air,2,6.34,0.08,-4.44,2.78,0.97,-0.7003154574132493,4
6006,42529,20101010,20101014,410,9,477,Low,Regular Air,48,2996.93,0.04,1060.87,60.22,3.5,0.3539855785754088,4
6095,43200,20100731,20100801,373,9,470,Not Specified,Regular Air,3,554.32,0.01,-62.13,172.99,19.99,-0.11208327319959589,1
6096,43200,20100731,20100801,373,9,56,Not Specified,Regular Air,15,1073.567,0.04,-305.97,85.99,0.99,-0.2850031716697701,1
6150,43553,20090514,20090515,456,9,751,Not Specified,Regular Air,29,143.29,0.05,-55.54,4.98,4.72,-0.38760555516784145,1
6217,44033,20120110,20120112,334,9,308,Critical,Delivery Truck,45,5811.97,0.03,-434.15,124.49,51.94,-0.07469928440786858,2
6223,44065,20100703,20100710,334,9,197,Low,Delivery Truck,23,1914.16,0.01,128.43,80.97,33.6,0.06709470472687759,7
6299,44583,20091004,20091006,393,9,457,Low,Regular Air,21,315.07,0.02,95.0,14.2,5.3,0.3015202970768401,2
6353,45030,20100724,20100726,354,9,167,High,Regular Air,1,18.16,0.03,-7.25,12.28,6.13,-0.39922907488986786,2
6487,46177,20101205,20101205,111,9,318,Low,Regular Air,13,11169.95,0.07,3982.22,896.99,19.99,0.35651189127972815,0
6512,46341,20091217,20091218,353,9,114,High,Regular Air,23,39.13,0.1,-23.14,1.68,1.57,-0.5913621262458472,1
6513,46368,20120424,20120426,363,9,431,High,Regular Air,48,166.13,0.0,-119.16,3.28,3.97,-0.7172696081382051,2
6541,46531,20110821,20110826,342,9,1128,Low,Regular Air,17,3064.658,0.01,447.34,205.99,2.79,0.14596734774320658,5
6608,47012,20100513,20100517,404,9,644,Low,Express Air,35,584.42,0.08,-97.21,16.99,8.99,-0.16633585435132267,4
6619,47106,20111025,20111027,420,9,324,Medium,Regular Air,37,2192.63,0.05,660.06,59.98,3.99,0.30103574246452885,2
6693,47621,20090711,20090713,425,9,457,Critical,Express Air,16,230.74,0.08,27.23,14.2,5.3,0.1180116148045419,2
6839,48706,20121030,20121103,390,9,1129,Low,Regular Air,28,31.2,0.09,-2.81,1.14,0.7,-0.09006410256410256,4
6929,49443,20110123,20110124,376,9,1106,High,Regular Air,41,396.15,0.05,-10.98,9.85,4.82,-0.027716773949261645,1
6972,49824,20110322,20110323,390,9,306,High,Express Air,33,1900.226,0.01,440.2,65.99,5.31,0.2316566555767577,1
7156,51047,20090410,20090411,453,9,1099,Medium,Express Air,28,65.7,0.02,-83.54,1.76,4.86,-1.271537290715373,1
7157,51047,20090410,20090411,453,9,148,Medium,Regular Air,38,1685.07,0.03,-681.97,41.47,34.2,-0.40471315731690677,1
7261,51783,20111111,20111113,294,9,818,Medium,Delivery Truck,47,3587.72,0.0,54.23,70.89,89.3,0.015115449366171273,2
7556,54053,20120214,20120215,371,9,104,High,Regular Air,34,5634.3525,0.03,1185.41,200.99,8.08,0.2103897475353202,1
7630,54592,20110612,20110614,390,9,760,Low,Regular Air,34,154.43,0.03,-133.77,4.18,6.92,-0.8662177038140259,2
7741,55425,20111101,20111103,375,9,1130,Critical,Express Air,8,2302.36,0.05,-114.68,300.97,7.18,-0.04980976041974322,2
7767,55616,20110508,20110509,411,9,174,High,Regular Air,24,437.478,0.02,-42.23,20.99,1.25,-0.09653056839429638,1
7821,55909,20090519,20090526,412,9,813,Low,Regular Air,2,32.6,0.03,-20.57,13.43,5.5,-0.6309815950920246,7
7825,55938,20120702,20120703,401,9,72,Not Specified,Express Air,42,802.46,0.08,192.88,19.98,5.97,0.24036089026244298,1
7866,56260,20090815,20090816,424,9,952,Not Specified,Regular Air,34,223.76,0.03,-139.66,6.48,7.91,-0.6241508759385056,1
7946,56768,20110727,20110728,354,9,603,Critical,Delivery Truck,13,1207.02,0.03,235.4,90.97,14.0,0.19502576593594143,1
8156,58337,20090528,20090530,111,9,339,Low,Regular Air,18,106.45,0.03,-5.08,5.85,2.27,-0.047721935180836075,2
8161,58343,20090109,20090111,361,9,340,Not Specified,Regular Air,39,121.87,0.07,11.32,3.29,1.35,0.0928858619840814,2
8299,59270,20100111,20100111,405,9,302,High,Delivery Truck,5,647.27,0.08,-404.77,122.99,70.2,-0.6253495450121278,0
8342,59619,20100213,20100215,369,9,836,Not Specified,Regular Air,35,225.4,0.08,-165.48,6.48,8.4,-0.7341614906832298,2
8358,59714,20101213,20101215,414,9,196,Critical,Delivery Truck,26,9225.65,0.03,1656.46,349.45,60.0,0.17954940844276557,2
8366,59781,20121212,20121214,414,9,547,Not Specified,Regular Air,18,1837.94,0.02,1249.43,99.23,8.99,0.6797991229311077,2
8368,59781,20121212,20121213,414,9,186,Not Specified,Delivery Truck,28,24391.16,0.04,-9611.91,880.98,44.55,-0.394073508599017,1
14,70,20101217,20101222,440,9,613,Low,Regular Air,48,90.05,0.03,-107.0,1.86,2.58,-1.1882287617990006,5
15,70,20101217,20101222,440,9,556,Low,Regular Air,46,7804.53,0.05,2057.17,205.99,5.99,0.2635866605676447,5
25,135,20111020,20111022,457,9,279,Not Specified,Regular Air,25,125.85,0.09,-89.25,4.98,4.62,-0.7091775923718713,2
27,193,20100807,20100809,144,9,587,Critical,Regular Air,14,174.89,0.06,-37.04,12.44,6.27,-0.2117902681685631,2
35,225,20110524,20110525,412,9,641,Critical,Regular Air,24,126.58,0.06,18.27,5.58,0.7,0.14433559804076473,1
36,225,20110524,20110526,412,9,93,Critical,Regular Air,1,23.7,0.05,-8.97,19.84,4.1,-0.37848101265822787,2
47,290,20090105,20090106,458,9,249,Not Specified,Regular Air,24,188.73,0.05,-32.48,7.64,5.83,-0.17209770571716207,1
104,644,20120430,20120501,150,9,82,Critical,Delivery Truck,5,1679.58,0.01,-171.92,320.98,58.95,-0.10235892306409936,1
112,738,20100301,20100303,459,9,998,Not Specified,Regular Air,7,560.51,0.04,32.6,80.98,4.5,0.058161317371679365,2
113,738,20100301,20100302,459,9,896,Not Specified,Regular Air,31,189.95,0.08,-56.68,6.48,5.14,-0.2983943142932351,1
117,772,20100416,20100418,460,9,1131,High,Regular Air,35,589.24,0.08,-38.35,17.52,8.17,-0.0650838368067341,2
118,772,20100416,20100418,460,9,1132,High,Regular Air,25,233.05,0.1,86.93,9.9,1.39,0.37301008367303157,2
181,1189,20090408,20090409,185,9,1133,Critical,Regular Air,27,129.1,0.0,-59.82,4.42,4.99,-0.46336173508907824,1
263,1825,20101204,20101206,185,9,264,Medium,Regular Air,22,38.26,0.03,-2.34,1.76,0.7,-0.06116048092002091,2
355,2467,20110715,20110716,459,9,128,Not Specified,Delivery Truck,30,4147.47,0.09,586.61,145.45,17.85,0.14143803330705224,1
446,3014,20121029,20121031,460,9,880,Not Specified,Regular Air,13,4002.14,0.02,1314.39,304.99,19.99,0.3284217943400281,2
450,3073,20090107,20090108,461,9,1134,Medium,Regular Air,3,10.58,0.05,-11.58,1.98,4.77,-1.0945179584120983,1
451,3073,20090107,20090108,461,9,287,Medium,Express Air,3,2119.67,0.07,-2314.74,699.99,24.49,-1.0920284761307184,1
452,3073,20090107,20090108,461,9,1135,Medium,Regular Air,7,45923.76,0.07,102.61,6783.02,24.49,0.002234355375082528,1
464,3168,20120129,20120203,461,9,1136,Low,Regular Air,14,80.6,0.04,-4.2,5.28,3.96,-0.05210918114143921,5
469,3205,20120410,20120410,462,9,797,Low,Regular Air,8,136.61,0.01,80.43,15.68,3.73,0.5887563135934412,0
470,3205,20120410,20120414,462,9,18,Low,Express Air,42,2907.63,0.04,54.6,71.37,69.0,0.018778180167352793,4
520,3559,20121023,20121024,85,9,415,Medium,Express Air,34,136.67,0.07,-117.92,3.81,5.44,-0.862808224189654,1
523,3586,20101204,20101205,94,9,133,High,Regular Air,32,383.57,0.06,70.51,12.58,5.16,0.18382563808431318,1
524,3586,20101204,20101206,94,9,551,High,Regular Air,31,461.1,0.05,116.96,14.34,5.0,0.25365430492301017,2
554,3750,20110429,20110501,185,9,449,Medium,Regular Air,12,76.16,0.04,-24.03,5.98,5.2,-0.3155199579831933,2
556,3778,20100525,20100527,463,9,1090,Critical,Regular Air,34,268.09,0.07,-63.76,8.32,2.38,-0.2378305792830766,2
557,3778,20100525,20100526,463,9,257,Critical,Regular Air,12,557.03,0.04,8.95,45.19,1.99,0.016067357233901226,1
558,3778,20100525,20100526,463,9,526,Critical,Regular Air,3,26.53,0.05,-15.0,6.68,6.92,-0.5653976630229928,1
559,3778,20100525,20100526,463,9,602,Critical,Regular Air,34,5133.9235,0.02,1313.95,175.99,4.99,0.25593486151478495,1
566,3841,20091004,20091006,464,9,347,Not Specified,Regular Air,19,1184.45,0.02,-552.1,60.98,49.0,-0.4661235172442906,2
567,3841,20091004,20091006,464,9,165,Not Specified,Regular Air,20,25409.63,0.02,11535.28,1270.99,19.99,0.45397276544365267,2
568,3841,20091004,20091006,464,9,783,Not Specified,Express Air,43,7308.283,0.05,1680.23,205.99,8.99,0.22990762672983517,2
584,4004,20100506,20100509,465,9,486,Medium,Regular Air,14,63.52,0.1,8.66,4.84,0.71,0.13633501259445843,3
585,4004,20100506,20100507,465,9,555,Medium,Regular Air,44,1512.25,0.05,195.48,34.58,8.99,0.1292643412134237,1
599,4096,20120702,20120703,150,9,337,Not Specified,Regular Air,21,128.28,0.04,53.58,6.3,0.5,0.4176800748362956,1
682,4769,20110413,20110414,466,9,43,Not Specified,Regular Air,41,117.4,0.01,48.63,2.88,0.5,0.4142248722316865,1
688,4800,20120105,20120112,467,9,401,Low,Regular Air,4,41.94,0.05,-26.17,8.04,8.94,-0.6239866475917979,7
689,4800,20120105,20120112,467,9,383,Low,Regular Air,17,89.25,0.01,40.88,4.91,0.5,0.45803921568627454,7
690,4800,20120105,20120110,467,9,769,Low,Regular Air,7,79.81,0.07,-4.28,11.55,2.36,-0.05362736499185566,5
778,5543,20100924,20100926,468,9,767,Medium,Regular Air,15,703.54,0.04,138.46,48.58,3.99,0.19680473036358986,2
779,5543,20100924,20100927,468,9,172,Medium,Regular Air,6,65.93,0.04,11.06,10.31,1.79,0.16775367814348552,3
780,5543,20100924,20100926,468,9,424,Medium,Regular Air,27,67.3,0.02,-115.38,2.18,5.0,-1.714413075780089,2
789,5636,20110215,20110217,469,9,339,Medium,Regular Air,23,138.17,0.0,-1.09,5.85,2.27,-0.00788883259752479,2
843,6050,20100328,20100404,470,9,197,Low,Delivery Truck,3,261.94,0.06,-219.78,80.97,33.6,-0.8390471100251966,7
844,6050,20100328,20100402,470,9,724,Low,Regular Air,47,9574.82,0.08,-505.98,209.37,69.0,-0.052844857657898536,5
857,6148,20111224,20111225,471,9,448,Medium,Regular Air,50,510.56,0.05,-29.4,10.64,5.16,-0.05758382952052648,1
858,6148,20111224,20111225,471,9,1105,Medium,Express Air,18,389.52,0.05,116.37,20.28,6.68,0.2987523105360444,1
930,6727,20090829,20090829,472,9,349,Low,Regular Air,12,33.43,0.06,8.47,2.89,0.5,0.25336524080167516,0
979,7079,20100208,20100209,473,9,544,Medium,Delivery Truck,44,12296.49,0.01,-416.7,280.98,57.0,-0.03388771917839969,1
980,7079,20100208,20100210,473,9,772,Medium,Regular Air,18,128.13,0.03,-34.91,6.48,5.94,-0.2724576601888707,2
1005,7301,20101228,20110114,85,9,892,Low,Regular Air,17,959.089,0.06,124.99,65.99,2.5,0.13032158642211514,17
1041,7623,20091028,20091030,465,9,256,Critical,Regular Air,18,5459.32,0.03,1603.12,300.65,24.49,0.29364829319402413,2
1042,7623,20091028,20091030,465,9,1137,Critical,Regular Air,37,1793.42,0.06,21.5,49.99,19.99,0.01198826822495567,2
1043,7623,20091028,20091029,465,9,504,Critical,Regular Air,32,3080.07,0.1,1480.15,104.85,4.65,0.48055726006227134,1
1084,8000,20100919,20100921,464,9,319,Low,Regular Air,10,149.25,0.08,-26.81,15.01,8.4,-0.17963149078726967,2
1085,8000,20100919,20100921,464,9,1138,Low,Regular Air,1,10.14,0.04,-7.61,4.82,5.24,-0.7504930966469427,2
1097,8039,20120823,20120824,470,9,1061,Medium,Regular Air,37,1199.7,0.01,3.22,30.98,19.51,0.0026840043344169375,1
1112,8162,20091007,20091008,471,9,593,Medium,Regular Air,25,670.39,0.03,-82.26,27.48,4.0,-0.12270469428243262,1
1113,8162,20091007,20091008,471,9,634,Medium,Regular Air,32,5618.4,0.1,1314.12,179.99,19.99,0.23389577103801792,1
1114,8162,20091007,20091009,471,9,405,Medium,Regular Air,42,5450.6,0.1,10.86,140.85,19.99,0.00199244119913404,2
1211,8870,20100305,20100306,471,9,1139,Not Specified,Regular Air,15,441.58,0.07,117.39,30.98,5.09,0.26584084424113413,1
1275,9253,20120130,20120201,119,9,852,Critical,Regular Air,36,1644.22,0.05,563.09,46.94,6.77,0.34246633662162,2
1490,10722,20110119,20110121,458,9,653,Not Specified,Regular Air,8,40.26,0.01,-27.44,4.28,5.68,-0.6815697963238948,2
1595,11527,20090702,20090704,466,9,547,Medium,Regular Air,45,4629.67,0.04,2860.71,99.23,8.99,0.6179079718424856,2
1613,11683,20120207,20120207,468,9,421,Not Specified,Regular Air,28,1650.411,0.03,335.08,65.99,5.99,0.20302821539604377,0
1730,12448,20111108,20111111,469,9,1140,Critical,Regular Air,33,240.27,0.07,-269.8,7.38,11.51,-1.1229034003412828,3
1731,12448,20111108,20111109,469,9,649,Critical,Delivery Truck,24,6802.37,0.08,459.5,284.98,69.55,0.06754998625479061,1
1816,13028,20090408,20090409,472,9,121,Critical,Regular Air,39,1357.53,0.05,562.92,35.44,5.09,0.4146648692846567,1
1835,13156,20111005,20111010,474,9,132,Low,Regular Air,12,502.01,0.04,159.73,39.98,9.2,0.3181809127308221,5
1840,13252,20090322,20090325,460,9,580,Not Specified,Delivery Truck,44,7312.86,0.03,1279.37,160.98,30.0,0.1749479683735228,3
1841,13252,20090322,20090324,460,9,404,Not Specified,Regular Air,39,605.16,0.09,154.65,15.98,4.0,0.2555522506444577,2
1879,13540,20100523,20100525,475,9,46,High,Regular Air,33,121.0,0.09,51.21,3.75,0.5,0.4232231404958678,2
1880,13540,20100523,20100525,475,9,539,High,Regular Air,27,1484.185,0.02,239.25,65.99,4.99,0.16119958091477815,2
1968,14081,20101006,20101007,462,9,1069,High,Delivery Truck,31,1476.12,0.03,-1401.17,44.43,46.59,-0.9492249952578382,1
1969,14086,20101020,20101025,462,9,631,Low,Delivery Truck,13,1764.97,0.07,-383.5,130.98,54.74,-0.21728414647274458,5
1970,14086,20101020,20101027,462,9,697,Low,Regular Air,50,238.34,0.04,-7.36,4.76,3.01,-0.030880255097759504,7
2025,14435,20121201,20121202,469,9,668,Not Specified,Delivery Truck,41,3731.59,0.0,-605.52,89.99,42.0,-0.1622686307981316,1
2026,14435,20121201,20121204,469,9,480,Not Specified,Regular Air,9,33367.85,0.01,3992.52,3499.99,24.49,0.11965170066396247,3
2027,14435,20121201,20121201,469,9,38,Not Specified,Regular Air,44,1299.91,0.06,439.26,30.98,5.76,0.33791570185628234,0
2064,14784,20120314,20120315,473,9,1069,Medium,Delivery Truck,43,2009.05,0.04,33.99,44.43,46.59,0.016918444040715762,1
2136,15264,20111117,20111119,466,9,165,Medium,Regular Air,3,3581.52,0.07,-408.22,1270.99,19.99,-0.11397953941343342,2
2137,15264,20111117,20111117,466,9,32,Medium,Regular Air,13,90.15,0.07,33.05,7.31,0.49,0.36661120354963944,0
2273,16352,20120730,20120801,85,9,59,Medium,Regular Air,16,113.25,0.03,-43.43,6.48,6.65,-0.3834878587196468,2
2289,16513,20100903,20100904,469,9,721,Critical,Delivery Truck,10,1642.43,0.02,-423.2,150.89,60.2,-0.25766699341828875,1
2302,16582,20111001,20111003,476,9,1104,Critical,Delivery Truck,26,6766.856,0.02,-774.89,320.64,43.57,-0.1145125594515385,2
2307,16640,20100727,20100729,477,9,655,Low,Delivery Truck,6,652.33,0.09,-227.51,113.98,30.0,-0.34876519552986984,2
2321,16711,20120425,20120427,478,9,1129,Not Specified,Regular Air,3,3.96,0.1,-1.72,1.14,0.7,-0.43434343434343436,2
2375,17218,20120723,20120725,479,9,268,Critical,Regular Air,32,157.85,0.06,22.54,5.18,2.04,0.14279379157427938,2
2381,17255,20100714,20100715,458,9,761,Not Specified,Regular Air,17,158.19,0.09,-75.22,9.38,7.28,-0.4755041405904292,1
2392,17317,20091203,20091205,480,9,1133,Not Specified,Regular Air,7,34.66,0.06,-20.87,4.42,4.99,-0.6021350259665321,2
2405,17414,20120629,20120701,476,9,219,High,Regular Air,39,3755.43,0.07,448.07,99.99,19.99,0.11931256873380679,2
2406,17414,20120629,20120701,476,9,120,High,Regular Air,32,347.93,0.1,34.29,11.34,5.01,0.09855430690081338,2
2408,17446,20090609,20090611,466,9,1008,Critical,Express Air,15,138.84,0.0,8.75,8.34,2.64,0.06302218380870066,2
2446,17765,20110915,20110915,469,9,388,Not Specified,Regular Air,36,79.02,0.08,-192.68,2.16,6.05,-2.438370032903063,0
2471,17958,20110811,20110815,461,9,1141,Low,Regular Air,33,1053.74,0.07,359.53,32.48,7.09,0.3411942224837246,4
2534,18375,20110922,20110926,475,9,46,Low,Regular Air,20,76.89,0.03,31.64,3.75,0.5,0.4114969436857849,4
2566,18532,20111020,20111021,461,9,342,Not Specified,Regular Air,29,230.77,0.09,-146.24,8.45,7.77,-0.6337045543181523,1
2567,18532,20111020,20111022,461,9,1119,Not Specified,Regular Air,31,507.58,0.01,-131.59,15.42,10.68,-0.2592497734347295,2
2583,18627,20101220,20101221,470,9,99,Medium,Regular Air,4,15.7,0.01,0.71,3.69,0.5,0.04522292993630573,1
2603,18816,20090224,20090226,60,9,767,Critical,Express Air,12,580.46,0.03,108.96,48.58,3.99,0.18771319298487404,2
2610,18852,20110919,20110921,475,9,72,High,Express Air,17,351.25,0.01,80.73,19.98,5.97,0.22983629893238436,2
2670,19329,20100307,20100309,467,9,736,Not Specified,Regular Air,37,281.59,0.07,-6.39,7.96,4.95,-0.022692567207642317,2
2671,19329,20100307,20100308,467,9,482,Not Specified,Regular Air,6,231.7525,0.03,-155.95,45.99,4.99,-0.6729161497718471,1
2697,19522,20091020,20091021,462,9,161,Medium,Regular Air,44,161.8,0.06,21.34,3.8,1.49,0.1318912237330037,1
2698,19522,20091020,20091021,462,9,264,Medium,Regular Air,37,64.36,0.06,-1.53,1.76,0.7,-0.02377252952144189,1
2743,19811,20110808,20110813,481,9,1011,Low,Express Air,49,450.66,0.01,-115.1,8.57,6.14,-0.2554031864376692,5
2748,19841,20101226,20110122,449,9,393,Low,Regular Air,17,213.06,0.03,-31.74,11.97,5.81,-0.14897212052942832,27
2749,19841,20101226,20110126,449,9,469,Low,Regular Air,7,1126.488,0.08,-557.95,195.99,4.2,-0.4953004381759948,31
2752,19874,20120608,20120609,471,9,716,High,Regular Air,31,310.46,0.0,-182.52,9.71,9.45,-0.5879018231012048,1
2767,20003,20120130,20120201,223,9,313,Medium,Regular Air,5,141.9755,0.09,-88.94,35.99,0.99,-0.626446112181327,2
2780,20068,20110228,20110301,482,9,518,Critical,Regular Air,9,53.18,0.09,-46.13,5.53,6.98,-0.8674313651748778,1
2797,20162,20090208,20090209,440,9,1142,Medium,Regular Air,38,607.42,0.03,-254.14,15.16,15.09,-0.41839254552039773,1
2820,20354,20120919,20120921,85,9,927,Critical,Regular Air,24,76.06,0.02,30.03,3.15,0.49,0.3948198790428609,2
2821,20384,20111025,20111101,481,9,569,Low,Regular Air,30,396.6,0.08,-148.26,14.03,9.37,-0.3738275340393343,7
2822,20384,20111025,20111029,481,9,763,Low,Delivery Truck,32,6902.51,0.04,-513.79,212.6,110.2,-0.07443524167295665,4
2872,20710,20091129,20091130,469,9,1143,High,Regular Air,31,180.7,0.1,-94.61,5.98,3.85,-0.5235749861649143,1
2873,20710,20091129,20091201,469,9,282,High,Regular Air,26,67.4,0.07,22.71,2.61,0.5,0.3369436201780415,2
2886,20807,20120721,20120722,144,9,293,Not Specified,Regular Air,16,466.9475,0.1,82.82,35.99,3.3,0.17736469303294267,1
2900,20934,20100120,20100121,150,9,908,Critical,Delivery Truck,5,1253.89,0.09,-577.48,264.98,17.86,-0.4605507660161577,1
2915,21057,20110203,20110210,483,9,65,Low,Regular Air,28,1103.67,0.04,253.61,39.48,1.99,0.2297878894959544,7
2925,21190,20090528,20090528,185,9,1039,Medium,Regular Air,28,1062.69,0.01,401.8,35.94,6.66,0.37809709322568197,0
2977,21505,20121203,20121203,474,9,649,Low,Delivery Truck,3,912.35,0.07,-379.22,284.98,69.55,-0.41565188798158603,0
3076,22055,20120923,20120925,477,9,580,Medium,Delivery Truck,40,6147.24,0.05,632.98,160.98,30.0,0.10296978806749046,2
3114,22371,20090404,20090405,470,9,1140,High,Regular Air,8,70.55,0.0,-66.17,7.38,11.51,-0.9379163713678244,1
3137,22498,20101109,20101110,484,9,732,Critical,Regular Air,20,34.94,0.05,-30.7,1.7,1.99,-0.8786491127647396,1
3145,22562,20090327,20090329,474,9,1144,Medium,Delivery Truck,46,9304.2,0.08,1981.17,213.45,14.7,0.21293286902689107,2
3146,22562,20090327,20090329,474,9,297,Medium,Regular Air,31,1685.05,0.1,518.07,55.98,13.88,0.3074508174831608,2
3147,22562,20090327,20090328,474,9,750,Medium,Regular Air,3,57.48,0.0,-28.09,16.06,8.34,-0.48869171885873347,1
3270,23392,20090816,20090818,474,9,724,Medium,Regular Air,24,4276.096,0.0,-505.98,209.37,69.0,-0.11832755859550395,2
3327,23782,20100110,20100110,483,9,39,Low,Delivery Truck,46,21390.44,0.09,5365.43,500.98,26.0,0.2508330824424369,0
3328,23782,20100110,20100115,483,9,540,Low,Regular Air,7,169.75,0.09,-194.85,20.34,35.0,-1.1478645066273931,5
3367,24069,20100716,20100723,457,9,564,Low,Delivery Truck,21,7981.2,0.02,-592.52,376.13,85.63,-0.07423946273743297,7
3377,24099,20110520,20110521,467,9,630,Not Specified,Regular Air,6,205.24,0.01,-135.51,30.98,6.5,-0.6602514129799258,1
3378,24099,20110520,20110521,467,9,540,Not Specified,Regular Air,36,825.82,0.0,-1049.26,20.34,35.0,-1.270567436003003,1
3401,24228,20090717,20090721,457,9,613,Low,Regular Air,31,60.64,0.05,-66.62,1.86,2.58,-1.0986147757255937,4
3402,24231,20090807,20090807,469,9,703,Not Specified,Regular Air,48,2482.034,0.08,421.89,65.99,5.92,0.16997752649641382,0
3452,24613,20120716,20120725,461,9,776,Low,Regular Air,16,9695.84,0.0,2752.11,599.99,24.49,0.2838444116239542,9
3453,24613,20120716,20120725,461,9,227,Low,Regular Air,36,246.79,0.01,-90.08,6.48,6.6,-0.36500668584626605,9
3454,24613,20120716,20120725,461,9,93,Low,Regular Air,39,777.78,0.01,237.75,19.84,4.1,0.3056776980637198,9
3462,24647,20090604,20090606,481,9,1036,Not Specified,Regular Air,3,3029.97,0.0,-1820.0,999.99,13.99,-0.6006660131948501,2
3463,24647,20090604,20090605,481,9,896,Not Specified,Express Air,34,241.04,0.05,-28.2,6.48,5.14,-0.11699303020245602,1
3464,24672,20120317,20120320,472,9,378,Medium,Regular Air,5,44.17,0.02,23.41,7.59,4.0,0.5299977360199231,3
3465,24672,20120317,20120319,472,9,444,Medium,Regular Air,37,192.92,0.09,74.58,5.43,0.95,0.38658511300020737,2
3466,24672,20120317,20120319,472,9,81,Medium,Regular Air,37,10532.94,0.06,406.37,279.48,35.0,0.038580871057843295,2
3476,24740,20100110,20100111,85,9,55,Medium,Regular Air,11,1091.47,0.04,160.48,92.23,39.61,0.14703106819243772,1
3477,24740,20100110,20100110,85,9,685,Medium,Express Air,35,112.59,0.09,-126.7,3.28,5.0,-1.1253219646505017,0
3578,25479,20110428,20110428,150,9,314,Critical,Regular Air,3,210.5025,0.04,-315.33,85.99,1.25,-1.4979869597748245,0
3635,25985,20120902,20120904,485,9,988,Low,Regular Air,50,230.63,0.1,-39.71,4.91,3.05,-0.1721805489311885,2
3636,25985,20120902,20120906,485,9,295,Low,Regular Air,22,80.79,0.1,25.18,3.78,0.71,0.3116722366629533,4
3683,26341,20100728,20100730,412,9,308,Critical,Delivery Truck,8,1095.27,0.03,-281.22,124.49,51.94,-0.2567586074666521,2
3695,26407,20120619,20120621,412,9,81,Critical,Regular Air,34,9522.12,0.04,171.3,279.48,35.0,0.01798969137124926,2
3696,26407,20120619,20120620,412,9,292,Critical,Regular Air,16,1985.6935,0.1,35.65,155.99,8.99,0.01795342533981201,1
3697,26432,20091230,20100106,85,9,1012,Low,Regular Air,37,1420.89,0.06,389.67,38.06,4.5,0.2742436078795684,7
3698,26432,20091230,20100108,85,9,776,Low,Regular Air,48,27820.34,0.08,11630.15,599.99,24.49,0.41804485495144916,9
3699,26432,20091230,20100104,85,9,49,Low,Express Air,11,45.18,0.1,-10.77,3.98,2.97,-0.23837981407702521,5
3726,26630,20101127,20101129,85,9,673,High,Regular Air,9,65.67,0.02,-35.2,6.48,7.37,-0.5360134003350084,2
3730,26660,20120318,20120318,482,9,493,Medium,Regular Air,1,10.23,0.1,-4.22,8.95,2.01,-0.41251221896383183,0
3754,26818,20120108,20120109,486,9,183,Not Specified,Regular Air,23,202.84,0.05,-19.48,8.85,5.6,-0.0960362847564583,1
3755,26818,20120108,20120110,486,9,166,Not Specified,Express Air,5,78.39,0.01,-5.16,11.97,4.98,-0.06582472254114045,2
3756,26818,20120108,20120109,486,9,7,Not Specified,Regular Air,36,251.34,0.1,-162.2,7.3,7.72,-0.6453409723880003,1
3790,27011,20101230,20101230,457,9,326,Medium,Regular Air,5,53.66,0.09,5.69,10.94,1.39,0.10603801714498697,0
3903,27841,20120916,20120918,459,9,1145,High,Regular Air,33,67.85,0.05,1.05,2.1,0.7,0.015475313190862199,2
4003,28581,20111207,20111209,482,9,203,Medium,Regular Air,1,36.4,0.06,-41.56,24.92,12.98,-1.141758241758242,2
4004,28581,20111207,20111209,482,9,657,Medium,Regular Air,36,176.35,0.04,73.05,4.98,0.8,0.41423305925715903,2
4008,28611,20121227,20121230,462,9,1146,Low,Regular Air,30,15337.58,0.1,6670.41,525.98,19.99,0.4349062889973516,3
4009,28611,20121227,20121229,462,9,662,Low,Regular Air,42,3883.4715,0.1,707.17,115.99,8.99,0.18209738374544526,2
4015,28647,20090314,20090315,482,9,609,Critical,Express Air,38,5679.59,0.09,-1763.75,154.13,69.0,-0.3105417820652547,1
4018,28736,20090421,20090421,487,9,130,High,Regular Air,26,1029.29,0.06,109.16,40.99,17.48,0.10605368749332064,0
4041,28835,20120331,20120402,470,9,902,Not Specified,Regular Air,1,184.18,0.08,-112.44,178.47,19.99,-0.6104897382994896,2
4106,29220,20121229,20121229,85,9,1147,Medium,Express Air,36,12690.33,0.08,5045.3,367.99,19.99,0.39757043355058536,0
4235,30114,20100816,20100823,459,9,287,Low,Express Air,7,4667.28,0.09,-362.88,699.99,24.49,-0.07774978145729419,7
4258,30336,20100129,20100131,459,9,220,Medium,Regular Air,28,5155.07,0.06,368.79,193.17,19.99,0.07153928074691518,2
4312,30725,20091228,20091229,469,9,27,Medium,Delivery Truck,39,16468.55,0.08,5638.75,449.99,49.0,0.342395049958861,1
4319,30784,20120507,20120509,449,9,523,Medium,Delivery Truck,10,707.3,0.06,-127.94,70.98,26.74,-0.18088505584617562,2
4320,30784,20120507,20120508,449,9,153,Medium,Regular Air,48,335.64,0.02,80.13,6.7,1.56,0.23873793350017877,1
4351,31040,20100914,20100916,459,9,701,Not Specified,Regular Air,23,872.97,0.1,-22.63,39.98,4.0,-0.025922998499375693,2
4352,31040,20100914,20100916,459,9,254,Not Specified,Regular Air,19,545.71,0.1,-35.47,29.74,6.64,-0.06499789265360723,2
4469,31846,20110813,20110815,474,9,206,Critical,Delivery Truck,7,261.17,0.03,-78.84,33.94,19.19,-0.30187234368419036,2
4503,32038,20090617,20090619,472,9,906,Low,Express Air,26,342.4,0.0,-14.06,11.7,6.96,-0.04106308411214954,2
4504,32065,20111202,20111203,480,9,169,Medium,Regular Air,25,450.28,0.09,-12.35,17.98,8.51,-0.02742737852003198,1
4545,32326,20101031,20101101,437,9,221,High,Regular Air,50,929.81,0.09,-188.41,19.99,11.17,-0.20263279594755917,1
4584,32613,20111216,20111223,488,9,672,Low,Express Air,31,1359.74,0.01,202.33,43.98,8.99,0.14880050597908426,7
4585,32613,20111216,20111218,488,9,1047,Low,Regular Air,38,5228.2,0.0,-691.52,135.31,35.0,-0.1322673195363605,2
4586,32613,20111216,20111218,488,9,4,Low,Express Air,41,7174.9435,0.02,2373.24,195.99,3.99,0.33076776144648384,2
4598,32741,20090215,20090222,150,9,716,Low,Regular Air,13,136.24,0.07,-81.77,9.71,9.45,-0.6001908396946564,7
4624,32903,20120726,20120802,119,9,581,Low,Regular Air,31,454.58,0.07,-118.75,15.31,8.78,-0.26123014650886534,7
4642,33031,20120824,20120826,485,9,1001,High,Delivery Truck,24,550.68,0.08,-134.63,23.99,15.68,-0.24447955255320697,2
4643,33031,20120824,20120825,485,9,59,High,Regular Air,18,120.96,0.02,-53.69,6.48,6.65,-0.44386574074074076,1
4654,33152,20101121,20101123,459,9,292,Critical,Regular Air,19,2569.6265,0.0,398.01,155.99,8.99,0.1548902145895522,2
4662,33217,20090312,20090313,469,9,640,High,Regular Air,20,1388.91,0.1,-229.87,73.98,4.0,-0.165503884340958,1
4663,33217,20090312,20090313,469,9,913,High,Regular Air,34,1806.65,0.05,599.04,51.98,10.17,0.3315750145296543,1
4721,33606,20120301,20120303,475,9,514,High,Regular Air,46,410.03,0.05,-138.39,8.75,8.54,-0.3375118893739482,2
4728,33666,20120716,20120718,475,9,724,Not Specified,Regular Air,17,3801.27,0.02,-861.3,209.37,69.0,-0.2265821685910235,2
4749,33764,20110210,20110211,485,9,175,Critical,Regular Air,31,226.15,0.01,35.98,7.08,2.35,0.15909794384258233,1
4776,33921,20100330,20100408,119,9,307,Low,Delivery Truck,35,1794.03,0.05,196.21,50.98,14.19,0.10936829372975926,9
4781,33956,20120119,20120121,185,9,378,Low,Regular Air,13,109.58,0.0,31.32,7.59,4.0,0.2858185800328527,2
4790,34022,20121103,20121105,437,9,6,Not Specified,Regular Air,6,43.9,0.06,12.74,6.64,4.95,0.29020501138952165,2
4791,34022,20121103,20121103,437,9,988,Not Specified,Regular Air,50,236.28,0.05,-34.06,4.91,3.05,-0.14415100727949892,0
4801,34148,20120821,20120822,475,9,367,Critical,Regular Air,33,136.79,0.06,42.71,4.13,0.99,0.3122304262007457,1
4808,34182,20121017,20121019,412,9,717,Critical,Regular Air,31,336.34,0.05,-89.9,10.52,7.94,-0.2672890527442469,2
4829,34337,20100514,20100515,150,9,547,Medium,Express Air,36,3610.85,0.04,2235.37,99.23,8.99,0.6190703020064527,1
4866,34657,20100505,20100514,468,9,1061,Low,Express Air,46,1396.75,0.04,-75.7,30.98,19.51,-0.05419724360121711,9
4884,34727,20110313,20110317,458,9,401,Low,Express Air,20,159.71,0.1,-114.41,8.04,8.94,-0.7163609041387514,4
4902,34881,20110207,20110209,459,9,538,Medium,Regular Air,37,187.37,0.01,-85.01,4.98,4.95,-0.4537012328547793,2
4903,34882,20090724,20090725,482,9,75,Critical,Regular Air,43,84.61,0.03,-15.1,1.88,1.49,-0.17846590237560572,1
4906,34916,20100809,20100811,475,9,441,High,Express Air,3,24.36,0.08,10.04,4.82,5.72,0.4121510673234811,2
4921,35041,20090415,20090415,461,9,1142,Not Specified,Regular Air,28,443.73,0.01,-200.86,15.16,15.09,-0.4526626552182634,0
4965,35302,20100607,20100607,469,9,38,Medium,Regular Air,6,188.44,0.09,17.57,30.98,5.76,0.09323922734026746,0
4966,35302,20100607,20100608,469,9,658,Medium,Regular Air,13,1265.497,0.1,-228.18,125.99,7.69,-0.18030860602593288,1
5027,35841,20110508,20110509,471,9,1132,Medium,Regular Air,23,230.41,0.06,94.39,9.9,1.39,0.40966103901740375,1
5028,35841,20110508,20110509,471,9,442,Medium,Regular Air,48,5163.0105,0.07,1448.33,125.99,8.08,0.28052044441900703,1
5054,36034,20121016,20121018,479,9,92,High,Regular Air,10,19.36,0.0,-1.02,1.76,0.7,-0.052685950413223145,2
5056,36065,20100217,20100217,486,9,353,High,Regular Air,31,538.3,0.03,-63.98,16.98,12.39,-0.11885565669700911,0
5097,36355,20091202,20091202,457,9,213,Medium,Express Air,9,61.43,0.09,-42.98,5.4,7.78,-0.6996581474849422,0
5098,36355,20091202,20091202,457,9,1105,Medium,Regular Air,6,129.5,0.02,65.49,20.28,6.68,0.5057142857142857,0
5099,36355,20091202,20091203,457,9,769,Medium,Regular Air,10,125.95,0.0,15.73,11.55,2.36,0.12489082969432315,1
5100,36355,20091202,20091203,457,9,583,Medium,Regular Air,43,90.93,0.05,-72.5,2.08,2.56,-0.797316617178049,1
5104,36358,20090513,20090515,458,9,252,Not Specified,Regular Air,28,865.35,0.06,-159.25,30.42,8.65,-0.18402958340555844,2
5105,36358,20090513,20090514,458,9,532,Not Specified,Regular Air,22,823.07,0.02,318.25,37.94,5.08,0.38666213080296935,1
5161,36739,20091008,20091010,460,9,983,Not Specified,Regular Air,16,68.04,0.07,-55.52,3.98,5.26,-0.8159905937683715,2
5162,36739,20091008,20091008,460,9,138,Not Specified,Regular Air,27,331.17,0.07,97.19,12.22,2.85,0.29347465048162574,0
5165,36743,20120908,20120909,480,9,378,Critical,Regular Air,3,26.13,0.1,-10.61,7.59,4.0,-0.40604668962877916,1
5186,36864,20120729,20120731,489,9,997,Low,Regular Air,9,55.49,0.05,7.23,6.08,0.91,0.13029374662101278,2
5224,37188,20120304,20120305,482,9,10,Critical,Express Air,24,132.02,0.04,-123.28,4.98,8.33,-0.9337979094076655,1
5257,37414,20110909,20110911,466,9,481,Low,Delivery Truck,39,20596.58,0.09,-1331.55,550.98,64.59,-0.06464908251758301,2
5287,37638,20090121,20090123,185,9,917,Low,Regular Air,33,139.98,0.07,-140.54,4.13,6.89,-1.0040005715102158,2
5300,37734,20091226,20091227,471,9,824,Critical,Regular Air,15,1393.39,0.08,84.15,100.97,7.18,0.06039228069671808,1
5301,37734,20091226,20091227,471,9,1148,Critical,Regular Air,42,601.52,0.0,171.98,13.4,4.95,0.28590903045617766,1
5305,37763,20120208,20120209,462,9,1040,Not Specified,Regular Air,29,169.61,0.1,-211.06,5.94,9.92,-1.2443841754613525,1
5306,37763,20120208,20120209,462,9,588,Not Specified,Regular Air,24,1247.9275,0.1,186.42,65.99,2.5,0.14938367813835338,1
5324,37859,20090330,20090401,449,9,120,Critical,Regular Air,2,29.03,0.01,-11.83,11.34,5.01,-0.4075094729590079,2
5352,38048,20100124,20100124,490,9,1032,High,Regular Air,42,2252.262,0.1,478.11,65.99,5.63,0.2122799212525008,0
5353,38048,20100124,20100125,490,9,1121,High,Regular Air,47,279.01,0.05,-136.84,5.77,5.92,-0.49044837102612815,1
5386,38305,20110430,20110502,488,9,216,Critical,Regular Air,21,2561.6705,0.08,88.77,155.99,8.08,0.03465316870378138,2
5398,38371,20091108,20091109,469,9,432,Not Specified,Express Air,24,2004.4,0.05,544.3,83.1,6.13,0.27155258431450807,1
5461,38789,20101114,20101115,471,9,448,High,Regular Air,9,96.52,0.1,16.78,10.64,5.16,0.17384997927890594,1
5462,38789,20101114,20101115,471,9,1001,High,Delivery Truck,4,115.17,0.04,40.93,23.99,15.68,0.35538768776591123,1
5511,39076,20091211,20091212,449,9,438,Critical,Regular Air,41,222.65,0.02,-131.16,5.28,6.26,-0.5890860094318436,1
5533,39173,20090116,20090118,437,9,304,Critical,Regular Air,36,76.48,0.09,3.23,2.18,0.78,0.04223326359832636,2
5534,39173,20090116,20090118,437,9,103,Critical,Delivery Truck,2,373.27,0.05,-433.29,179.29,29.21,-1.1607951348889545,2
5557,39335,20090525,20090526,481,9,568,Not Specified,Regular Air,24,113.23,0.06,-45.64,4.77,2.39,-0.4030733904442286,1
5558,39335,20090525,20090527,481,9,632,Not Specified,Regular Air,34,889.84,0.1,204.49,27.18,8.23,0.22980535826665469,2
5605,39744,20090706,20090708,457,9,456,Medium,Regular Air,6,63.61,0.01,7.59,10.06,2.06,0.11932086149976419,2
5606,39744,20090706,20090708,457,9,238,Medium,Regular Air,9,519.9535,0.0,-107.99,65.99,5.92,-0.20769164934941298,2
5607,39744,20090706,20090707,457,9,554,Medium,Regular Air,41,5636.3075,0.04,1595.67,155.99,8.99,0.28310556157555283,1
5638,39878,20110305,20110307,465,9,1025,Not Specified,Delivery Truck,50,7663.74,0.0,-375.33,150.98,39.25,-0.04897478254742463,2
5648,39972,20120925,20120926,465,9,698,Not Specified,Regular Air,35,224.58,0.03,108.49,6.3,0.5,0.4830795262267343,1
5649,39972,20120925,20120927,465,9,1045,Not Specified,Regular Air,36,138.59,0.01,62.73,3.69,0.5,0.45263005988888083,2
5650,39972,20120925,20120928,465,9,1149,Not Specified,Regular Air,19,97.06,0.05,-7.36,5.06,2.99,-0.07582938388625593,3
5728,40643,20110405,20110407,466,9,189,Critical,Regular Air,23,258.74,0.05,10.8,11.58,5.72,0.041740743603617535,2
5757,40870,20111211,20111211,483,9,1130,Critical,Regular Air,43,12858.88,0.08,4833.27,300.97,7.18,0.3758702157575155,0
5758,40870,20111211,20111213,483,9,1150,Critical,Regular Air,28,146.69,0.0,-64.05,4.95,5.32,-0.43663508078260277,2
5767,40934,20111113,20111114,482,9,92,Not Specified,Regular Air,28,49.49,0.01,-1.23,1.76,0.7,-0.02485350575873914,1
5768,40934,20111113,20111115,482,9,968,Not Specified,Regular Air,11,404.1495,0.07,-107.5,45.99,4.99,-0.26599067919173475,2
5817,41254,20110110,20110112,481,9,348,Critical,Regular Air,17,1782.68,0.08,280.64,107.53,5.81,0.15742589808602778,2
5844,41472,20100123,20100130,440,9,1111,Low,Express Air,48,280.87,0.01,-214.15,5.38,7.57,-0.7624523801046748,7
5901,41830,20120217,20120224,463,9,362,Low,Delivery Truck,42,5361.08,0.0,1841.92,120.97,26.3,0.34357256373715744,7
5939,42144,20091112,20091114,457,9,809,Medium,Express Air,10,670.03,0.01,-326.47,64.65,35.0,-0.4872468396937451,2
5989,42439,20100619,20100620,460,9,867,Not Specified,Regular Air,28,164.5,0.01,62.68,5.84,1.0,0.3810334346504559,1
6037,42758,20121110,20121112,491,9,659,Critical,Regular Air,12,1769.74,0.07,-333.69,152.48,4.0,-0.18855312079740527,2
6038,42758,20121110,20121111,491,9,536,Critical,Regular Air,42,638.07,0.05,278.89,15.04,1.97,0.4370837055495478,1
6057,42918,20110522,20110524,85,9,275,High,Express Air,38,468.95,0.02,-2.38,11.5,7.19,-0.00507516792835057,2
6064,42950,20100822,20100823,475,9,542,High,Regular Air,38,1142.485,0.09,303.4,35.99,1.25,0.2655614734547937,1
6065,42951,20120916,20120918,489,9,626,Critical,Regular Air,20,2104.991,0.09,165.45,125.99,8.8,0.07859891087420326,2
6094,43172,20090703,20090705,416,9,476,Low,Regular Air,19,28.34,0.09,1.68,1.48,0.7,0.05928016937191249,2
6108,43270,20120901,20120903,484,9,993,Critical,Regular Air,35,343.92,0.06,154.54,10.35,0.99,0.44934868574086995,2
6109,43271,20100303,20100304,473,9,270,Medium,Regular Air,2,7.75,0.03,-5.27,2.6,2.4,-0.6799999999999999,1
6168,43745,20101101,20101101,480,9,859,Low,Regular Air,43,2433.53,0.02,946.7,54.48,0.99,0.3890233529070938,0
6169,43745,20101101,20101103,480,9,88,Low,Regular Air,26,1368.03,0.04,27.51,50.98,6.5,0.02010920813140063,2
6170,43745,20101101,20101103,480,9,1151,Low,Regular Air,41,260.64,0.08,-106.21,6.68,6.15,-0.40749693063228976,2
6171,43745,20101101,20101101,480,9,585,Low,Regular Air,32,1250.4265,0.02,303.3,45.99,2.5,0.24255723946989288,0
6175,43779,20090821,20090824,487,9,922,High,Regular Air,20,3878.49,0.09,1397.86,209.84,21.21,0.3604134598774265,3
6194,43877,20100315,20100315,458,9,624,Low,Express Air,36,580.04,0.09,-31.86,16.91,6.25,-0.054927246396800224,0
6198,43907,20120718,20120720,457,9,465,Critical,Delivery Truck,42,1392.77,0.0,-1981.55,31.76,45.51,-1.4227402945209906,2
6204,43940,20100221,20100222,457,9,333,Critical,Regular Air,12,1940.21,0.09,-215.34,200.99,4.2,-0.1109879858365847,1
6205,43940,20100221,20100222,457,9,608,Critical,Regular Air,44,1717.21,0.08,176.13,40.97,8.99,0.10256753687667786,1
6218,44036,20120111,20120113,462,9,289,High,Express Air,40,250.13,0.01,61.97,5.84,1.2,0.24775116939191622,2
6241,44225,20090403,20090405,491,9,845,High,Regular Air,29,1958.32,0.0,632.29,62.18,10.84,0.32287368765063934,2
6265,44352,20090915,20090917,478,9,340,Not Specified,Regular Air,25,81.76,0.06,8.53,3.29,1.35,0.10432974559686888,2
6286,44487,20090911,20090912,440,9,466,Critical,Regular Air,4,28.15,0.09,-10.09,6.28,5.29,-0.35843694493783307,1
6287,44487,20090911,20090913,440,9,560,Critical,Regular Air,37,558.77,0.03,-92.87,15.14,4.53,-0.16620434167904505,2
6325,44775,20090929,20090930,469,9,175,Medium,Express Air,29,209.3,0.07,30.49,7.08,2.35,0.1456760630673674,1
6511,46337,20120427,20120502,416,9,92,Low,Regular Air,34,61.45,0.06,0.62,1.76,0.7,0.010089503661513425,5
6547,46562,20110212,20110214,457,9,726,Not Specified,Delivery Truck,35,5407.9,0.01,-352.79,145.98,46.2,-0.06523604356589435,2
6552,46597,20091231,20091231,488,9,521,Not Specified,Regular Air,47,8216.593,0.01,2463.46,195.99,8.99,0.2998152640638279,0
6553,46597,20091231,20100102,488,9,170,Not Specified,Regular Air,10,130.36,0.06,2.43,12.95,4.98,0.018640687327401043,2
6554,46597,20091231,20100102,488,9,302,Not Specified,Delivery Truck,1,200.57,0.0,-83.63,122.99,70.2,-0.4169616592710774,2
6570,46725,20100920,20100922,457,9,289,Not Specified,Regular Air,13,80.0,0.03,10.96,5.84,1.2,0.137,2
6571,46725,20100920,20100921,457,9,624,Not Specified,Regular Air,8,137.42,0.04,-24.86,16.91,6.25,-0.18090525396594384,1
6575,46787,20120329,20120331,459,9,1100,Medium,Regular Air,28,174.1,0.1,-162.75,6.48,9.17,-0.9348075818495118,2
6576,46787,20120329,20120331,459,9,416,Medium,Regular Air,32,693.17,0.07,-59.83,22.99,8.99,-0.08631360272371857,2
6592,46916,20111003,20111005,491,9,948,High,Regular Air,40,115.51,0.0,5.54,2.78,0.97,0.04796121547917929,2
6643,47265,20111210,20111211,466,9,584,Critical,Regular Air,31,187.13,0.02,-60.83,5.98,5.46,-0.32506813445198524,1
6813,48487,20100111,20100113,482,9,941,Low,Regular Air,27,360.7,0.0,146.17,12.97,1.49,0.4052398114776823,2
6850,48774,20120809,20120811,486,9,1152,High,Delivery Truck,31,7323.78,0.04,573.55,243.98,62.94,0.0783133846183255,2
6924,49381,20121213,20121214,472,9,1016,Not Specified,Regular Air,21,1537.5,0.04,-531.92,70.98,35.0,-0.3459642276422764,1
6951,49666,20090806,20090810,461,9,1153,Low,Express Air,46,259.25,0.1,-64.03,5.68,3.6,-0.24698167791706846,4
6959,49762,20110615,20110617,468,9,857,High,Regular Air,35,99.13,0.09,23.74,2.94,0.81,0.2394835065066075,2
6976,49831,20100823,20100825,473,9,560,Critical,Regular Air,18,274.32,0.01,-58.24,15.14,4.53,-0.21230679498396035,2
6982,49892,20110210,20110210,150,9,44,Low,Regular Air,26,171.14,0.02,-1172.75,4.48,49.0,-6.852576837676756,0
7001,49988,20101220,20101223,440,9,758,High,Regular Air,43,7731.09,0.0,-222.17,167.27,35.0,-0.028737215580209256,3
7002,49988,20101220,20101222,440,9,861,High,Delivery Truck,33,10162.576,0.08,-969.05,400.98,42.52,-0.09535476044656395,2
7003,49988,20101220,20101223,440,9,1128,High,Regular Air,33,5834.6465,0.01,1619.66,205.99,2.79,0.27759350973533703,3
7049,50308,20121018,20121025,416,9,999,Low,Regular Air,19,86.48,0.1,33.58,4.91,0.5,0.3882978723404255,7
7104,50692,20100917,20100919,223,9,508,High,Regular Air,28,327.95,0.0,43.68,10.98,5.14,0.13319103521878337,2
7105,50692,20100917,20100919,223,9,308,High,Delivery Truck,47,5606.91,0.06,-300.85,124.49,51.94,-0.053657005373726356,2
7107,50725,20101123,20101124,370,9,503,Medium,Delivery Truck,1,129.88,0.1,-89.9,110.98,30.0,-0.6921773945180167,1
7146,50982,20120416,20120417,479,9,46,High,Regular Air,23,86.53,0.05,35.62,3.75,0.5,0.41164913902692707,1
7149,51008,20110820,20110822,488,9,418,High,Regular Air,20,269.66,0.02,-59.13,12.88,4.59,-0.21927612549135947,2
7211,51463,20111217,20111226,416,9,877,Low,Regular Air,4,28.34,0.01,-18.55,4.98,7.44,-0.6545518701482005,9
7212,51463,20111217,20111217,416,9,248,Low,Express Air,7,405.3395,0.01,-147.88,65.99,3.9,-0.36482997585974225,0
7279,51943,20090424,20090425,458,9,718,High,Regular Air,11,113.19,0.04,-53.25,9.06,9.86,-0.4704479194275113,1
7280,51943,20090424,20090425,458,9,509,High,Regular Air,13,196.04,0.04,2.13,14.27,7.27,0.010865129565394817,1
7281,51943,20090424,20090427,458,9,999,High,Regular Air,28,140.02,0.03,66.71,4.91,0.5,0.4764319382945293,3
7299,52039,20120802,20120804,483,9,559,Critical,Regular Air,48,2006.38,0.0,840.46,40.98,1.99,0.4188937290044757,2
7336,52290,20120521,20120525,469,9,470,Low,Regular Air,7,1134.05,0.08,149.5,172.99,19.99,0.1318284026277501,4
7337,52290,20120521,20120530,469,9,539,Low,Regular Air,28,1470.0495,0.1,185.94,65.99,4.99,0.12648553671151888,9
7362,52480,20100727,20100729,457,9,200,Not Specified,Regular Air,47,1020.88,0.08,173.94,22.72,8.99,0.17038241517122482,2
7365,52486,20110104,20110105,458,9,1130,Not Specified,Regular Air,41,11883.2,0.1,4160.88,300.97,7.18,0.35014810825366904,1
7372,52519,20120429,20120501,150,9,691,High,Regular Air,6,120.38,0.09,-29.77,20.48,6.32,-0.2473002159827214,2
7448,53152,20090305,20090305,150,9,858,Medium,Express Air,36,2051.8235,0.01,350.36,65.99,8.8,0.17075542803754806,0
7454,53188,20121105,20121106,458,9,254,High,Regular Air,22,621.21,0.07,-42.35,29.74,6.64,-0.06817340351893884,1
7461,53223,20120714,20120721,477,9,683,Low,Regular Air,2,13.29,0.08,-10.33,4.24,5.41,-0.7772761474793078,7
7462,53248,20101029,20101030,473,9,453,Critical,Delivery Truck,7,2423.06,0.06,-94.27,348.21,40.19,-0.038905351084991706,1
7481,53411,20111129,20111130,473,9,593,Critical,Regular Air,25,667.64,0.08,-57.53,27.48,4.0,-0.08616919297825175,1
7517,53668,20100331,20100401,458,9,341,Not Specified,Regular Air,9,98.24,0.04,-10.38,10.98,3.37,-0.10565960912052119,1
7524,53730,20121229,20121230,223,9,971,High,Regular Air,40,181.8,0.05,-144.74,4.54,5.83,-0.7961496149614962,1
7550,54020,20120131,20120204,474,9,83,Low,Regular Air,35,648.58,0.05,182.63,18.97,5.21,0.2815843843473434,4
7551,54020,20120131,20120205,474,9,684,Low,Regular Air,43,270.56,0.09,-140.48,6.48,6.86,-0.5192193968066232,5
7596,54368,20111101,20111103,95,9,249,Not Specified,Regular Air,31,233.2,0.04,-48.07,7.64,5.83,-0.20613207547169812,2
7597,54368,20111101,20111102,95,9,921,Not Specified,Regular Air,16,79.53,0.08,-48.55,4.98,5.49,-0.6104614610838677,1
7598,54368,20111101,20111102,95,9,482,Not Specified,Regular Air,43,1680.977,0.05,383.09,45.99,4.99,0.22789722881395758,1
7640,54721,20121018,20121019,416,9,17,Not Specified,Delivery Truck,19,2002.4,0.0,151.09,100.98,26.22,0.07545445465441471,1
7673,55013,20110712,20110719,199,9,999,Low,Regular Air,5,24.3,0.02,3.14,4.91,0.5,0.12921810699588476,7
7674,55013,20110712,20110717,199,9,869,Low,Regular Air,14,322.61,0.02,19.37,22.01,5.53,0.06004153622020396,5
7686,55077,20111004,20111006,477,9,190,Critical,Regular Air,2,31.7,0.05,-44.39,14.48,1.99,-1.4003154574132493,2
7687,55077,20111004,20111006,477,9,967,Critical,Regular Air,3,143.9815,0.08,-283.23,55.99,2.5,-1.9671277212697464,2
7703,55206,20111102,20111103,95,9,650,Medium,Express Air,20,52.7,0.03,-64.88,1.8,4.79,-1.2311195445920302,1
7755,55492,20110919,20110921,477,9,45,Critical,Express Air,10,1124.244,0.03,-126.45,125.99,7.69,-0.11247558359217395,2
7789,55744,20111020,20111021,484,9,924,Critical,Regular Air,23,415.055,0.02,-44.13,20.99,0.99,-0.10632325836334944,1
7828,55968,20120930,20121002,482,9,1057,Low,Regular Air,40,73.62,0.05,0.86,1.82,1.0,0.011681608258625372,2
7868,56288,20100630,20100630,471,9,635,Not Specified,Regular Air,37,1287.94,0.06,140.35,35.89,14.72,0.10897246766153702,0
7869,56288,20100630,20100702,471,9,889,Not Specified,Express Air,39,585.36,0.07,269.26,15.57,1.39,0.4599904332376657,2
7870,56291,20120917,20120919,492,9,666,Not Specified,Delivery Truck,22,11022.53,0.06,1869.86,517.48,16.63,0.16963981953326504,2
7871,56291,20120917,20120917,492,9,536,Not Specified,Regular Air,25,377.37,0.04,151.4,15.04,1.97,0.40119776346821423,0
7872,56291,20120917,20120918,492,9,1055,Not Specified,Regular Air,47,1200.7,0.06,-37.27,24.98,8.79,-0.031040226534521532,1
7898,56486,20090528,20090529,465,9,687,Critical,Regular Air,11,73.62,0.03,-23.5,5.98,5.35,-0.3192067372996468,1
7899,56514,20120211,20120218,492,9,122,Low,Regular Air,3,110.0,0.02,-24.43,30.98,11.63,-0.2220909090909091,7
7900,56514,20120211,20120218,492,9,1078,Low,Regular Air,35,186.89,0.02,-153.2,4.98,7.54,-0.8197335330943336,7
7928,56672,20120512,20120513,479,9,177,High,Regular Air,34,1132.32,0.1,77.45,36.55,13.89,0.06839939239790872,1
7929,56672,20120512,20120514,479,9,527,High,Delivery Truck,8,593.64,0.02,65.25,85.29,60.0,0.10991510006064281,2
7930,56672,20120512,20120514,479,9,815,High,Regular Air,45,2438.3695,0.1,317.2,65.99,8.99,0.1300869289908687,2
7966,56931,20100203,20100205,486,9,52,High,Regular Air,34,232.4155,0.05,-110.59,7.99,5.03,-0.47582884962491745,2
7971,57025,20120626,20120628,468,9,3,Medium,Regular Air,8,71.1,0.03,2.29,8.69,2.99,0.03220815752461322,2
7979,57061,20091130,20091207,486,9,291,Low,Regular Air,21,470.79,0.04,-80.11,22.38,15.1,-0.17016079355976124,7
7980,57061,20091130,20091130,486,9,337,Low,Regular Air,6,36.56,0.07,6.22,6.3,0.5,0.17013129102844637,0
7981,57061,20091130,20091202,486,9,562,Low,Regular Air,3,55.17,0.06,46.84,17.78,5.03,0.8490121442813123,2
8008,57217,20110121,20110123,462,9,417,Medium,Regular Air,35,422.25,0.06,-116.02,11.66,7.95,-0.2747661338069864,2
8054,57504,20090804,20090807,484,9,872,Not Specified,Regular Air,44,357.48,0.01,160.02,7.64,1.39,0.4476334340382679,3
8083,57666,20090522,20090525,471,9,862,Not Specified,Regular Air,45,1206.15,0.03,304.2,25.98,4.08,0.2522074368859594,3
8084,57666,20090522,20090522,471,9,112,Not Specified,Delivery Truck,44,941.99,0.1,-2111.36,20.98,53.03,-2.2413826049108803,0
8183,58496,20110611,20110613,486,9,680,Not Specified,Regular Air,20,137.97,0.06,-123.94,6.48,10.05,-0.8983112270783503,2
8200,58628,20090324,20090325,486,9,1095,Medium,Delivery Truck,23,2527.792,0.09,-335.32,138.75,52.42,-0.13265331957692722,1
8234,58854,20100424,20100425,493,9,748,Critical,Delivery Truck,35,6130.9,0.03,583.15,170.98,35.89,0.09511654080151365,1
8235,58854,20100424,20100426,493,9,591,Critical,Regular Air,10,193.205,0.0,-52.24,20.99,4.81,-0.27038637716415204,2
8243,58917,20120302,20120303,464,9,111,High,Regular Air,27,14300.26,0.01,6279.18,499.99,24.49,0.4390955129487156,1
8244,58917,20120302,20120302,464,9,363,High,Regular Air,3,62.88,0.09,-25.96,21.98,2.87,-0.4128498727735369,0
8266,59104,20090212,20090215,185,9,509,High,Express Air,13,197.61,0.08,3.46,14.27,7.27,0.017509235362582865,3
8267,59104,20090212,20090215,185,9,958,High,Regular Air,22,68.92,0.04,2.63,2.98,1.58,0.0381601857225769,3
8268,59104,20090212,20090214,185,9,1154,High,Regular Air,38,3594.7435,0.05,1016.97,115.99,2.5,0.2829047468894512,2
8389,59937,20091228,20091229,464,9,385,High,Regular Air,7,235.98,0.02,-32.28,30.98,17.08,-0.136791253496059,1
66,386,20110124,20110126,366,7,1045,High,Regular Air,4,14.96,0.02,-0.03,3.69,0.5,-0.0020053475935828875,2
67,386,20110124,20110126,366,7,901,High,Regular Air,4,15.69,0.09,-1.59,3.85,0.7,-0.10133843212237094,2
69,416,20100926,20101001,494,7,712,Low,Express Air,20,1156.6715,0.01,88.52,65.99,7.69,0.07652993957229862,5
84,513,20110430,20110430,495,7,721,High,Delivery Truck,33,5437.92,0.0,-684.57,150.89,60.2,-0.12588820725571542,0
94,611,20100126,20100128,495,7,1046,Critical,Regular Air,47,840.04,0.04,-131.27,17.7,9.47,-0.15626636826817772,2
124,802,20110104,20110106,496,7,972,Critical,Regular Air,33,378.6,0.08,12.72,11.7,5.63,0.03359746434231379,2
125,802,20110104,20110104,496,7,364,Critical,Regular Air,2,38.5,0.09,-52.14,15.99,9.4,-1.3542857142857143,0
150,960,20090920,20090921,497,7,807,Medium,Regular Air,46,605.97,0.07,-22.72,13.73,6.85,-0.03749360529399145,1
155,965,20110514,20110521,236,7,398,Low,Delivery Truck,42,11230.25,0.07,-679.04,280.98,35.67,-0.06046526123639277,7
174,1127,20110918,20110919,494,7,423,Not Specified,Regular Air,48,5340.5,0.01,1215.28,110.98,13.99,0.22755921730175077,1
226,1507,20101013,20101015,498,7,659,Medium,Regular Air,29,4345.86,0.09,126.62,152.48,4.0,0.029135775197544334,2
244,1665,20090507,20090509,499,7,828,High,Regular Air,26,755.6075,0.05,149.17,35.99,1.1,0.19741730991288467,2
281,1952,20090315,20090315,500,7,301,High,Delivery Truck,24,7287.55,0.04,-715.78,296.18,54.12,-0.09821956624654375,0
282,1953,20101129,20101129,501,7,236,Medium,Regular Air,13,137.64,0.06,19.59,10.91,2.99,0.1423278116826504,0
323,2213,20100114,20100115,501,7,152,Not Specified,Regular Air,6,40.31,0.08,-32.27,5.78,8.09,-0.8005457702803275,1
344,2368,20100819,20100821,502,7,531,Critical,Regular Air,36,508.73,0.08,-229.67,14.81,13.32,-0.4514575511568022,2
365,2560,20120904,20120905,498,7,155,Critical,Regular Air,32,731.22,0.0,-84.07,20.97,6.5,-0.11497223817729273,1
366,2560,20120904,20120906,498,7,921,Critical,Regular Air,23,114.14,0.07,-65.62,4.98,5.49,-0.5749080077098301,2
400,2754,20090402,20090404,83,7,1155,High,Regular Air,16,1427.67,0.04,422.8,90.24,0.99,0.29614686867413337,2
401,2754,20090402,20090404,83,7,656,High,Express Air,11,499.26,0.09,144.05,47.9,5.86,0.28852701998958463,2
402,2755,20120206,20120206,503,7,1013,Not Specified,Regular Air,30,736.3,0.03,259.07,24.95,2.99,0.35185386391416545,0
403,2755,20120206,20120206,503,7,76,Not Specified,Regular Air,50,346.06,0.0,-76.54,6.48,5.86,-0.22117551869617988,0
481,3333,20120915,20120917,504,7,863,Not Specified,Regular Air,42,927.97,0.08,162.17,22.98,4.5,0.17475780467040958,2
482,3333,20120915,20120915,504,7,1156,Not Specified,Regular Air,9,59.05,0.08,-24.09,6.48,5.4,-0.40795935647756143,0
500,3460,20111002,20111004,505,7,379,High,Regular Air,27,153.23,0.08,-95.15,5.98,4.69,-0.6209619526202441,2
530,3591,20101207,20101209,506,7,822,Medium,Delivery Truck,3,321.57,0.01,-100.05,100.98,15.66,-0.3111297695680567,2
531,3591,20101207,20101208,506,7,668,Medium,Delivery Truck,12,1085.16,0.08,-311.54,89.99,42.0,-0.28709130450809095,1
586,4006,20110103,20110104,236,7,532,Medium,Regular Air,38,1441.61,0.06,624.84,37.94,5.08,0.4334320655378362,1
611,4193,20090108,20090108,504,7,367,High,Regular Air,16,64.29,0.07,14.42,4.13,0.99,0.22429615803390882,0
612,4193,20090108,20090108,504,7,200,High,Regular Air,3,75.77,0.03,64.25,22.72,8.99,0.8479609344067573,0
627,4387,20111022,20111023,504,7,1025,Critical,Delivery Truck,4,640.21,0.07,-388.52,150.98,39.25,-0.6068633729557489,1
639,4512,20111024,20111029,504,7,100,Low,Delivery Truck,43,6077.11,0.06,-353.66,146.34,43.75,-0.05819542512806252,5
685,4773,20111222,20111224,416,7,103,Critical,Delivery Truck,48,6746.312,0.07,-433.29,179.29,29.21,-0.06422620240510668,2
694,4839,20090509,20090509,502,7,645,Critical,Regular Air,24,159.43,0.05,-120.59,6.48,8.73,-0.7563821112714044,0
705,4935,20100524,20100527,507,7,145,Not Specified,Regular Air,30,106.64,0.1,-31.95,3.68,1.32,-0.29960615153788445,3
891,6403,20110211,20110213,499,7,1127,Low,Regular Air,41,17874.26,0.0,6247.95,419.19,19.99,0.34955013522238126,2
932,6754,20110811,20110813,508,7,212,High,Regular Air,13,2388.636,0.01,191.0,205.99,5.26,0.07996195318164843,2
1040,7619,20101008,20101009,502,7,814,Not Specified,Regular Air,8,141.77,0.02,-24.48,17.48,1.99,-0.17267404951682302,1
1048,7744,20091117,20091117,496,7,470,Low,Regular Air,26,4286.55,0.07,1416.7,172.99,19.99,0.3304988860505535,0
1049,7744,20091117,20091126,496,7,182,Low,Regular Air,1,8.34,0.09,-3.44,7.64,1.39,-0.41247002398081534,9
1089,8006,20110603,20110605,494,7,321,Medium,Express Air,27,197.15,0.0,-23.34,6.68,5.2,-0.11838701496322597,2
1121,8224,20120207,20120209,151,7,1157,Not Specified,Regular Air,41,89.77,0.03,9.92,2.21,1.0,0.11050462292525343,2
1143,8323,20110906,20110907,236,7,33,High,Express Air,45,766.9635,0.05,-88.25,20.99,2.5,-0.11506414581658711,1
1163,8480,20110129,20110131,509,7,911,High,Regular Air,11,76.36,0.07,-58.4,6.48,8.74,-0.7647983237297014,2
1164,8480,20110129,20110131,509,7,45,High,Regular Air,3,309.9015,0.09,-558.42,125.99,7.69,-1.8019273866050987,2
1304,9568,20100307,20100309,499,7,323,Not Specified,Regular Air,46,3725.53,0.0,748.67,76.72,19.95,0.20095664241061,2
1331,9701,20100227,20100304,506,7,941,Low,Regular Air,8,103.75,0.01,25.13,12.97,1.49,0.2422168674698795,5
1332,9701,20100227,20100303,506,7,368,Low,Regular Air,9,855.865,0.04,-153.92,110.99,2.5,-0.17984144695717197,4
1369,9926,20091011,20091013,510,7,1121,High,Regular Air,25,158.83,0.0,-56.97,5.77,5.92,-0.35868538689164514,2
1439,10373,20100625,20100627,502,7,227,Critical,Regular Air,28,193.16,0.03,-71.73,6.48,6.6,-0.3713501760198799,2
1452,10470,20120504,20120506,511,7,1122,Low,Express Air,40,1757.43,0.02,490.77,44.01,3.5,0.2792543657499872,2
1453,10470,20120504,20120511,511,7,23,Low,Regular Air,8,137.26,0.03,-54.61,15.99,13.18,-0.39785807955704505,7
1454,10470,20120504,20120506,511,7,602,Low,Regular Air,20,2913.1455,0.09,333.72,175.99,4.99,0.11455658496975177,2
1542,11111,20110117,20110119,511,7,148,Medium,Regular Air,7,308.52,0.1,-59.85,41.47,34.2,-0.19399066511085183,2
1543,11111,20110117,20110119,511,7,673,Medium,Regular Air,29,176.5,0.1,-119.72,6.48,7.37,-0.678300283286119,2
1549,11173,20120330,20120401,206,7,1143,Critical,Regular Air,37,221.66,0.08,-95.17,5.98,3.85,-0.4293512586844717,2
1559,11239,20120209,20120211,512,7,103,Critical,Delivery Truck,33,6170.02,0.03,-433.29,179.29,29.21,-0.070225055996577,2
1576,11396,20120721,20120722,513,7,880,Critical,Regular Air,42,12270.3,0.07,4842.37,304.99,19.99,0.3946415328068589,1
1633,11808,20120731,20120801,366,7,1025,Not Specified,Delivery Truck,1,148.344,0.06,25.21,150.98,39.25,0.16994283557137466,1
1642,11874,20120909,20120911,366,7,252,Medium,Regular Air,1,40.29,0.0,-82.13,30.42,8.65,-2.0384710846363863,2
1643,11874,20120909,20120909,366,7,854,Medium,Regular Air,20,775.77,0.07,179.37,39.98,9.83,0.23121543756525775,0
1714,12322,20110511,20110513,512,7,55,Critical,Express Air,36,3436.9,0.03,-398.11,92.23,39.61,-0.11583403648636853,2
1739,12480,20090707,20090708,505,7,1158,Medium,Delivery Truck,8,1187.01,0.0,-203.27,137.48,32.18,-0.1712453981011112,1
1749,12516,20090524,20090529,514,7,197,Low,Delivery Truck,31,2360.43,0.1,66.22,80.97,33.6,0.028054210461653174,5
1750,12516,20090524,20090528,514,7,1159,Low,Regular Air,22,154.6,0.02,-23.53,6.48,5.11,-0.15219922380336354,4
1820,13088,20100422,20100424,515,7,933,Not Specified,Regular Air,46,187.92,0.08,-2149.8,3.25,49.0,-11.439974457215838,2
1828,13121,20100307,20100308,507,7,630,High,Regular Air,36,1211.0,0.0,-27.99,30.98,6.5,-0.02311312964492155,1
1829,13121,20100307,20100310,507,7,879,High,Regular Air,28,4924.135,0.07,1049.54,205.99,8.99,0.21314200362094052,3
1857,13348,20101107,20101108,497,7,405,Medium,Regular Air,35,4890.58,0.05,310.51,140.85,19.99,0.0634914468222583,1
1866,13413,20100129,20100131,516,7,725,Critical,Regular Air,29,150.28,0.04,-50.86,4.98,4.7,-0.33843492147990417,2
1869,13447,20100108,20100110,517,7,591,High,Regular Air,24,436.4835,0.01,0.85,20.99,4.81,0.00194738174524352,2
1910,13638,20110930,20111002,505,7,190,High,Regular Air,49,682.77,0.05,165.2,14.48,1.99,0.24195556336687316,2
1918,13761,20091017,20091021,476,7,1160,Low,Regular Air,32,2421.44,0.09,-949.09,78.8,35.0,-0.39195272234703316,4
1999,14247,20110816,20110818,518,7,340,Critical,Regular Air,4,14.75,0.03,-2.49,3.29,1.35,-0.1688135593220339,2
2061,14755,20100105,20100105,505,7,901,High,Regular Air,31,111.48,0.09,29.57,3.85,0.7,0.26524937208467886,0
2062,14755,20100105,20100107,505,7,1021,High,Express Air,44,2322.812,0.1,454.38,65.99,4.2,0.19561634777158032,2
2078,14854,20100428,20100502,509,7,624,Low,Regular Air,24,391.23,0.07,-27.98,16.91,6.25,-0.07151803287068988,4
2109,15078,20101109,20101110,476,7,572,High,Regular Air,33,207.01,0.01,-36.9,5.78,4.96,-0.1782522583450075,1
2183,15718,20090127,20090129,221,7,672,Critical,Regular Air,41,1863.02,0.03,360.63,43.98,8.99,0.19357280115081962,2
2184,15718,20090127,20090130,221,7,1129,Critical,Regular Air,50,55.89,0.06,-3.05,1.14,0.7,-0.054571479692252636,3
2186,15744,20100321,20100322,236,7,812,Critical,Regular Air,16,838.81,0.09,290.77,55.48,6.79,0.34664584351641015,1
2285,16454,20120511,20120511,304,7,311,Medium,Regular Air,12,94.39,0.04,-29.49,7.1,6.05,-0.31242716389448033,0
2314,16676,20090319,20090319,502,7,382,High,Regular Air,39,936.802,0.07,-12.08,28.99,8.59,-0.012894934041558408,0
2344,16897,20120615,20120617,502,7,82,Not Specified,Delivery Truck,1,379.8,0.02,-183.09,320.98,58.95,-0.4820695102685624,2
2345,16897,20120615,20120617,502,7,1157,Not Specified,Regular Air,48,107.7,0.06,14.97,2.21,1.0,0.13899721448467967,2
2357,16999,20090119,20090121,494,7,126,Critical,Regular Air,18,3568.45,0.09,1081.62,207.48,0.99,0.30310639072986867,2
2364,17091,20120721,20120722,496,7,267,Medium,Regular Air,45,2604.315,0.0,750.87,65.99,5.26,0.288317657426233,1
2376,17249,20100925,20100927,513,7,640,Low,Regular Air,37,2911.64,0.02,225.28,73.98,14.52,0.07737220260746522,2
2435,17670,20090825,20090827,221,7,282,Medium,Regular Air,14,36.52,0.07,10.05,2.61,0.5,0.27519167579408543,2
2448,17797,20120710,20120712,514,7,66,Low,Delivery Truck,10,1077.28,0.0,-486.12,100.98,57.38,-0.4512475865141839,2
2449,17797,20120710,20120714,514,7,500,Low,Regular Air,16,61.52,0.02,-8.89,3.69,2.5,-0.14450585175552666,4
2508,18213,20100910,20100912,511,7,31,Medium,Regular Air,29,1111.23,0.1,21.6,40.99,19.99,0.019437920142544748,2
2510,18241,20100727,20100729,518,7,188,Low,Regular Air,3,64.5,0.05,-55.11,20.89,1.99,-0.8544186046511628,2
2511,18241,20100727,20100729,518,7,861,Low,Delivery Truck,25,9944.49,0.08,-969.05,400.98,76.37,-0.09744592231476928,2
2512,18244,20110211,20110213,304,7,199,Critical,Regular Air,1,172.34,0.0,-73.22,140.81,24.49,-0.4248578391551584,2
2548,18465,20100415,20100417,519,7,809,High,Regular Air,12,816.23,0.05,-353.71,64.65,35.0,-0.43334599316369155,2
2561,18528,20110430,20110501,236,7,1161,Critical,Regular Air,33,340.97,0.07,-22.82,10.98,3.99,-0.06692670909464175,1
2562,18528,20110430,20110502,236,7,586,Critical,Regular Air,22,136.24,0.03,-96.22,5.78,7.96,-0.706253669994128,2
2616,18917,20120503,20120505,505,7,610,Critical,Regular Air,14,28.82,0.08,-8.36,2.08,1.49,-0.2900763358778626,2
2693,19493,20090202,20090203,508,7,609,Critical,Regular Air,31,4713.25,0.1,-372.49,154.13,69.0,-0.07903039304089535,1
2714,19616,20111222,20111223,476,7,1162,High,Regular Air,3,92.31,0.0,-28.95,28.15,6.17,-0.3136171595710107,1
2715,19616,20111222,20111223,476,7,365,High,Express Air,42,116.94,0.06,-10.01,2.78,1.25,-0.08559945271079186,1
2827,20390,20090831,20090903,504,7,874,Not Specified,Express Air,35,1271.12,0.05,-62.82,34.98,7.53,-0.04942098307004847,3
2828,20390,20090831,20090902,504,7,546,Not Specified,Regular Air,17,58.5,0.0,-25.26,3.14,1.92,-0.4317948717948718,2
2834,20451,20120525,20120527,508,7,493,Critical,Regular Air,6,53.72,0.1,2.82,8.95,2.01,0.05249441548771407,2
2835,20451,20120525,20120527,508,7,180,Critical,Regular Air,33,1809.21,0.04,454.49,55.29,5.08,0.2512090912608265,2
2836,20451,20120525,20120527,508,7,1079,Critical,Delivery Truck,17,9150.09,0.1,-1331.55,550.98,45.7,-0.14552315878860206,2
2845,20486,20110305,20110306,500,7,277,High,Regular Air,34,306.3,0.07,18.73,9.27,4.39,0.06114920013059092,1
2846,20486,20110305,20110306,500,7,901,High,Regular Air,42,163.98,0.01,55.73,3.85,0.7,0.3398585193316258,1
2895,20899,20100412,20100421,495,7,230,Low,Regular Air,9,495.1,0.04,110.36,54.96,10.75,0.22290446374469802,9
2918,21089,20110728,20110730,514,7,302,Medium,Delivery Truck,4,559.75,0.07,-331.08,122.99,70.2,-0.5914783385439928,2
3001,21634,20121028,20121029,520,7,2,Not Specified,Delivery Truck,8,1611.73,0.1,-314.61,208.16,68.02,-0.19520018861720015,1
3002,21634,20121028,20121031,520,7,108,Not Specified,Regular Air,1,1946.55,0.07,-4017.62,1938.02,13.99,-2.063969587218412,3
3012,21665,20121015,20121016,495,7,825,High,Express Air,5,474.793,0.09,-407.26,115.99,2.5,-0.8577632778916285,1
3020,21729,20121206,20121210,507,7,528,Low,Regular Air,28,120.98,0.0,-92.85,4.13,5.34,-0.7674822284675152,4
3021,21729,20121206,20121213,507,7,699,Low,Regular Air,14,1082.66,0.08,-256.93,79.52,48.2,-0.23731365340919586,7
3032,21796,20120506,20120510,514,7,219,Low,Regular Air,46,4744.64,0.04,1033.38,99.99,19.99,0.21779945369933232,4
3033,21796,20120506,20120506,514,7,591,Low,Regular Air,2,40.8255,0.01,-99.98,20.99,4.81,-2.4489595963307247,0
3034,21796,20120506,20120513,514,7,69,Low,Regular Air,41,607.13,0.1,274.66,15.67,1.39,0.4523907565101379,7
3035,21796,20120506,20120511,514,7,1129,Low,Regular Air,31,34.22,0.07,-3.19,1.14,0.7,-0.09322033898305085,5
3065,21958,20090605,20090606,502,7,445,High,Regular Air,14,4998.03,0.09,1092.94,363.25,19.99,0.21867415761810155,1
3130,22468,20100610,20100610,505,7,350,Not Specified,Regular Air,14,323.11,0.0,41.52,20.98,8.83,0.12850112964625052,0
3131,22468,20100610,20100611,505,7,259,Not Specified,Regular Air,11,65.1,0.03,13.31,5.68,1.46,0.2044546850998464,1
3132,22468,20100610,20100612,505,7,736,Not Specified,Regular Air,19,163.75,0.0,23.61,7.96,4.95,0.14418320610687022,2
3149,22626,20100629,20100701,499,7,268,Critical,Regular Air,17,90.93,0.02,14.19,5.18,2.04,0.15605410755526228,2
3150,22626,20100629,20100701,499,7,147,Critical,Delivery Truck,35,6170.912,0.04,-528.65,218.75,69.64,-0.08566805036273406,2
3235,23205,20090524,20090525,494,7,1163,High,Express Air,8,319.62,0.08,-16.64,40.98,7.2,-0.05206182341530568,1
3236,23205,20090524,20090525,494,7,483,High,Express Air,32,263.39,0.08,-59.73,8.12,2.83,-0.22677398534492577,1
3237,23205,20090524,20090525,494,7,90,High,Delivery Truck,26,7208.8,0.02,-633.44,262.11,62.74,-0.08787038064587727,1
3271,23394,20100429,20100430,496,7,610,High,Regular Air,45,101.57,0.01,-5.99,2.08,1.49,-0.05897410652751797,1
3421,24390,20120606,20120608,476,7,88,Low,Express Air,2,107.67,0.1,-234.66,50.98,6.5,-2.179437169127891,2
3457,24643,20120429,20120501,515,7,314,Medium,Regular Air,30,2368.168,0.0,1181.3,85.99,1.25,0.4988244077278301,2
3468,24679,20110507,20110508,206,7,568,Not Specified,Regular Air,7,33.99,0.09,-25.86,4.77,2.39,-0.7608120035304501,1
3520,25062,20101030,20101101,502,7,793,Critical,Regular Air,5,78.79,0.03,-21.29,14.42,6.75,-0.27021195583195834,2
3521,25062,20101030,20101101,502,7,461,Critical,Regular Air,9,3928.25,0.04,1343.25,420.98,19.99,0.3419461592312098,2
3532,25152,20121015,20121017,513,7,175,Critical,Regular Air,29,195.21,0.07,16.4,7.08,2.35,0.084012089544593,2
3576,25478,20120424,20120424,497,7,1018,Critical,Regular Air,47,4725.0905,0.01,1578.7,115.99,2.5,0.33411000276079367,0
3577,25478,20120424,20120426,497,7,970,Critical,Regular Air,50,286.76,0.09,77.2,6.08,1.82,0.26921467429209095,2
3708,26469,20120730,20120801,495,7,1164,Medium,Regular Air,4,7406.49,0.03,701.22,1889.99,19.99,0.09467642567531989,2
3709,26469,20120730,20120731,495,7,262,Medium,Regular Air,50,350.01,0.04,-133.43,6.68,6.93,-0.3812176794948716,1
3710,26470,20090321,20090322,498,7,461,High,Regular Air,41,18081.76,0.03,8822.28,420.98,19.99,0.4879104688924088,1
3718,26565,20091021,20091022,521,7,1127,Medium,Regular Air,49,21337.27,0.02,7606.0,419.19,19.99,0.356465470981058,1
3758,26852,20100306,20100308,497,7,232,Critical,Regular Air,2,15.81,0.06,-9.88,4.98,6.07,-0.6249209361163821,2
3829,27299,20120805,20120807,416,7,253,Critical,Regular Air,41,802.16,0.1,-293.45,19.94,14.87,-0.365824773112596,2
3830,27300,20120930,20121001,522,7,640,Not Specified,Regular Air,50,3333.1,0.1,-85.03,73.98,4.0,-0.02551078575500285,1
3831,27300,20120930,20120930,522,7,1145,Not Specified,Regular Air,27,55.68,0.04,0.26,2.1,0.7,0.004669540229885058,0
3864,27557,20120208,20120213,509,7,1094,Low,Regular Air,18,56.13,0.02,-58.47,2.88,5.33,-1.0416889363976483,5
3872,27654,20100924,20100926,520,7,872,High,Regular Air,12,94.83,0.02,29.87,7.64,1.39,0.31498470948012236,2
3877,27684,20110905,20110907,499,7,373,Low,Regular Air,1,13.04,0.06,-6.62,10.48,2.89,-0.5076687116564418,2
3899,27811,20110304,20110306,523,7,964,Not Specified,Regular Air,31,197.59,0.09,-73.62,6.81,5.48,-0.3725897059567792,2
3938,28064,20100902,20100902,495,7,93,Medium,Regular Air,43,856.45,0.03,265.1,19.84,4.1,0.30953353961118574,0
3939,28064,20100902,20100902,495,7,867,Medium,Regular Air,1,6.75,0.08,-2.31,5.84,1.0,-0.3422222222222222,0
3955,28225,20090122,20090124,511,7,798,Critical,Regular Air,13,1160.59,0.01,-330.14,80.98,35.0,-0.2844587666617841,2
3959,28258,20090313,20090313,518,7,738,Critical,Regular Air,2,201.178,0.07,-604.41,125.99,2.5,-3.004354352861645,0
3960,28258,20090313,20090314,518,7,219,Critical,Regular Air,25,2493.24,0.03,293.66,99.99,19.99,0.11778248383629336,1
3968,28321,20100801,20100801,505,7,1165,Medium,Regular Air,28,90.5,0.03,24.71,3.08,0.99,0.2730386740331492,0
3985,28454,20120806,20120807,221,7,1166,Medium,Regular Air,25,157.4,0.07,-84.0,6.48,6.74,-0.5336721728081322,1
4112,29255,20111203,20111207,502,7,305,Low,Express Air,11,617.219,0.03,-136.09,65.99,8.99,-0.22048899985256448,4
4139,29383,20111118,20111120,236,7,1090,Medium,Regular Air,20,157.13,0.07,-46.89,8.32,2.38,-0.2984153248902183,2
4140,29383,20111118,20111119,236,7,645,Medium,Regular Air,28,195.11,0.04,-129.42,6.48,8.73,-0.6633181282353543,1
4141,29383,20111118,20111120,236,7,825,Medium,Regular Air,29,2738.785,0.07,556.83,115.99,2.5,0.2033127828580922,2
4142,29383,20111118,20111119,236,7,378,Medium,Regular Air,30,217.42,0.09,16.97,7.59,4.0,0.07805169717597277,1
4162,29507,20120209,20120211,502,7,398,Low,Delivery Truck,14,3049.632,0.04,-679.04,280.98,35.67,-0.222662931133986,2
4163,29507,20120209,20120214,502,7,828,Low,Regular Air,41,1274.949,0.05,416.99,35.99,1.1,0.32706406295467505,5
4172,29572,20100603,20100604,502,7,1025,Not Specified,Delivery Truck,18,2657.56,0.1,126.28,150.98,16.01,0.04751727148211141,1
4204,29889,20091204,20091207,523,7,1167,Not Specified,Regular Air,44,243.5,0.09,23.87,5.98,1.67,0.0980287474332649,3
4206,29894,20100907,20100916,513,7,807,Low,Regular Air,43,606.98,0.05,21.08,13.73,6.85,0.03472931562819203,9
4207,29894,20100907,20100916,513,7,526,Low,Regular Air,48,301.62,0.09,-162.54,6.68,6.92,-0.5388899940322259,9
4218,29985,20120711,20120713,511,7,401,Critical,Regular Air,2,24.51,0.06,-18.26,8.04,8.94,-0.7450020399836802,2
4232,30054,20120901,20120903,500,7,903,Not Specified,Regular Air,33,311.19,0.03,-9.18,9.38,4.93,-0.02949966258555866,2
4244,30208,20120716,20120716,520,7,968,Low,Regular Air,46,1752.0965,0.1,356.35,45.99,4.99,0.20338491629884542,0
4265,30369,20110324,20110325,518,7,1078,Critical,Regular Air,13,76.81,0.0,-55.77,4.98,7.54,-0.7260773336805104,1
4266,30369,20110324,20110325,518,7,1008,Critical,Regular Air,21,174.22,0.03,-1.23,8.34,2.64,-0.007060039031110091,1
4313,30726,20091125,20091126,498,7,1168,Medium,Regular Air,35,725.15,0.05,140.57,20.27,3.99,0.1938495483693029,1
4314,30727,20120725,20120727,496,7,599,Medium,Express Air,28,1166.29,0.07,302.86,41.71,4.5,0.2596781246516733,2
4341,30915,20090116,20090116,507,7,1169,Low,Express Air,20,62.78,0.04,-17.75,2.98,2.03,-0.2827333545715196,0
4342,30915,20090116,20090121,507,7,713,Low,Regular Air,25,2836.0505,0.01,561.13,125.99,8.99,0.19785613831629587,5
4359,31072,20101129,20101204,221,7,470,Low,Regular Air,4,701.16,0.08,4.56,172.99,19.99,0.006503508471675509,5
4360,31073,20100725,20100728,495,7,852,Medium,Regular Air,39,1818.76,0.02,843.12,46.94,6.77,0.4635685851899096,3
4361,31073,20100725,20100725,495,7,758,Medium,Regular Air,26,4322.26,0.07,-618.95,167.27,35.0,-0.1432005478615354,0
4370,31138,20090121,20090123,495,7,465,High,Delivery Truck,37,1251.18,0.05,-1756.44,31.76,45.51,-1.403826787512588,2
4375,31173,20120818,20120825,502,7,52,Low,Express Air,24,169.354,0.09,-84.14,7.99,5.03,-0.49682912715377253,7
4463,31812,20110731,20110802,519,7,31,High,Regular Air,14,593.62,0.02,25.19,40.99,19.99,0.04243455409184327,2
4464,31812,20110731,20110802,519,7,231,High,Regular Air,31,38.52,0.06,-17.34,1.26,0.7,-0.45015576323987533,2
4496,32002,20100720,20100724,497,7,630,Low,Regular Air,37,1196.2,0.03,-73.77,30.98,6.5,-0.06167028924928941,4
4497,32002,20100720,20100720,497,7,494,Low,Regular Air,7,98.55,0.07,23.16,13.79,8.78,0.2350076103500761,0
4541,32323,20100723,20100724,315,7,919,High,Regular Air,3,28.75,0.01,-31.43,8.46,3.62,-1.093217391304348,1
4542,32323,20100723,20100723,315,7,1073,High,Regular Air,3,75.81,0.06,-21.13,22.84,8.18,-0.27872312359846985,0
4543,32323,20100723,20100725,315,7,52,High,Regular Air,38,259.7175,0.02,-118.48,7.99,5.03,-0.45618797347117546,2
4564,32454,20110331,20110401,524,7,964,Critical,Regular Air,12,83.89,0.05,-29.59,6.81,5.48,-0.35272380498271544,1
4569,32516,20101024,20101026,509,7,428,Critical,Regular Air,15,43.96,0.03,-0.24,2.78,1.49,-0.0054595086442220195,2
4570,32516,20101024,20101026,509,7,826,Critical,Regular Air,7,60.19,0.01,6.44,7.78,2.5,0.106994517361688,2
4577,32608,20120522,20120524,507,7,1023,High,Regular Air,20,1361.91,0.05,312.52,70.97,3.5,0.2294718446887092,2
4704,33510,20111202,20111203,514,7,864,High,Regular Air,42,267.06,0.03,-96.95,6.24,5.22,-0.3630270351231933,1
4705,33510,20111202,20111202,514,7,130,High,Regular Air,11,449.79,0.06,13.21,40.99,17.48,0.029369261210787256,0
4709,33541,20120619,20120619,499,7,947,Critical,Regular Air,43,512.78,0.08,16.14,12.2,6.02,0.031475486563438515,0
4717,33573,20101004,20101004,514,7,1025,Critical,Delivery Truck,15,2272.56,0.06,111.05,150.98,16.01,0.04886559650790298,0
4831,34371,20100401,20100403,445,7,696,Medium,Delivery Truck,18,8334.03,0.05,1886.66,510.14,14.7,0.22638027460904267,2
4851,34530,20100830,20100901,516,7,315,Low,Express Air,22,1516.13,0.06,493.03,67.84,0.99,0.3251897924320473,2
4852,34530,20100830,20100904,516,7,814,Low,Regular Air,38,612.49,0.09,168.04,17.48,1.99,0.2743554996816274,5
4853,34530,20100830,20100904,516,7,1025,Low,Delivery Truck,7,1092.42,0.03,-364.87,150.98,16.01,-0.33400157448600354,5
4855,34562,20100824,20100826,499,7,1091,Low,Regular Air,22,561.92,0.1,57.82,28.38,1.99,0.10289720956719818,2
4856,34562,20100824,20100828,499,7,41,Low,Regular Air,19,365.64,0.03,22.77,18.97,9.03,0.062274368231046935,4
4980,35430,20100325,20100401,416,7,423,Low,Regular Air,16,1835.84,0.05,608.74,110.98,13.99,0.3315866306431933,7
4981,35430,20100325,20100329,416,7,26,Low,Regular Air,48,133.43,0.1,9.5,2.84,0.93,0.0711983811736491,4
4982,35430,20100325,20100327,416,7,893,Low,Regular Air,31,1655.3665,0.08,173.93,65.99,8.99,0.10507038773588809,2
4999,35588,20100613,20100615,521,7,127,Low,Delivery Truck,32,1727.79,0.1,-694.9,58.14,36.61,-0.4021900809704883,2
5007,35712,20121023,20121024,505,7,824,High,Regular Air,42,3931.17,0.1,1174.02,100.97,7.18,0.2986439151702928,1
5008,35712,20121023,20121023,505,7,1115,High,Regular Air,24,134.88,0.0,-122.21,5.28,8.16,-0.9060646500593119,0
5068,36130,20120913,20120914,520,7,661,Critical,Regular Air,23,394.8,0.1,-113.8,17.98,4.0,-0.28824721377912865,1
5109,36416,20091130,20091204,221,7,1170,Low,Regular Air,44,276.0,0.08,-98.53,6.48,5.82,-0.3569927536231884,4
5110,36416,20091130,20091204,221,7,571,Low,Regular Air,46,132.01,0.04,6.93,2.88,1.01,0.05249602302855844,4
5111,36418,20120127,20120128,509,7,764,Not Specified,Express Air,33,207.92,0.08,-124.84,6.23,6.97,-0.6004232397075799,1
5129,36517,20100301,20100302,476,7,767,Not Specified,Regular Air,18,877.64,0.03,218.97,48.58,3.99,0.24949865548516476,1
5130,36517,20100301,20100303,476,7,125,Not Specified,Regular Air,9,190.1,0.06,-63.78,20.95,4.0,-0.3355076275644398,2
5151,36705,20090625,20090625,501,7,818,Not Specified,Delivery Truck,17,1032.072,0.06,54.23,70.89,89.3,0.052544783697261434,0
5179,36833,20120711,20120718,498,7,962,Low,Regular Air,25,184.32,0.0,-73.33,6.68,7.3,-0.3978407118055556,7
5190,36896,20091103,20091105,507,7,282,Critical,Regular Air,12,34.01,0.0,10.58,2.61,0.5,0.3110849750073508,2
5191,36896,20091103,20091106,507,7,217,Critical,Express Air,41,1008.95,0.04,69.31,25.38,8.99,0.0686951781555082,3
5192,36896,20091103,20091103,507,7,758,Critical,Regular Air,21,3508.33,0.04,-546.98,167.27,35.0,-0.15590893673058123,0
5215,37123,20120218,20120219,315,7,897,High,Delivery Truck,50,794.58,0.05,11.65,15.23,27.75,0.014661833924840797,1
5280,37572,20100803,20100805,236,7,283,High,Regular Air,22,123.95,0.01,2.42,5.34,2.99,0.019524001613553853,2
5290,37669,20101029,20101031,500,7,1002,Not Specified,Express Air,39,9081.98,0.02,2485.54,232.58,19.99,0.27367820673465476,2
5291,37669,20101029,20101031,500,7,1048,Not Specified,Regular Air,31,806.08,0.08,402.37,26.17,1.39,0.49916881699086935,2
5292,37669,20101029,20101101,500,7,581,Not Specified,Regular Air,4,70.02,0.0,-30.63,15.31,8.78,-0.4374464438731791,3
5362,38117,20100420,20100425,510,7,102,Low,Regular Air,28,481.27,0.01,-128.89,15.7,11.25,-0.26781224676377086,5
5372,38210,20101212,20101212,515,7,877,Low,Regular Air,10,52.76,0.09,-49.53,4.98,7.44,-0.9387793783169068,0
5381,38274,20110610,20110612,525,7,199,High,Regular Air,9,1225.37,0.08,0.98,140.81,24.49,0.0007997584403078255,2
5382,38274,20110610,20110612,525,7,975,High,Regular Air,27,1199.57,0.06,23.7,43.57,16.36,0.019757079620197238,2
5383,38274,20110610,20110611,525,7,512,High,Express Air,10,484.2195,0.02,-33.79,55.99,1.25,-0.06978240240221635,1
5397,38370,20110403,20110405,221,7,1171,High,Regular Air,50,169.13,0.0,43.05,3.14,1.14,0.25453792940341746,2
5403,38405,20100715,20100718,519,7,378,Medium,Regular Air,29,208.04,0.1,14.77,7.59,4.0,0.07099596231493943,3
5409,38466,20110817,20110818,503,7,584,Critical,Regular Air,22,136.18,0.08,-43.26,5.98,5.46,-0.31766779262740485,1
5410,38466,20110817,20110819,503,7,349,Critical,Regular Air,37,111.37,0.04,46.46,2.89,0.5,0.4171679985633474,2
5411,38466,20110817,20110818,503,7,673,Critical,Regular Air,15,105.48,0.02,-53.99,6.48,7.37,-0.5118505877891544,1
5415,38501,20090428,20090429,511,7,731,Critical,Regular Air,11,78.68,0.05,-29.07,6.48,6.22,-0.36947127605490593,1
5425,38532,20120717,20120719,517,7,900,High,Regular Air,44,128.22,0.07,16.51,2.94,0.7,0.1287630634846358,2
5428,38564,20091102,20091103,514,7,730,Critical,Regular Air,31,904.93,0.08,-53.4,30.97,4.0,-0.05901008917816848,1
5429,38564,20091102,20091104,514,7,85,Critical,Express Air,21,98.51,0.1,45.93,4.13,0.5,0.466247081514567,2
5481,38915,20090917,20090918,515,7,1009,Medium,Regular Air,12,96.73,0.08,-83.65,7.77,9.23,-0.8647782487335883,1
5482,38915,20090917,20090919,515,7,378,Medium,Regular Air,34,253.6,0.07,24.39,7.59,4.0,0.09617507886435332,2
5487,38947,20091129,20091201,304,7,505,Critical,Regular Air,20,307.46,0.02,4.91,14.58,7.4,0.01596955701554674,2
5512,39078,20090623,20090623,513,7,431,Low,Regular Air,10,36.91,0.07,-27.72,3.28,3.97,-0.75101598482796,0
5513,39078,20090623,20090630,513,7,719,Low,Regular Air,8,2155.84,0.02,-267.63,256.99,11.25,-0.12414186581564493,7
5514,39078,20090623,20090625,513,7,896,Low,Regular Air,26,175.27,0.01,-33.67,6.48,5.14,-0.19210361157071945,2
5524,39141,20090503,20090505,497,7,1061,Low,Regular Air,49,1400.91,0.09,-163.53,30.98,19.51,-0.11673126753324624,2
5525,39141,20090503,20090505,497,7,945,Low,Regular Air,47,2259.66,0.03,554.77,49.34,10.25,0.24551038651832577,2
5570,39460,20090502,20090504,522,7,311,Not Specified,Regular Air,25,172.42,0.09,-71.6,7.1,6.05,-0.4152650504581835,2
5571,39460,20090502,20090503,522,7,738,Not Specified,Regular Air,19,2033.9225,0.02,251.2,125.99,2.5,0.12350519746942178,1
5639,39904,20090202,20090203,500,7,1172,Not Specified,Regular Air,44,363.92,0.0,-144.56,8.09,7.96,-0.3972301604748296,1
5643,39909,20110224,20110304,304,7,602,Low,Regular Air,50,7778.758,0.0,2547.3,175.99,4.99,0.32746872958382306,8
5669,40100,20120204,20120208,504,7,94,Low,Regular Air,47,1001.17,0.0,333.18,19.98,5.77,0.3327906349571002,4
5689,40224,20090630,20090707,502,7,309,Low,Express Air,14,890.9,0.05,404.29,63.94,14.48,0.45379952856661804,7
5712,40422,20110718,20110720,497,7,440,Critical,Express Air,39,2192.439,0.06,517.82,65.99,3.99,0.23618445028573204,2
5743,40802,20120903,20120904,445,7,357,High,Delivery Truck,28,3361.02,0.04,26.05,115.99,56.14,0.007750623322681805,1
5755,40839,20120331,20120401,511,7,735,Medium,Delivery Truck,23,2732.01,0.04,-100.47,119.99,56.14,-0.0367751216137569,1
5777,40997,20090421,20090421,523,7,1089,Low,Express Air,12,382.29,0.05,61.47,30.98,9.18,0.1607941615004316,0
5778,40997,20090421,20090428,523,7,416,Low,Regular Air,37,881.74,0.05,18.27,22.99,8.99,0.02072039376687005,7
5779,40997,20090421,20090423,523,7,271,Low,Regular Air,1,22.61,0.03,-8.4,14.97,7.51,-0.3715170278637771,2
5780,40997,20090421,20090425,523,7,763,Low,Delivery Truck,33,7384.18,0.04,-513.79,212.6,110.2,-0.06957983147756419,4
5806,41185,20091206,20091207,515,7,586,Critical,Regular Air,2,18.81,0.08,-12.83,5.78,7.96,-0.6820839978734716,1
5816,41253,20090507,20090509,505,7,1130,Medium,Regular Air,5,1455.49,0.07,-807.59,300.97,7.18,-0.5548578142068994,2
5831,41378,20121029,20121101,498,7,741,Not Specified,Delivery Truck,30,5454.51,0.03,446.26,180.98,30.0,0.08181486512995667,3
5832,41378,20121029,20121031,498,7,412,Not Specified,Regular Air,42,1264.17,0.05,433.34,29.89,1.99,0.34278617590988547,2
5845,41474,20090420,20090422,513,7,550,Not Specified,Delivery Truck,35,3640.83,0.0,-6.8,100.98,35.84,-0.001867705990117638,2
5846,41474,20090420,20090422,513,7,568,Not Specified,Regular Air,50,225.94,0.09,-89.13,4.77,2.39,-0.39448526157386915,2
5849,41508,20100924,20100926,416,7,39,High,Delivery Truck,39,18561.31,0.05,4822.42,500.98,26.0,0.2598103258875586,2
5855,41569,20100721,20100722,496,7,47,Critical,Regular Air,49,617.34,0.06,47.1,12.28,6.47,0.0762950724074254,1
5858,41571,20110606,20110615,476,7,487,Low,Regular Air,42,906.07,0.0,-2.66,20.15,8.99,-0.0029357555155782667,9
5880,41728,20090930,20091002,500,7,318,High,Regular Air,28,23106.46,0.08,9527.47,896.99,19.99,0.4123292793443911,2
5881,41728,20090930,20091001,500,7,1152,High,Delivery Truck,10,2549.58,0.02,41.53,243.98,62.94,0.01628895739690459,1
5886,41764,20091005,20091007,476,7,1104,Not Specified,Delivery Truck,16,5105.06,0.03,467.12,320.64,29.2,0.09150137314742628,2
5931,42082,20111218,20111220,496,7,697,Critical,Regular Air,15,76.42,0.03,-3.95,4.76,3.01,-0.05168803978016226,2
5958,42279,20090630,20090701,498,7,630,Not Specified,Express Air,44,1431.0,0.02,-55.78,30.98,6.5,-0.03897973445143257,1
5962,42308,20090612,20090615,501,7,1173,Medium,Regular Air,16,79.98,0.09,-56.56,4.86,7.1,-0.7071767941985496,3
5980,42375,20101001,20101002,236,7,900,High,Express Air,45,138.45,0.03,24.34,2.94,0.7,0.17580353918382088,1
6044,42851,20090601,20090602,509,7,22,High,Express Air,4,24.32,0.05,-2.97,4.71,0.7,-0.12212171052631579,1
6045,42851,20090601,20090602,509,7,733,High,Express Air,7,344.301,0.04,-22.9,55.99,1.25,-0.06651156981826947,1
6154,43585,20101110,20101112,522,7,812,Critical,Express Air,19,1004.18,0.08,374.19,55.48,6.79,0.3726323965822861,2
6157,43590,20090910,20090912,498,7,410,Critical,Express Air,24,3118.6,0.06,804.2,128.24,12.65,0.25787212210607324,2
6188,43874,20120610,20120611,510,7,685,High,Regular Air,46,153.28,0.09,-161.21,3.28,5.0,-1.0517353862212944,1
6356,45059,20110203,20110205,137,7,252,Not Specified,Regular Air,4,130.14,0.04,-116.18,30.42,8.65,-0.8927309051790381,2
6408,45542,20100207,20100210,509,7,249,High,Express Air,37,281.79,0.04,-50.96,7.64,5.83,-0.18084389084069696,3
6409,45542,20100207,20100208,509,7,308,High,Delivery Truck,40,4064.272,0.01,-300.85,124.49,51.94,-0.07402309687934273,1
6427,45698,20120423,20120425,512,7,470,High,Regular Air,40,6559.01,0.1,2307.57,172.99,19.99,0.351816813817939,2
6428,45698,20120423,20120426,512,7,978,High,Regular Air,36,263.37,0.04,-5.68,7.28,4.23,-0.021566617306451,3
6458,45987,20090312,20090314,519,7,910,Not Specified,Regular Air,31,131.43,0.01,37.25,4.0,1.3,0.2834208323822567,2
6471,46052,20091123,20091125,508,7,309,Medium,Regular Air,37,2374.35,0.05,878.21,63.94,14.48,0.3698738602143745,2
6472,46052,20091123,20091125,508,7,562,Medium,Express Air,39,729.21,0.0,194.15,17.78,5.03,0.26624703446195197,2
6516,46374,20100707,20100709,506,7,384,High,Delivery Truck,7,1822.83,0.08,-627.64,259.71,66.67,-0.3443217414679372,2
6519,46402,20110108,20110110,524,7,462,Medium,Regular Air,27,826.27,0.03,322.88,29.18,8.55,0.39076815084657557,2
6520,46402,20110108,20110109,524,7,577,Medium,Regular Air,29,1777.469,0.01,166.37,66.99,13.99,0.09359938204266853,1
6521,46402,20110108,20110109,524,7,1154,Medium,Express Air,12,1219.1465,0.01,52.93,115.99,2.5,0.04341561904168203,1
6522,46404,20120304,20120305,499,7,585,Critical,Regular Air,50,1875.4145,0.05,507.33,45.99,2.5,0.270516197885854,1
6528,46468,20110111,20110112,514,7,408,Critical,Regular Air,46,7535.96,0.08,2745.87,165.98,19.99,0.36436897223445985,1
6529,46468,20110111,20110113,514,7,65,Critical,Express Air,41,1618.31,0.08,504.71,39.48,1.99,0.3118747335183,2
6530,46468,20110111,20110113,514,7,1156,Critical,Regular Air,1,11.87,0.04,-8.89,6.48,5.4,-0.7489469250210616,2
6533,46497,20120619,20120620,503,7,487,High,Regular Air,30,630.54,0.03,-30.07,20.15,8.99,-0.04768928220255654,1
6651,47303,20111205,20111206,507,7,122,Medium,Regular Air,47,1413.82,0.1,226.53,30.98,11.63,0.16022548839314765,1
6652,47303,20111205,20111206,507,7,182,Medium,Regular Air,7,56.9,0.03,12.64,7.64,1.39,0.22214411247803165,1
6653,47303,20111205,20111207,507,7,673,Medium,Express Air,45,308.92,0.04,-143.58,6.48,7.37,-0.46478052570244727,2
6672,47492,20110723,20110725,508,7,252,High,Regular Air,22,649.71,0.07,-157.51,30.42,8.65,-0.24243123855258497,2
6695,47682,20121116,20121117,505,7,739,Not Specified,Regular Air,38,3191.24,0.0,1620.23,83.98,5.01,0.5077117358769633,1
6807,48483,20091210,20091211,505,7,1157,Critical,Express Air,18,47.55,0.0,10.01,2.21,1.0,0.21051524710830705,1
6871,48961,20090721,20090723,499,7,151,Not Specified,Regular Air,24,520.68,0.09,-143.66,22.84,16.87,-0.27590842744103866,2
6872,48961,20090721,20090723,499,7,932,Not Specified,Express Air,25,358.78,0.1,-76.9,14.98,7.69,-0.21433747700540726,2
6921,49350,20120822,20120824,519,7,517,High,Regular Air,50,375.11,0.01,-331.63,7.28,11.15,-0.8840873343819146,2
6936,49505,20090121,20090123,498,7,40,Critical,Regular Air,12,97.74,0.04,-8.5,7.84,4.71,-0.08696541845713117,2
6937,49505,20090121,20090122,498,7,137,Critical,Express Air,34,335.59,0.04,85.83,9.78,1.99,0.25575851485443546,1
6966,49797,20110308,20110309,315,7,166,Not Specified,Regular Air,27,341.1,0.0,-4.75,11.97,4.98,-0.013925535033714452,1
6967,49797,20110308,20110309,315,7,78,Not Specified,Express Air,26,171.68,0.07,-116.56,6.48,8.19,-0.678937558247903,1
7007,50017,20121120,20121122,514,7,555,Low,Regular Air,43,1502.47,0.07,214.05,34.58,8.99,0.1424654069632006,2
7008,50017,20121120,20121120,514,7,1174,Low,Regular Air,24,2014.13,0.1,-794.94,89.83,35.0,-0.3946815746749217,0
7013,50051,20091004,20091004,236,7,1175,Medium,Express Air,15,308.64,0.03,91.08,19.04,6.38,0.2951010886469673,0
7019,50083,20110408,20110410,165,7,749,Not Specified,Delivery Truck,33,13671.94,0.01,5711.96,400.97,48.26,0.41778708800653014,2
7047,50307,20101015,20101015,508,7,814,Low,Regular Air,31,536.83,0.06,161.37,17.48,1.99,0.3005979546597619,0
7048,50307,20101015,20101017,508,7,230,Low,Express Air,32,1734.31,0.06,647.25,54.96,10.75,0.3732031759028086,2
7102,50663,20101109,20101110,497,7,347,Critical,Express Air,26,1614.84,0.02,-716.55,60.98,49.0,-0.44372817121200864,1
7137,50917,20090721,20090725,502,7,139,Low,Regular Air,33,1422.31,0.02,498.15,43.98,1.99,0.3502401023686819,4
7145,50981,20090804,20090804,221,7,554,Critical,Regular Air,42,5678.5525,0.01,1550.88,155.99,8.99,0.2731118537690723,0
7165,51140,20120914,20120914,221,7,537,Low,Regular Air,28,132.01,0.04,-93.12,4.37,5.15,-0.70540110597682,0
7166,51140,20120914,20120918,221,7,257,Low,Regular Air,14,626.33,0.01,24.56,45.19,1.99,0.03921255568150974,4
7167,51140,20120914,20120921,221,7,355,Low,Regular Air,3,394.34,0.1,352.38,136.98,24.49,0.8935943601967845,7
7177,51205,20121210,20121211,288,7,941,High,Express Air,17,233.01,0.04,88.88,12.97,1.49,0.3814428565297627,1
7178,51205,20121210,20121211,288,7,854,High,Regular Air,5,225.72,0.0,16.65,39.98,9.83,0.07376395534290271,1
7180,51237,20120310,20120312,499,7,556,Medium,Regular Air,26,4769.0695,0.03,1138.58,205.99,5.99,0.23874258909416188,2
7236,51619,20090902,20090903,522,7,1157,Not Specified,Regular Air,46,100.6,0.03,11.55,2.21,1.0,0.11481113320079524,1
7237,51619,20090902,20090903,522,7,1176,Not Specified,Regular Air,6,958.06,0.09,-77.09,165.2,19.99,-0.08046468905914035,1
7238,51619,20090902,20090904,522,7,36,Not Specified,Regular Air,2,14.75,0.07,-11.42,3.89,7.01,-0.7742372881355932,2
7239,51619,20090902,20090903,522,7,146,Not Specified,Delivery Truck,31,11262.04,0.06,1660.92,355.98,58.92,0.14747949749778902,1
7250,51713,20110319,20110320,508,7,1050,Not Specified,Regular Air,35,133.07,0.02,-15.96,3.74,0.94,-0.11993687532877434,1
7296,52007,20120414,20120414,500,7,211,Medium,Regular Air,25,68.54,0.1,22.2,2.88,0.5,0.3238984534578348,0
7297,52007,20120414,20120415,500,7,1079,Medium,Delivery Truck,19,10351.01,0.08,-1331.55,550.98,45.7,-0.12863962067469745,1
7317,52164,20120413,20120415,499,7,858,Not Specified,Regular Air,30,1824.848,0.0,364.23,65.99,8.8,0.19959470597003148,2
7367,52512,20110707,20110709,497,7,166,High,Regular Air,4,49.86,0.09,-21.77,11.97,4.98,-0.43662254312073806,2
7368,52512,20110707,20110709,497,7,241,High,Express Air,32,197.49,0.08,-52.84,5.74,5.01,-0.26755785103043195,2
7379,52611,20110425,20110425,521,7,1086,Medium,Regular Air,11,24.95,0.09,-5.14,2.18,1.38,-0.20601202404809618,0
7403,52805,20110928,20110928,514,7,890,High,Express Air,20,596.56,0.04,60.7,29.99,5.5,0.10175003352554648,0
7405,52833,20111224,20111225,525,7,833,Medium,Regular Air,8,317.82,0.02,-33.09,37.76,12.9,-0.10411553709646972,1
7423,52930,20111108,20111112,115,7,427,Low,Regular Air,16,136.98,0.04,44.12,8.74,1.39,0.32209081617754415,4
7424,52930,20111108,20111113,115,7,152,Low,Regular Air,39,225.17,0.1,-183.05,5.78,8.09,-0.8129413332149044,5
7425,52930,20111108,20111108,115,7,178,Low,Regular Air,24,1112.157,0.09,140.81,55.99,3.3,0.12660982217438727,0
7426,52930,20111108,20111108,115,7,733,Low,Regular Air,40,1865.5885,0.02,972.9,55.99,1.25,0.5214976400208299,0
7446,53127,20110511,20110512,137,7,737,High,Regular Air,50,1893.29,0.07,857.34,37.7,2.99,0.45283078662011633,1
7447,53127,20110511,20110513,137,7,614,High,Regular Air,49,2628.047,0.05,-137.95,65.99,19.99,-0.052491450875878545,2
7472,53349,20100410,20100419,500,7,131,Low,Delivery Truck,46,11002.66,0.07,2349.29,243.98,43.32,0.21352018511887125,9
7489,53476,20090611,20090611,505,7,121,Not Specified,Regular Air,14,481.4,0.04,150.72,35.44,5.09,0.31308683007893645,0
7490,53476,20090611,20090614,505,7,1081,Not Specified,Regular Air,24,93.85,0.08,19.42,3.98,0.7,0.20692594565796488,3
7491,53476,20090611,20090612,505,7,264,Not Specified,Regular Air,47,85.87,0.01,3.13,1.76,0.7,0.03645044835216024,1
7492,53476,20090611,20090611,505,7,220,Not Specified,Express Air,42,8127.32,0.01,1141.07,193.17,19.99,0.14039929521662736,0
7518,53671,20110610,20110611,519,7,241,Medium,Regular Air,41,236.68,0.08,-82.79,5.74,5.01,-0.3497971945242522,1
7519,53671,20110610,20110611,519,7,405,Medium,Regular Air,43,6255.81,0.01,693.26,140.85,19.99,0.11081858304520117,1
7520,53671,20110610,20110611,519,7,319,Medium,Regular Air,39,616.5,0.02,25.99,15.01,8.4,0.042157339821573395,1
7526,53766,20091013,20091014,519,7,726,Not Specified,Delivery Truck,22,3122.55,0.07,-574.56,145.98,46.2,-0.1840034587116299,1
7528,53795,20120130,20120131,504,7,731,High,Express Air,40,264.6,0.1,-93.06,6.48,6.22,-0.3517006802721088,1
7529,53795,20120130,20120201,504,7,469,High,Regular Air,21,3356.735,0.05,370.33,195.99,4.2,0.11032446707887276,2
7579,54209,20120815,20120817,495,7,702,Medium,Regular Air,21,664.989,0.04,170.46,35.99,5.99,0.25633506719660026,2
7599,54369,20090302,20090304,524,7,207,Not Specified,Express Air,47,421.08,0.0,82.31,8.33,1.99,0.19547354421962573,2
7652,54850,20101224,20101224,288,7,902,Not Specified,Regular Air,16,2834.96,0.07,587.64,178.47,19.99,0.20728334791319805,0
7653,54850,20101224,20101225,288,7,163,Not Specified,Regular Air,9,953.989,0.02,-249.33,125.99,8.08,-0.2613552147875919,1
7666,54950,20101205,20101206,522,7,990,High,Regular Air,26,174.58,0.08,-57.17,6.84,4.42,-0.3274716462366823,1
7667,54950,20101205,20101206,522,7,654,High,Delivery Truck,22,8789.54,0.07,-1025.19,424.21,110.2,-0.1166375032140476,1
7697,55172,20101203,20101204,476,7,753,Not Specified,Regular Air,1,37.89,0.0,-120.97,35.41,1.99,-3.1926629717603587,1
7706,55235,20101006,20101008,503,7,700,Low,Regular Air,33,2532.6175,0.0,730.51,85.99,2.79,0.2884407140043848,2
7718,55300,20090220,20090222,502,7,284,High,Regular Air,37,159.89,0.03,-185.17,4.06,6.89,-1.1581086997310652,2
7719,55300,20090220,20090221,502,7,46,High,Regular Air,48,180.48,0.01,82.38,3.75,0.5,0.4564494680851064,1
7720,55300,20090220,20090222,502,7,519,High,Regular Air,31,350.48,0.02,-231.05,10.68,13.04,-0.6592387582743666,2
7736,55398,20100120,20100121,315,7,1145,Medium,Regular Air,21,46.42,0.04,2.38,2.1,0.7,0.05127100387763894,1
7761,55553,20090717,20090718,165,7,474,Medium,Regular Air,32,177.52,0.05,52.61,5.68,1.39,0.29636097341144657,1
7791,55747,20121202,20121203,499,7,39,High,Delivery Truck,36,17560.95,0.09,4801.82,500.98,26.0,0.2734373709850549,1
7792,55747,20121202,20121204,499,7,481,High,Delivery Truck,42,19845.696,0.01,-1331.55,550.98,64.59,-0.06709515252072792,2
7798,55779,20120310,20120311,476,7,580,Critical,Delivery Truck,26,4073.17,0.08,376.21,160.98,30.0,0.09236295072388336,1
7886,56418,20120412,20120413,499,7,140,Critical,Regular Air,47,1613.84,0.09,226.76,34.76,8.22,0.14050959202894958,1
7911,56580,20110814,20110814,516,7,513,Not Specified,Regular Air,9,73.05,0.1,-17.03,8.34,4.82,-0.23312799452429844,0
7912,56580,20110814,20110816,516,7,112,Not Specified,Delivery Truck,44,950.3,0.1,-2103.05,20.98,53.03,-2.2130379880037885,2
7913,56580,20110814,20110816,516,7,832,Not Specified,Delivery Truck,29,8122.53,0.05,-693.23,286.85,61.76,-0.08534656073908008,2
7953,56807,20090421,20090423,445,7,667,High,Regular Air,1,47.04,0.06,-24.63,42.98,4.62,-0.5235969387755102,2
7957,56837,20101214,20101218,505,7,557,Low,Delivery Truck,10,965.46,0.03,-71.48,90.98,30.0,-0.07403724649389928,4
7970,56995,20091015,20091017,115,7,241,Medium,Express Air,27,157.57,0.08,-57.06,5.74,5.01,-0.3621247699435172,2
7984,57091,20111031,20111101,514,7,1177,Medium,Express Air,6,14.85,0.05,-2.79,1.68,1.02,-0.1878787878787879,1
7998,57155,20090617,20090618,494,7,597,Critical,Regular Air,23,155.52,0.05,-133.73,6.48,9.68,-0.859889403292181,1
7999,57155,20090617,20090618,494,7,1178,Critical,Express Air,16,535.54,0.04,60.82,33.89,5.1,0.11356761399708706,1
8003,57185,20110523,20110525,513,7,945,Medium,Regular Air,28,1360.82,0.06,385.03,49.34,10.25,0.2829396981231904,2
8036,57409,20091120,20091121,165,7,495,Not Specified,Regular Air,1,90.88,0.1,-259.63,100.98,7.18,-2.856844190140845,1
8037,57409,20091120,20091121,165,7,595,Not Specified,Regular Air,34,6236.4755,0.03,1928.66,205.99,3.0,0.30925480265255595,1
8066,57542,20090822,20090824,499,7,812,High,Regular Air,23,1256.29,0.04,517.03,55.48,6.79,0.41155306497703553,2
8082,57639,20100721,20100721,165,7,1092,Critical,Regular Air,24,2239.52,0.04,330.5,95.46,18.13,0.14757626634278775,0
8104,57856,20090212,20090213,514,7,311,Medium,Regular Air,17,127.45,0.06,-42.17,7.1,6.05,-0.3308748528834837,1
8105,57856,20090212,20090213,514,7,948,Medium,Regular Air,31,92.18,0.02,5.7,2.78,0.97,0.061835539162508134,1
8177,58435,20120507,20120509,495,7,291,Low,Regular Air,11,273.44,0.01,-35.62,22.38,15.1,-0.13026623756582797,2
8251,59009,20111118,20111120,502,7,385,Critical,Express Air,19,614.91,0.02,-7.02,30.98,17.08,-0.011416304825096356,2
8325,59491,20120324,20120327,526,7,244,High,Regular Air,31,12470.31,0.04,5528.5,387.99,19.99,0.4433330045524129,3
8330,59554,20111115,20111116,516,7,661,Critical,Regular Air,40,718.6,0.08,-81.49,17.98,4.0,-0.11340105761202336,1
8334,59559,20100917,20100917,526,7,551,Critical,Express Air,30,397.17,0.1,7.69,14.34,5.0,0.01936198605131304,0
8359,59745,20090419,20090421,500,7,1146,Not Specified,Regular Air,36,18092.66,0.09,7917.76,525.98,19.99,0.4376227707810792,2
8385,59906,20100520,20100522,520,7,1024,High,Regular Air,32,284.92,0.03,81.29,9.11,2.15,0.28530815667555803,2
78,454,20111226,20111228,527,7,970,Low,Regular Air,42,234.2,0.09,56.22,6.08,1.82,0.24005123825789923,2
90,549,20120712,20120713,528,7,877,Critical,Regular Air,13,70.24,0.03,-59.75,4.98,7.44,-0.8506548974943053,1
91,549,20120712,20120713,528,7,911,Critical,Regular Air,5,40.75,0.05,-27.57,6.48,8.74,-0.6765644171779142,1
92,549,20120712,20120712,528,7,1,Critical,Express Air,30,1150.88,0.05,-911.56,38.94,35.0,-0.7920547754761572,0
162,999,20100904,20100911,529,7,255,Low,Regular Air,6,583.64,0.08,-179.5,95.43,19.99,-0.30755260091837433,7
195,1286,20100513,20100514,307,7,460,Not Specified,Regular Air,46,234.37,0.05,-144.68,5.18,5.74,-0.6173145027093911,1
196,1286,20100513,20100515,307,7,601,Not Specified,Regular Air,14,1000.3565,0.06,229.78,85.99,3.3,0.22969811262284995,2
266,1831,20101201,20101202,528,7,223,Critical,Delivery Truck,33,12586.19,0.0,619.71,370.98,99.0,0.0492372989761,1
275,1892,20090325,20090329,530,7,983,Low,Regular Air,47,193.63,0.05,-152.52,3.98,5.26,-0.7876878582864226,4
276,1892,20090325,20090325,530,7,1156,Low,Regular Air,9,64.29,0.01,-18.85,6.48,5.4,-0.2932026753771971,0
286,1991,20120906,20120906,340,7,355,Not Specified,Regular Air,27,3491.06,0.09,921.7,136.98,24.49,0.2640172325883829,0
287,1991,20120906,20120907,340,7,802,Not Specified,Delivery Truck,37,14383.83,0.01,5050.1,399.98,12.06,0.35109564003467786,1
653,4610,20100617,20100619,523,7,207,Low,Regular Air,8,66.88,0.09,-17.01,8.33,1.99,-0.25433612440191394,2
654,4610,20100617,20100621,523,7,69,Low,Regular Air,29,447.34,0.08,203.01,15.67,1.39,0.45381588948003754,4
794,5697,20121004,20121006,529,7,468,Critical,Regular Air,31,371.68,0.03,-13.32,11.29,5.03,-0.03583727938011193,2
832,5986,20120421,20120421,80,7,1000,High,Regular Air,48,5556.18,0.08,1638.48,120.98,3.99,0.29489325399825056,0
833,5986,20120421,20120422,80,7,307,High,Delivery Truck,20,1021.55,0.05,64.81,50.98,14.19,0.06344280749840929,1
834,5986,20120421,20120422,80,7,24,High,Regular Air,41,205.24,0.03,-148.77,4.89,4.93,-0.724858702007406,1
845,6053,20101211,20101213,531,7,161,Medium,Regular Air,4,16.08,0.04,-3.75,3.8,1.49,-0.23320895522388063,2
893,6432,20111110,20111112,307,7,226,Critical,Regular Air,30,311.08,0.08,-38.45,10.89,4.5,-0.12360164587887362,2
906,6502,20110820,20110820,529,7,249,Medium,Express Air,16,116.11,0.1,-36.46,7.64,5.83,-0.3140125742830075,0
907,6502,20110820,20110823,529,7,939,Medium,Regular Air,30,306.92,0.05,13.46,9.99,5.12,0.04385507624136583,3
921,6656,20090515,20090515,113,7,590,Critical,Regular Air,45,1802.0,0.02,508.96,39.06,10.55,0.2824417314095449,0
922,6656,20090515,20090516,113,7,737,Critical,Regular Air,50,1832.22,0.1,805.43,37.7,2.99,0.4395924070253572,1
971,7072,20120204,20120204,531,7,183,Critical,Regular Air,29,258.61,0.07,-15.96,8.85,5.6,-0.06171455086810255,0
1015,7429,20100526,20100527,532,7,413,Not Specified,Regular Air,33,1379.34,0.04,-470.85,40.48,19.99,-0.3413589107834182,1
1016,7429,20100526,20100527,532,7,502,Not Specified,Express Air,6,168.25,0.09,101.78,26.48,6.93,0.6049331352154532,1
1075,7910,20100420,20100423,533,7,506,Critical,Regular Air,41,1871.13,0.01,346.43,45.98,4.8,0.18514480554531218,3
1076,7910,20100420,20100420,533,7,121,Critical,Regular Air,22,729.57,0.08,250.43,35.44,5.09,0.3432569869923379,0
1096,8035,20120301,20120303,534,7,793,Medium,Regular Air,7,104.38,0.07,-24.2,14.42,6.75,-0.23184518106917035,2
1220,8961,20110628,20110703,535,7,701,Low,Regular Air,15,627.69,0.0,-12.02,39.98,4.0,-0.019149580206789973,5
1311,9606,20090727,20090727,527,7,1179,Not Specified,Regular Air,39,493.26,0.02,263.4,12.53,0.49,0.5339982970441551,0
1312,9606,20090727,20090729,527,7,268,Not Specified,Express Air,37,192.15,0.07,37.31,5.18,2.04,0.1941712204007286,2
1348,9857,20100511,20100513,536,7,325,High,Regular Air,16,2366.18,0.1,703.8,162.93,19.99,0.29744144570573666,2
1349,9857,20100511,20100511,536,7,494,High,Regular Air,49,675.71,0.06,-17.49,13.79,8.78,-0.025883885098636986,0
1350,9857,20100511,20100513,536,7,181,High,Regular Air,16,292.978,0.05,-93.61,20.99,3.3,-0.3195120452730239,2
1502,10851,20090406,20090407,75,7,968,High,Express Air,14,570.5285,0.02,3.96,45.99,4.99,0.006940932836834619,1
1554,11233,20110830,20110901,537,7,411,Not Specified,Regular Air,25,276.5,0.02,35.72,10.98,4.8,0.1291862567811935,2
1593,11493,20111020,20111022,113,7,366,Critical,Regular Air,16,111.9,0.01,38.03,6.47,1.22,0.33985701519213585,2
1614,11684,20120727,20120729,75,7,199,High,Regular Air,8,1173.5,0.0,53.87,140.81,24.49,0.04590541116318705,2
1664,11975,20110413,20110415,529,7,460,Critical,Regular Air,43,210.66,0.08,-145.72,5.18,5.74,-0.6917307509731321,2
1878,13537,20100530,20100601,307,7,677,Low,Regular Air,41,316.61,0.03,110.34,7.4,1.71,0.3485044692208079,2
1912,13670,20120523,20120526,532,7,1045,Critical,Express Air,27,116.37,0.04,57.63,3.69,0.5,0.49523072956947667,3
1922,13764,20110713,20110714,528,7,406,Medium,Regular Air,31,123.93,0.1,11.93,4.28,0.94,0.09626402001129669,1
1948,13953,20110531,20110602,75,7,120,Critical,Regular Air,32,381.24,0.04,67.6,11.34,5.01,0.1773161263246249,2
1981,14119,20100531,20100604,538,7,760,Low,Regular Air,24,103.11,0.06,-95.41,4.18,6.92,-0.9253224711473184,4
1982,14119,20100531,20100605,538,7,178,Low,Regular Air,35,1599.071,0.04,296.66,55.99,3.3,0.18552021767638838,5
1983,14119,20100531,20100602,538,7,643,Low,Regular Air,31,968.235,0.05,-158.61,35.99,5.0,-0.16381353700289703,2
2020,14402,20101014,20101016,535,7,580,Medium,Delivery Truck,1,184.46,0.05,-106.33,160.98,30.0,-0.5764393364415049,2
2032,14499,20101114,20101119,328,7,155,Low,Regular Air,28,574.99,0.06,-148.87,20.97,6.5,-0.2589088505887059,5
2110,15079,20100115,20100118,533,7,534,Medium,Regular Air,45,3753.42,0.0,1276.25,80.98,7.18,0.3400232321456165,3
2111,15079,20100115,20100116,533,7,961,Medium,Regular Air,23,1130.79,0.01,468.19,48.91,5.97,0.4140379734521883,1
2134,15236,20120409,20120410,307,7,236,Not Specified,Regular Air,33,341.42,0.06,71.5,10.91,2.99,0.20941948333430963,1
2135,15236,20120409,20120411,307,7,1180,Not Specified,Express Air,30,381.39,0.01,31.24,12.07,6.2,0.0819109048480558,2
2148,15397,20100206,20100208,538,7,811,Critical,Express Air,42,223.33,0.0,-111.89,4.98,4.32,-0.501007477723548,2
2149,15397,20100206,20100206,538,7,850,Critical,Regular Air,29,1178.04,0.07,-53.81,40.98,6.5,-0.04567756612678687,0
2150,15397,20100206,20100207,538,7,270,Critical,Regular Air,43,121.94,0.01,-51.3,2.6,2.4,-0.4206987042807938,1
2185,15719,20110118,20110119,538,7,71,Critical,Delivery Truck,18,5405.44,0.07,604.46,300.98,64.73,0.11182438432394035,1
2226,16098,20120721,20120723,324,7,1013,Low,Regular Air,44,1001.99,0.09,333.53,24.95,2.99,0.33286759348895695,2
2282,16450,20110515,20110515,113,7,478,Medium,Regular Air,12,73.5,0.03,5.71,5.98,2.5,0.07768707482993198,0
2371,17186,20090126,20090128,528,7,433,Medium,Regular Air,49,4321.63,0.08,-1549.14,90.98,56.2,-0.35846196921069134,2
2372,17186,20090126,20090128,528,7,687,Medium,Regular Air,11,67.14,0.07,-29.98,5.98,5.35,-0.44652963955913016,2
2397,17379,20110814,20110816,328,7,762,Critical,Delivery Truck,29,3218.42,0.08,-1248.58,114.98,58.72,-0.38794812361345005,2
2424,17573,20110904,20110908,539,7,722,Low,Regular Air,23,220.97,0.02,-25.86,9.48,7.29,-0.11702946101280717,4
2441,17702,20120413,20120414,139,7,1009,High,Regular Air,48,368.99,0.09,-305.91,7.77,9.23,-0.8290468576384185,1
2576,18595,20090131,20090202,532,7,370,Critical,Regular Air,6,451.44,0.1,-35.19,78.65,13.99,-0.0779505582137161,2
2577,18595,20090131,20090202,532,7,1008,Critical,Regular Air,16,138.55,0.03,0.9,8.34,2.64,0.006495849873691808,2
2655,19205,20100726,20100727,523,7,387,Medium,Regular Air,47,1291.35,0.04,479.62,26.38,5.86,0.37140976497463896,1
2656,19205,20100726,20100728,523,7,1071,Medium,Regular Air,31,107.97,0.0,2.36,3.26,1.86,0.02185792349726776,2
2694,19494,20100112,20100114,539,7,744,High,Regular Air,39,857.32,0.05,195.71,22.23,8.99,0.22828115522791956,2
2695,19494,20100112,20100115,539,7,1084,High,Regular Air,2,8.87,0.03,-6.79,2.74,3.5,-0.7655016910935739,3
2699,19523,20111130,20111201,84,7,996,High,Regular Air,44,155.78,0.04,-10.0,3.6,2.2,-0.06419309282321223,1
2842,20482,20110718,20110718,540,7,1181,Medium,Delivery Truck,38,4650.07,0.04,-1143.15,120.98,60.19,-0.2458350089353494,0
2843,20482,20110718,20110720,540,7,752,Medium,Regular Air,39,497.52,0.03,92.46,12.28,5.09,0.18584177520501688,2
2963,21414,20110504,20110504,328,7,974,Critical,Express Air,43,103.6,0.09,-72.86,2.52,1.92,-0.7032818532818533,0
2967,21445,20091117,20091121,539,7,284,Low,Express Air,14,75.15,0.02,-63.53,4.06,6.89,-0.8453759148369926,4
2968,21445,20091117,20091121,539,7,510,Low,Regular Air,43,400.45,0.07,-38.58,9.49,5.76,-0.09634161568235734,4
2987,21573,20120425,20120427,534,7,1165,Critical,Regular Air,31,96.23,0.05,24.05,3.08,0.99,0.24992206172711212,2
2988,21573,20120425,20120427,534,7,1182,Critical,Regular Air,7,70.08,0.0,8.02,9.48,3.72,0.11444063926940638,2
2989,21573,20120425,20120427,534,7,818,Critical,Delivery Truck,3,234.768,0.04,54.23,70.89,89.3,0.23099400258979075,2
3004,21636,20090810,20090817,53,7,291,Low,Express Air,16,376.65,0.0,-52.65,22.38,15.1,-0.13978494623655915,7
3005,21636,20090810,20090815,53,7,379,Low,Regular Air,6,40.06,0.07,-24.44,5.98,4.69,-0.6100848726909636,5
3030,21795,20100613,20100614,535,7,593,Not Specified,Express Air,10,278.66,0.05,-77.36,27.48,4.0,-0.277614296992751,1
3031,21795,20100613,20100615,535,7,41,Not Specified,Regular Air,28,491.85,0.1,4.54,18.97,9.03,0.009230456439971536,2
3044,21859,20111118,20111119,537,7,1183,High,Regular Air,42,401.37,0.07,13.31,9.74,5.71,0.03316142212920747,1
3069,21989,20110210,20110210,307,7,1180,Low,Regular Air,9,118.95,0.03,30.8,12.07,6.2,0.258932324506095,0
3070,21989,20110210,20110210,307,7,1052,Low,Regular Air,35,3814.171,0.04,1077.13,125.99,4.2,0.28240212617630417,0
3090,22151,20100731,20100801,28,7,203,High,Regular Air,20,515.37,0.04,9.82,24.92,12.98,0.019054271688301608,1
3161,22688,20120417,20120418,531,7,1032,Medium,Regular Air,40,2044.2755,0.1,334.53,65.99,5.63,0.1636423270738215,1
3197,22916,20120202,20120203,436,7,680,Medium,Regular Air,18,122.02,0.04,-115.0,6.48,10.05,-0.9424684477954434,1
3202,22951,20120503,20120503,307,7,815,Medium,Regular Air,24,1304.0275,0.1,34.36,65.99,8.99,0.026349137575702966,0
3205,22980,20121001,20121002,92,7,921,Not Specified,Regular Air,10,56.05,0.06,-27.73,4.98,5.49,-0.4947368421052632,1
3281,23429,20090319,20090319,28,7,976,Critical,Regular Air,28,154.61,0.06,-82.82,5.34,5.63,-0.5356703964814694,0
3282,23429,20090319,20090321,28,7,267,Critical,Express Air,19,1063.35,0.07,107.08,65.99,5.26,0.100700615977806,2
3315,23681,20120519,20120521,75,7,1029,High,Express Air,42,4182.52,0.0,-785.36,95.99,35.0,-0.18777196522670542,2
3405,24263,20120915,20120922,92,7,206,Low,Delivery Truck,16,512.81,0.1,-177.07,33.94,19.19,-0.3452935785183596,7
3430,24455,20091206,20091208,53,7,188,Not Specified,Regular Air,8,169.11,0.0,-10.59,20.89,1.99,-0.06262196203654426,2
3431,24455,20091206,20091209,53,7,914,Not Specified,Regular Air,41,152.59,0.07,27.38,3.98,0.83,0.17943508748935053,3
3471,24707,20120310,20120311,534,7,355,Medium,Regular Air,14,1961.39,0.0,761.04,136.98,24.49,0.3880105435430995,1
3472,24707,20120310,20120312,534,7,476,Medium,Regular Air,3,4.94,0.1,-1.76,1.48,0.7,-0.3562753036437247,2
3523,25091,20100219,20100222,307,7,123,Medium,Regular Air,4,156.97,0.01,-25.43,34.54,14.72,-0.16200547875390203,3
3673,26305,20101202,20101204,529,7,291,Medium,Regular Air,50,1118.21,0.07,-122.79,22.38,15.1,-0.1098094275672727,2
3674,26305,20101202,20101203,529,7,90,Medium,Delivery Truck,13,3503.56,0.01,-633.44,262.11,62.74,-0.18079895877336197,1
3789,26982,20120428,20120429,539,7,381,Not Specified,Express Air,37,1984.61,0.05,585.03,55.48,14.3,0.29478335793934324,1
3800,27106,20111201,20111203,307,7,236,High,Regular Air,1,13.96,0.06,-4.7,10.91,2.99,-0.336676217765043,2
3801,27106,20111201,20111201,307,7,330,High,Regular Air,50,531.48,0.08,232.58,10.67,1.39,0.4376081884548807,0
3802,27106,20111201,20111203,307,7,157,High,Delivery Truck,29,3524.55,0.08,-570.18,130.98,30.0,-0.16177384346937904,2
3803,27106,20111201,20111203,307,7,485,High,Regular Air,42,890.61,0.05,297.11,22.23,3.63,0.3336028115561245,2
3804,27106,20111201,20111203,307,7,463,High,Regular Air,10,64.19,0.08,3.77,6.68,1.5,0.05873188970244587,2
3859,27527,20101130,20101203,92,7,592,Medium,Regular Air,37,376.58,0.09,1.33,10.4,5.4,0.003531786074672049,3
3886,27746,20101204,20101204,75,7,111,Critical,Regular Air,3,1540.77,0.04,-1572.64,499.99,24.49,-1.0206844629633236,0
3900,27811,20110304,20110305,523,7,23,Not Specified,Regular Air,4,73.9,0.06,-39.64,15.99,13.18,-0.5364005412719891,1
3923,27974,20101007,20101008,532,7,1005,High,Regular Air,35,897.42,0.08,127.17,26.64,5.3,0.14170622451026277,1
3924,27974,20101007,20101008,532,7,1180,High,Regular Air,27,306.02,0.08,-6.7,12.07,6.2,-0.021893993856610682,1
4031,28774,20090101,20090102,535,7,379,High,Regular Air,32,180.36,0.1,-111.8,5.98,4.69,-0.6198713683743623,1
4174,29607,20120313,20120315,528,7,752,Medium,Regular Air,20,240.74,0.05,21.05,12.28,5.09,0.08743873058070947,2
4183,29730,20100616,20100618,528,7,1025,Critical,Delivery Truck,21,3072.86,0.08,-364.87,150.98,39.25,-0.11873954556992508,2
4236,30144,20110806,20110811,530,7,147,Low,Delivery Truck,25,5503.39,0.08,-528.65,218.75,69.64,-0.09605897455931707,5
4389,31266,20121003,20121004,92,7,802,High,Delivery Truck,16,6573.75,0.04,1197.05,399.98,12.06,0.1820954554097737,1
4408,31456,20121115,20121117,307,7,954,High,Regular Air,10,225.09,0.02,64.14,21.38,2.99,0.2849526855924297,2
4418,31522,20100525,20100527,529,7,485,Medium,Regular Air,14,302.4,0.04,134.21,22.23,3.63,0.44381613756613764,2
4419,31522,20100525,20100527,529,7,171,Medium,Delivery Truck,42,1083.37,0.03,-226.41,25.98,14.36,-0.2089867727553837,2
4685,33319,20090327,20090330,534,7,721,Not Specified,Delivery Truck,11,1736.26,0.01,-505.76,150.89,60.2,-0.291292778731296,3
4724,33635,20090712,20090713,527,7,475,High,Delivery Truck,5,477.76,0.04,-173.1,90.97,28.0,-0.36231580709979905,1
4725,33635,20090712,20090713,527,7,540,High,Regular Air,4,112.18,0.07,-96.16,20.34,35.0,-0.8571937956855054,1
4787,33988,20090110,20090111,92,7,239,Medium,Regular Air,30,164.78,0.0,-128.47,5.02,5.14,-0.779645588056803,1
4798,34087,20090724,20090728,84,7,648,Low,Regular Air,31,3077.731,0.05,745.48,115.99,5.26,0.24221739976625636,4
4875,34691,20090114,20090116,539,7,1009,Critical,Regular Air,27,217.68,0.08,-168.75,7.77,9.23,-0.7752205071664829,2
4876,34691,20090114,20090114,539,7,831,Critical,Delivery Truck,23,7202.94,0.02,1425.11,306.14,26.53,0.1978511552227285,0
4877,34691,20090114,20090116,539,7,439,Critical,Express Air,13,245.82,0.1,-7.39,18.97,9.54,-0.030062647465625255,2
4888,34785,20100125,20100128,84,7,861,Critical,Delivery Truck,45,15468.216,0.01,-969.05,400.98,42.52,-0.06264781924431363,3
4904,34883,20091104,20091105,436,7,702,Critical,Regular Air,31,906.015,0.05,248.67,35.99,5.99,0.27446565454214333,1
4930,35077,20111007,20111008,312,7,361,High,Regular Air,29,81.1,0.06,-2.07,2.94,0.96,-0.025524044389642418,1
5072,36132,20120409,20120414,188,7,871,Low,Delivery Truck,3,604.576,0.03,-572.69,236.97,59.24,-0.9472589054147039,5
5073,36133,20110820,20110821,396,7,471,Medium,Regular Air,6,128.56,0.0,-7.84,19.98,8.68,-0.060983198506533914,1
5330,37891,20111020,20111022,540,7,227,High,Regular Air,24,163.36,0.04,-65.54,6.48,6.6,-0.4011998041136141,2
5331,37891,20111020,20111022,540,7,846,High,Express Air,21,44.08,0.06,-9.09,1.98,0.7,-0.20621597096188748,2
5332,37891,20111020,20111020,540,7,384,High,Delivery Truck,4,1135.64,0.02,-627.64,259.71,66.67,-0.5526751435314007,0
5333,37891,20111020,20111022,540,7,224,High,Regular Air,33,5154.009,0.03,1184.68,179.99,13.99,0.2298560208179691,2
5349,38021,20090121,20090122,92,7,369,Medium,Delivery Truck,16,4407.03,0.04,834.96,279.81,23.19,0.18946092946950668,1
5350,38021,20090121,20090122,92,7,999,Medium,Regular Air,36,173.22,0.02,81.77,4.91,0.5,0.4720586537351345,1
5366,38146,20111207,20111207,533,7,253,Low,Regular Air,41,782.05,0.08,-253.74,19.94,14.87,-0.3244549581228822,0
5441,38656,20120810,20120817,165,7,528,Low,Regular Air,41,162.51,0.09,-148.4,4.13,5.34,-0.9131745738723772,7
5442,38656,20120810,20120815,165,7,156,Low,Delivery Truck,3,561.43,0.07,-199.46,180.98,26.2,-0.3552713606326702,5
5456,38756,20090507,20090509,541,7,403,Critical,Express Air,43,2251.497,0.09,308.93,65.99,8.99,0.13721093121598654,2
5545,39268,20110422,20110424,531,7,311,Not Specified,Express Air,44,324.2,0.02,-89.75,7.1,6.05,-0.276835286859963,2
5546,39268,20110422,20110425,531,7,1050,Not Specified,Regular Air,45,156.95,0.1,-32.52,3.74,0.94,-0.20719974514176492,3
5572,39488,20090622,20090626,312,7,660,Low,Express Air,18,92.4,0.04,8.6,4.48,2.5,0.09307359307359306,4
5591,39650,20100730,20100802,535,7,668,Not Specified,Delivery Truck,10,1004.89,0.0,-189.02,89.99,42.0,-0.188100190070555,3
5592,39650,20100730,20100731,535,7,994,Not Specified,Regular Air,47,329.06,0.08,-175.15,7.28,7.98,-0.5322737494681821,1
5626,39844,20091201,20091202,84,7,255,Not Specified,Regular Air,47,4387.24,0.09,-286.47,95.43,19.99,-0.06529617709539484,1
5740,40800,20101204,20101204,84,7,952,Not Specified,Regular Air,41,260.31,0.05,-175.26,6.48,7.91,-0.6732741731013022,0
5773,40965,20091120,20091122,139,7,740,Medium,Delivery Truck,48,7227.42,0.09,-385.0,159.31,60.0,-0.053269354762833766,2
5774,40965,20091120,20091122,139,7,141,Medium,Regular Air,39,1836.187,0.06,-139.84,55.99,5.0,-0.07615782052699425,2
5822,41316,20090721,20090722,165,7,992,Not Specified,Regular Air,8,121.74,0.01,21.0,14.28,2.99,0.17249876786594381,1
5823,41316,20090721,20090724,165,7,556,Not Specified,Regular Air,4,700.366,0.0,-787.7,205.99,5.99,-1.1246976580816317,3
5847,41476,20100531,20100601,139,7,613,High,Regular Air,48,92.25,0.07,-104.8,1.86,2.58,-1.1360433604336042,1
5905,41861,20101126,20101128,537,7,72,Low,Regular Air,24,475.9,0.02,110.44,19.98,5.97,0.23206555999159487,2
5956,42274,20110903,20110905,307,7,219,High,Regular Air,23,2296.76,0.01,241.15,99.99,19.99,0.10499573311969905,2
5957,42274,20110903,20110905,307,7,1180,High,Express Air,45,508.49,0.1,-28.81,12.07,6.2,-0.056657948042242716,2
6048,42882,20101027,20101029,312,7,166,Low,Express Air,17,204.07,0.08,-22.55,11.97,4.98,-0.11050129857401873,2
6121,43360,20091013,20091020,529,7,110,Low,Regular Air,48,112.16,0.0,-178.29,2.08,5.33,-1.5896041369472182,7
6167,43713,20120907,20120909,523,7,270,Medium,Regular Air,12,34.41,0.05,-17.69,2.6,2.4,-0.5140947399011916,2
6262,44322,20111012,20111014,529,7,8,Not Specified,Regular Air,15,600.8,0.1,43.55,42.76,6.22,0.0724866844207723,2
6297,44579,20110603,20110604,539,7,87,Not Specified,Regular Air,19,3896.39,0.1,755.28,218.08,18.06,0.19384096561175856,1
6320,44737,20121119,20121120,217,7,809,Medium,Regular Air,11,773.74,0.02,-309.48,64.65,35.0,-0.39997932121901414,1
6321,44737,20121119,20121121,217,7,652,Medium,Regular Air,16,302.1325,0.02,38.91,20.99,0.99,0.12878455644460624,2
6322,44738,20101205,20101207,529,7,1145,Not Specified,Regular Air,34,75.57,0.02,6.87,2.1,0.7,0.09090909090909093,2
6323,44768,20120526,20120527,139,7,146,Not Specified,Delivery Truck,45,16699.56,0.02,3083.98,355.98,58.92,0.1846743267487287,1
6332,44867,20090726,20090728,529,7,39,High,Delivery Truck,40,21425.91,0.01,7360.43,500.98,26.0,0.3435293996847742,2
6352,45029,20100703,20100703,439,7,90,High,Delivery Truck,20,5304.42,0.01,-633.44,262.11,62.74,-0.1194173915338529,0
6410,45543,20110202,20110206,542,7,818,Low,Delivery Truck,16,1223.43,0.01,-1615.59,70.89,89.3,-1.3205414286064587,4
6422,45635,20120407,20120416,542,7,139,Low,Regular Air,50,2018.68,0.1,731.72,43.98,1.99,0.36247448827946976,9
6525,46436,20090404,20090411,523,7,313,Low,Regular Air,46,1477.572,0.0,840.05,35.99,0.99,0.5685340545164635,7
6577,46848,20091110,20091112,165,7,255,Medium,Regular Air,39,3842.99,0.04,-67.68,95.43,19.99,-0.017611287044722992,2
6605,47009,20090604,20090606,539,7,1137,Critical,Express Air,32,1587.16,0.09,-22.33,49.99,19.99,-0.0140691549686232,2
6627,47138,20090109,20090116,541,7,713,Low,Regular Air,1,107.95,0.04,-506.31,125.99,8.99,-4.690226956924502,7
6642,47236,20111002,20111004,312,7,1023,High,Regular Air,1,70.91,0.03,-45.43,70.97,3.5,-0.6406712734452122,2
6697,47686,20121011,20121013,312,7,1058,Not Specified,Regular Air,48,179.65,0.1,3.32,4.13,1.23,0.018480378513776787,2
6738,47971,20121029,20121030,217,7,1150,High,Regular Air,24,113.43,0.09,-53.06,4.95,5.32,-0.467777483910782,1
6777,48261,20110318,20110319,312,7,157,Medium,Delivery Truck,15,2130.66,0.01,-113.77,130.98,30.0,-0.05339660011451851,1
6849,48773,20090115,20090117,298,7,136,Medium,Regular Air,7,51.27,0.06,3.27,7.04,2.17,0.06377998829724985,2
6864,48902,20121023,20121025,541,7,496,Medium,Regular Air,7,53.29,0.01,-28.88,6.48,7.49,-0.5419403265152937,2
6904,49221,20100703,20100704,531,7,169,Not Specified,Regular Air,22,399.64,0.04,-15.42,17.98,8.51,-0.038584726253628264,1
6905,49221,20100703,20100704,531,7,142,Not Specified,Regular Air,41,277.35,0.02,-103.28,6.48,6.57,-0.3723814674598882,1
6907,49255,20120622,20120623,139,7,1117,High,Delivery Truck,20,1357.44,0.09,-102.3,70.98,26.85,-0.0753624469589816,1
6942,49575,20101216,20101217,537,7,875,High,Regular Air,12,507.44,0.05,170.9,42.8,2.99,0.3367885858426612,1
7023,50144,20120607,20120607,312,7,352,Critical,Express Air,36,4169.93,0.1,1765.54,120.98,9.07,0.42339799469055833,0
7030,50181,20120530,20120531,523,7,334,High,Delivery Truck,2,289.73,0.04,-246.21,135.99,28.63,-0.8497911848962827,1
7346,52324,20120629,20120630,188,7,741,Not Specified,Delivery Truck,4,757.11,0.07,-224.35,180.98,30.0,-0.2963241801059291,1
7414,52896,20101022,20101025,307,7,1147,High,Regular Air,24,8920.08,0.0,3545.89,367.99,19.99,0.3975177352669483,3
7415,52896,20101022,20101025,307,7,85,High,Regular Air,49,188.7,0.07,77.02,4.13,0.5,0.40816110227874935,3
7416,52896,20101022,20101024,307,7,861,High,Delivery Truck,36,14358.64,0.03,-969.05,400.98,76.37,-0.06748898224344367,2
7483,53441,20090824,20090825,539,7,728,Medium,Regular Air,7,345.37,0.01,84.34,48.04,5.79,0.24420187045776995,1
7487,53445,20121024,20121026,523,7,372,High,Regular Air,8,105.95,0.01,-44.33,11.66,8.99,-0.4184049079754601,2
7488,53445,20121024,20121026,523,7,340,High,Regular Air,21,73.8,0.02,11.23,3.29,1.35,0.15216802168021681,2
7557,54055,20090213,20090215,307,7,934,Critical,Delivery Truck,44,5483.96,0.02,-1330.5,120.98,58.64,-0.24261664928263518,2
7570,54151,20090902,20090903,298,7,259,Critical,Regular Air,35,205.87,0.03,65.88,5.68,1.46,0.3200077718948851,1
7571,54151,20090902,20090903,298,7,1054,Critical,Regular Air,38,65.12,0.07,1.42,1.68,1.0,0.021805896805896802,1
7576,54181,20120518,20120520,217,7,1144,High,Delivery Truck,12,2608.79,0.03,67.36,213.45,14.7,0.025820399495551576,2
7582,54243,20090916,20090916,298,7,609,Low,Express Air,6,907.24,0.07,-634.73,154.13,69.0,-0.6996274414708347,0
7604,54407,20100616,20100617,531,7,461,Medium,Regular Air,24,9396.27,0.07,3857.57,420.98,19.99,0.4105426940690295,1
7735,55394,20100226,20100228,541,7,897,Critical,Delivery Truck,21,340.7,0.05,11.65,15.23,27.75,0.03419430584091576,2
7835,56003,20100406,20100407,396,7,1025,Critical,Delivery Truck,13,1835.47,0.1,-364.87,150.98,16.01,-0.1987883212474189,1
7848,56128,20100730,20100730,188,7,416,Medium,Regular Air,41,902.19,0.08,-49.66,22.99,8.99,-0.05504383777253128,0
7849,56128,20100730,20100731,188,7,1069,Medium,Delivery Truck,19,657.232,0.1,33.99,44.43,46.59,0.051716897533899756,1
7882,56384,20120731,20120801,540,7,44,Critical,Regular Air,47,257.2,0.04,-2172.14,4.48,49.0,-8.44533437013997,1
7883,56384,20120731,20120802,540,7,147,Critical,Delivery Truck,29,6139.34,0.08,-528.65,218.75,69.64,-0.08610860450797642,2
7926,56646,20100519,20100520,217,7,738,Critical,Regular Air,41,4257.276,0.04,1059.08,125.99,2.5,0.2487694009033006,1
7968,56967,20120302,20120309,528,7,432,Low,Express Air,17,1383.9,0.05,311.58,83.1,6.13,0.22514632560156078,7
8053,57479,20110315,20110316,298,7,743,High,Regular Air,37,132.12,0.07,54.78,3.75,0.5,0.41462306993642145,1
8089,57699,20121110,20121115,436,7,559,Low,Regular Air,47,1857.88,0.09,752.96,40.98,1.99,0.40527913535858073,5
8090,57699,20121110,20121114,436,7,600,Low,Regular Air,36,2160.83,0.08,485.02,60.98,19.99,0.2244600454455001,4
8091,57699,20121110,20121112,436,7,110,Low,Regular Air,20,43.94,0.09,-72.23,2.08,5.33,-1.643832498862085,2
8209,58690,20111105,20111106,543,7,147,High,Delivery Truck,14,3023.73,0.09,-1068.01,218.75,69.64,-0.35320944661064313,1
8223,58784,20090118,20090120,543,7,1103,Medium,Delivery Truck,25,8875.17,0.05,2372.08,350.99,39.0,0.2672715001515464,2
8224,58784,20090118,20090120,543,7,364,Medium,Express Air,20,331.21,0.04,-67.38,15.99,9.4,-0.20343588659762687,2
8318,59428,20100909,20100910,396,7,1051,High,Delivery Truck,36,3602.12,0.05,-728.18,100.98,45.0,-0.20215317646274972,1
8319,59428,20100909,20100909,396,7,786,High,Regular Air,43,1174.94,0.02,-125.79,27.42,19.46,-0.10706078608269358,0
221,1444,20091205,20091206,305,7,720,Medium,Regular Air,25,772.24,0.07,181.98,30.98,8.74,0.2356521288718533,1
278,1921,20090117,20090119,421,7,888,Medium,Delivery Truck,24,7871.91,0.05,541.47,328.14,91.05,0.06878508519533379,2
283,1985,20090901,20090903,388,7,1184,Not Specified,Delivery Truck,33,15464.01,0.05,4407.44,535.64,14.7,0.28501274895709455,2
443,2978,20110502,20110503,544,7,333,Critical,Regular Air,28,4671.1495,0.07,947.31,200.99,4.2,0.2028001886901714,1
1030,7521,20110227,20110305,394,7,1154,Low,Express Air,19,1942.1735,0.0,400.82,115.99,2.5,0.20637703068237723,6
1552,11206,20091228,20091230,339,7,446,Low,Regular Air,26,1285.55,0.09,-17.03,49.99,19.99,-0.013247248259499826,2
1858,13351,20100506,20100507,337,7,634,Medium,Regular Air,20,3331.81,0.08,484.15,179.99,19.99,0.1453114073131421,1
1872,13476,20101016,20101016,305,7,162,Not Specified,Regular Air,31,972.35,0.05,10.96,30.73,4.0,0.011271661438782332,0
2151,15399,20120513,20120515,421,7,1087,Critical,Regular Air,38,3988.0895,0.02,969.86,125.99,4.2,0.24318912602136938,2
2178,15687,20120409,20120412,421,7,768,Critical,Delivery Truck,48,3400.63,0.08,-892.79,70.98,46.74,-0.26253664762117607,3
3228,23169,20110623,20110625,337,7,534,Critical,Regular Air,22,1683.57,0.1,346.54,80.98,7.18,0.20583640715859752,2
4539,32292,20120215,20120217,365,7,769,Low,Regular Air,1,13.53,0.07,-6.73,11.55,2.36,-0.4974131559497414,2
4554,32389,20101031,20101101,399,7,858,Medium,Express Air,1,65.467,0.06,-257.41,65.99,8.8,-3.9319046237035455,1
5328,37863,20110224,20110226,398,7,341,High,Regular Air,27,305.05,0.04,23.12,10.98,3.37,0.07579085395836749,2
5756,40866,20100523,20100524,111,7,256,High,Regular Air,3,907.18,0.06,-236.6,300.65,24.49,-0.2608082188760775,1
6779,48263,20100309,20100310,371,7,1185,Medium,Regular Air,25,135.91,0.07,37.5,5.68,1.21,0.27591788683687735,1
7004,49989,20100426,20100427,428,7,1130,Not Specified,Regular Air,6,1854.94,0.04,-559.78,300.97,7.18,-0.30177795508210503,1
7631,54595,20090428,20090430,390,7,1008,Medium,Regular Air,30,250.29,0.02,6.79,8.34,2.64,0.027128530904151186,2
7733,55392,20090606,20090607,359,7,366,Critical,Regular Air,20,129.3,0.02,40.2,6.47,1.22,0.3109048723897912,1
8010,57249,20100720,20100721,425,7,915,High,Regular Air,30,1775.33,0.05,365.25,60.65,12.23,0.20573639830341403,1
218,1444,20091205,20091208,305,7,154,Medium,Delivery Truck,13,15823.27,0.04,1759.34,1360.14,14.7,0.11118687856555566,3
709,4965,20101020,20101025,383,7,586,Low,Regular Air,46,287.13,0.0,-186.31,5.78,7.96,-0.6488698498937764,5
790,5639,20090601,20090602,336,7,581,Medium,Regular Air,31,501.38,0.03,-71.95,15.31,8.78,-0.14350392915553073,1
1002,7297,20090914,20090915,419,7,91,High,Regular Air,26,936.95,0.03,-0.74,33.98,19.99,-0.0007897966807193553,1
1165,8513,20110715,20110717,358,7,169,Low,Regular Air,9,163.78,0.05,-43.03,17.98,8.51,-0.2627304921235804,2
1411,10245,20110213,20110214,353,7,302,Medium,Delivery Truck,20,2573.29,0.04,-896.94,122.99,70.2,-0.34855768296616396,1
1526,11011,20120513,20120515,358,7,885,High,Delivery Truck,33,8305.19,0.04,1383.32,240.98,60.2,0.16656090950357547,2
1713,12320,20111220,20111222,366,7,897,Critical,Delivery Truck,35,539.21,0.05,11.65,15.23,27.75,0.021605682387196082,2
1717,12326,20110202,20110204,346,7,982,Critical,Regular Air,4,123.82,0.05,-0.37,29.34,57.87,-0.00298820869003392,2
1819,13056,20090422,20090424,336,7,495,Not Specified,Regular Air,33,3387.32,0.05,1413.52,100.98,7.18,0.41729745049183425,2
1830,13125,20101213,20101215,545,7,162,Not Specified,Express Air,30,990.73,0.02,56.39,30.73,4.0,0.05691762639669738,2
2404,17410,20100901,20100906,305,7,342,Low,Regular Air,45,372.01,0.07,-203.68,8.45,7.77,-0.5475121636515148,5
2466,17953,20120820,20120822,346,7,1061,High,Regular Air,30,975.12,0.03,-6.72,30.98,19.51,-0.006891459512675363,2
2875,20711,20090119,20090120,372,7,735,Critical,Delivery Truck,18,2215.96,0.0,-101.66,119.99,56.14,-0.04587627935522302,1
2997,21606,20110122,20110123,346,7,280,Not Specified,Express Air,43,1374.7,0.06,-90.3,32.98,5.5,-0.06568705899468974,1
3174,22820,20100817,20100819,341,7,30,High,Regular Air,34,209.12,0.05,-116.21,5.98,4.38,-0.5557096403978576,2
3227,23169,20110623,20110625,337,7,1159,Critical,Regular Air,27,172.7,0.07,-42.97,6.48,5.11,-0.24881297046902143,2
3286,23522,20110411,20110412,395,7,221,Critical,Regular Air,8,180.43,0.02,-44.86,19.99,11.17,-0.24862827689408634,1
3303,23616,20120828,20120828,420,7,473,Not Specified,Regular Air,47,9262.35,0.09,2787.59,199.99,24.49,0.30095925979907906,0
3526,25092,20101201,20101203,396,7,867,High,Regular Air,42,242.8,0.07,95.91,5.84,1.0,0.3950164744645799,2
3538,25157,20100525,20100526,391,7,289,Not Specified,Regular Air,47,271.78,0.07,52.74,5.84,1.2,0.19405401427625288,1
3545,25280,20110521,20110523,382,7,236,Not Specified,Regular Air,16,179.26,0.01,36.78,10.91,2.99,0.20517683811223922,2
3547,25313,20120821,20120823,337,7,869,Critical,Regular Air,19,418.7,0.05,22.88,22.01,5.53,0.054645330785765465,2
3581,25536,20110722,20110722,298,7,800,Low,Regular Air,19,193.25,0.03,71.55,9.93,1.09,0.37024579560155235,0
3598,25666,20120902,20120902,183,7,273,Critical,Regular Air,23,260.08,0.1,-37.85,12.21,4.81,-0.14553214395570596,0
3926,28001,20090614,20090614,357,7,922,Critical,Regular Air,41,8958.46,0.02,2593.14,209.84,21.21,0.2894626978297609,0
4073,28999,20090110,20090111,354,7,1070,High,Regular Air,34,1177.5,0.02,420.05,33.98,1.99,0.3567303609341826,1
4178,29666,20111230,20120101,399,7,1090,Not Specified,Regular Air,44,362.75,0.08,-54.47,8.32,2.38,-0.15015851137146796,2
4299,30599,20120210,20120212,408,7,565,Not Specified,Regular Air,23,105.93,0.05,33.47,4.76,0.88,0.31596337203813835,2
4381,31232,20120829,20120901,352,7,832,High,Delivery Truck,9,2643.15,0.01,-715.11,286.85,61.76,-0.27055218205550197,3
4388,31239,20100828,20100902,352,7,1070,Low,Regular Air,20,677.9,0.05,196.36,33.98,1.99,0.2896592417760732,5
4403,31392,20100506,20100510,351,7,1160,Low,Regular Air,44,3249.09,0.1,-1326.29,78.8,35.0,-0.4082035277570027,4
4552,32389,20101031,20101101,399,7,897,Medium,Delivery Truck,8,121.624,0.0,11.65,15.23,27.75,0.09578701572058147,1
4646,33090,20090805,20090806,393,7,833,Medium,Regular Air,26,1033.93,0.0,63.41,37.76,12.9,0.061329103517646255,1
4785,33987,20111025,20111026,373,7,557,High,Delivery Truck,19,1616.87,0.1,-189.55,90.98,30.0,-0.11723267795184525,1
5298,37731,20091104,20091104,423,7,1089,Critical,Regular Air,24,752.63,0.01,172.94,30.98,9.18,0.22978090163825518,0
5391,38337,20101031,20101102,366,7,808,Medium,Regular Air,46,130.9,0.09,18.75,2.88,0.7,0.1432391138273491,2
5396,38369,20100112,20100113,339,7,18,Not Specified,Regular Air,3,224.744,0.02,54.6,71.37,69.0,0.24294308190652478,1
5454,38723,20120920,20120921,423,7,507,Critical,Regular Air,9,169.27,0.09,-68.93,19.98,4.0,-0.40721923554085193,1
5542,39266,20120827,20120829,350,7,347,High,Regular Air,16,981.26,0.09,-500.35,60.98,49.0,-0.5099056315349653,2
5672,40103,20100924,20100927,298,7,234,Not Specified,Regular Air,7,353.02,0.0,72.55,46.89,5.1,0.20551243555605914,3
5674,40131,20120502,20120502,388,7,718,Low,Regular Air,24,222.43,0.06,-119.31,9.06,9.86,-0.5363934721035831,0
5848,41504,20121028,20121030,375,7,1186,Critical,Regular Air,20,302.94,0.07,-30.2,15.51,5.8,-0.09968970753284478,2
6155,43588,20120901,20120902,377,7,1042,Medium,Regular Air,6,20.47,0.09,-0.74,3.38,1.09,-0.0361504640937958,1
6174,43751,20120627,20120629,408,7,560,High,Regular Air,43,621.44,0.08,-130.96,15.14,4.53,-0.21073635427394438,2
6278,44448,20090413,20090415,336,7,1070,Critical,Regular Air,28,951.06,0.02,331.27,33.98,1.99,0.3483166151452064,2
6540,46531,20110821,20110830,342,7,311,Low,Regular Air,2,19.34,0.1,-14.38,7.1,6.05,-0.7435367114788004,9
6546,46534,20121003,20121005,372,7,285,High,Regular Air,13,1341.31,0.05,5.55,99.99,19.99,0.004137745934944197,2
6664,47459,20110817,20110818,417,7,498,Not Specified,Regular Air,10,197.21,0.06,56.88,20.98,1.49,0.28842350793570304,1
6804,48455,20090602,20090603,298,7,1187,Critical,Regular Air,2,25.96,0.06,-29.29,9.99,6.24,-1.1282742681047766,1
6881,49056,20091001,20091001,355,7,160,High,Regular Air,5,248.3955,0.05,-260.35,55.99,5.0,-1.0481268783049613,0
6897,49190,20121211,20121212,384,7,810,High,Regular Air,4,28.04,0.09,-4.45,6.88,2.0,-0.15870185449358062,1
7259,51783,20111111,20111113,294,7,728,Medium,Regular Air,13,646.55,0.05,244.13,48.04,5.79,0.37758874023664063,2
7294,52006,20090624,20090625,335,7,373,Medium,Regular Air,39,392.81,0.1,13.91,10.48,2.89,0.035411522109925916,1
7632,54595,20090428,20090501,390,7,157,Medium,Delivery Truck,41,5258.94,0.09,-421.76,130.98,30.0,-0.08019867121511179,3
7701,55202,20110824,20110831,410,7,20,Low,Regular Air,49,6335.8575,0.08,1620.23,155.99,8.99,0.2557238700523173,7
7743,55431,20120608,20120609,546,7,866,Not Specified,Regular Air,13,3723.99,0.03,777.28,289.53,19.99,0.20872236499023897,1
7786,55713,20090202,20090204,544,7,302,High,Delivery Truck,49,5718.85,0.09,-2426.55,122.99,70.2,-0.4243073345165549,2
8069,57570,20120928,20120930,233,7,399,High,Regular Air,15,675.23,0.1,204.08,48.04,7.23,0.30223775602387337,2
8171,58372,20110402,20110406,294,7,1157,Low,Express Air,16,38.2,0.07,4.34,2.21,1.0,0.11361256544502617,4
8327,59552,20100113,20100114,423,7,834,Not Specified,Regular Air,39,314.26,0.0,-71.05,7.45,6.28,-0.22608667981925792,1
329,2272,20100412,20100412,547,7,763,High,Delivery Truck,39,7680.29,0.08,-513.79,212.6,52.2,-0.0668972135166771,0
901,6498,20090317,20090318,207,7,483,Medium,Express Air,38,336.85,0.01,-40.76,8.12,2.83,-0.12100341398248478,1
2264,16260,20111113,20111114,299,7,861,High,Delivery Truck,47,14960.096,0.01,-969.05,400.98,42.52,-0.06477565384607158,1
2275,16359,20120514,20120515,547,7,635,Critical,Regular Air,39,1343.6,0.06,137.86,35.89,14.72,0.10260494194700806,1
2276,16359,20120514,20120514,547,7,596,Critical,Regular Air,8,35.28,0.0,-39.07,3.34,7.49,-1.1074263038548753,0
3059,21922,20091111,20091112,548,7,39,High,Delivery Truck,17,8937.38,0.01,2383.42,500.98,26.0,0.2666799442342163,1
3060,21922,20091111,20091112,548,7,322,High,Regular Air,11,108.85,0.08,10.58,9.77,6.02,0.0971979788700046,1
3061,21922,20091111,20091113,548,7,1188,High,Regular Air,49,157.47,0.09,8.07,3.28,0.98,0.05124785673461612,2
3296,23558,20110809,20110811,207,7,751,Low,Regular Air,4,25.82,0.01,-10.19,4.98,4.72,-0.3946553059643687,2
3297,23558,20110809,20110814,207,7,465,Low,Delivery Truck,17,579.71,0.03,24.3,31.76,45.51,0.04191751047937762,5
3818,27205,20100521,20100523,548,7,570,Not Specified,Regular Air,12,87.11,0.08,-43.65,7.28,3.52,-0.5010905751348869,2
3850,27461,20100226,20100226,242,7,211,Critical,Express Air,40,121.92,0.09,51.23,2.88,0.5,0.42019356955380577,0
3851,27461,20100226,20100226,242,7,31,Critical,Regular Air,26,1096.17,0.01,110.78,40.99,19.99,0.10106096682083983,0
4215,29957,20100313,20100314,549,7,399,Critical,Regular Air,31,1447.62,0.07,576.39,48.04,7.23,0.3981638827869192,1
4295,30593,20110725,20110727,116,7,760,Critical,Express Air,20,97.65,0.04,-90.07,4.18,6.92,-0.9223758320532512,2
4296,30593,20110725,20110728,116,7,555,Critical,Regular Air,41,1408.34,0.06,176.63,34.58,8.99,0.12541715778860218,3
4617,32871,20121026,20121028,116,7,218,High,Regular Air,9,107.92,0.04,-57.65,10.97,6.5,-0.5341919940696812,2
4618,32871,20121026,20121028,116,7,128,High,Delivery Truck,14,2151.08,0.03,179.05,145.45,17.85,0.08323725756364246,2
5034,35878,20100813,20100814,299,7,130,Medium,Regular Air,11,485.46,0.03,48.88,40.99,17.48,0.10068800725085487,1
5339,37924,20091129,20091129,550,7,801,High,Regular Air,21,352.44,0.09,-80.53,17.99,8.65,-0.22849279309953469,0
5401,38400,20091214,20091215,242,7,807,Not Specified,Express Air,8,114.73,0.03,28.08,13.73,6.85,0.24474854005055344,1
5413,38498,20120427,20120429,17,7,799,Critical,Regular Air,30,3295.15,0.07,1070.18,115.79,1.99,0.32477428948606285,2
5414,38498,20120427,20120430,17,7,1189,Critical,Regular Air,1,43.9,0.02,-15.03,37.44,4.27,-0.34236902050113893,3
5575,39492,20110417,20110419,548,7,413,Not Specified,Regular Air,38,1541.92,0.03,-564.06,40.48,19.99,-0.3658166441838746,2
5576,39492,20110417,20110419,548,7,653,Not Specified,Regular Air,40,169.48,0.08,-134.76,4.28,5.68,-0.7951380693887184,2
5602,39686,20120608,20120609,550,7,888,Not Specified,Delivery Truck,2,738.8,0.06,-473.66,328.14,91.05,-0.6411207363291825,1
5603,39686,20120608,20120609,550,7,267,Not Specified,Regular Air,48,2750.7105,0.0,791.9,65.99,5.26,0.28788925624852196,1
6028,42693,20090404,20090406,549,7,1102,High,Regular Air,33,2118.26,0.01,554.22,59.76,9.71,0.2616392699668596,2
6043,42850,20110621,20110622,207,7,890,Medium,Express Air,27,822.7,0.05,141.28,29.99,5.5,0.17172723957700253,1
6468,46050,20100104,20100105,207,7,27,High,Regular Air,5,2249.05,0.02,-571.24,449.99,24.49,-0.2539916853782708,1
6469,46050,20100104,20100107,207,7,255,High,Express Air,48,4813.67,0.03,44.58,95.43,19.99,0.009261125087511191,3
6491,46212,20120912,20120914,547,7,1079,Not Specified,Delivery Truck,7,3877.88,0.08,-1331.55,550.98,45.7,-0.34337060455712914,2
6911,49313,20091004,20091004,17,7,903,Medium,Express Air,34,307.76,0.1,-22.88,9.38,4.93,-0.07434364439823239,0
6912,49313,20091004,20091005,17,7,916,Medium,Regular Air,36,1129.9305,0.05,574.16,35.99,1.25,0.5081374473916759,1
6933,49477,20111129,20111129,17,7,249,Medium,Regular Air,9,75.94,0.01,-16.56,7.64,5.83,-0.21806689491703976,0
6978,49889,20121212,20121214,550,7,275,Critical,Regular Air,47,533.47,0.09,-50.21,11.5,7.19,-0.09411963184433988,2
6979,49889,20121212,20121214,550,7,1169,Critical,Express Air,21,61.94,0.09,-22.32,2.98,2.03,-0.36034872457216666,2
7356,52416,20090131,20090202,549,7,249,Not Specified,Regular Air,6,49.81,0.05,-16.95,7.64,5.83,-0.3402931138325637,2
7357,52416,20090131,20090201,549,7,147,Not Specified,Delivery Truck,40,9141.64,0.04,-528.65,218.75,69.64,-0.057828792207962686,1
7693,55140,20100704,20100706,242,7,906,Critical,Regular Air,39,438.8,0.09,-84.19,11.7,6.96,-0.1918641750227894,2
7908,56550,20110408,20110411,279,7,94,Not Specified,Regular Air,33,647.77,0.09,166.85,19.98,5.77,0.25757599147845683,3
8042,57447,20110704,20110704,17,7,919,Not Specified,Regular Air,39,315.88,0.09,-60.4,8.46,3.62,-0.191211852602254,0
8043,57447,20110704,20110707,17,7,630,Not Specified,Regular Air,8,258.11,0.06,-113.6,30.98,6.5,-0.44012242842199056,3
179,1185,20120823,20120827,551,10,381,Low,Regular Air,7,374.78,0.09,20.03,55.48,14.3,0.05344468755002936,4
310,2149,20100312,20100316,552,10,903,Low,Regular Air,4,43.56,0.01,21.21,9.38,4.93,0.4869146005509642,4
354,2466,20090305,20090306,553,10,348,Critical,Regular Air,25,2553.84,0.05,553.7,107.53,5.81,0.2168107633994299,1
509,3493,20100823,20100825,554,10,659,High,Regular Air,48,7518.12,0.04,1027.63,152.48,6.5,0.13668709730624148,2
525,3588,20110318,20110319,554,10,855,Not Specified,Regular Air,42,374.38,0.03,-1.16,8.67,3.5,-0.0030984561141086595,1
526,3588,20110318,20110320,554,10,640,Not Specified,Regular Air,21,1557.42,0.01,-123.81,73.98,4.0,-0.07949686019185576,2
527,3588,20110318,20110320,554,10,616,Not Specified,Regular Air,14,410.27,0.08,226.72,30.93,3.92,0.5526116947376118,2
528,3588,20110318,20110318,554,10,603,Not Specified,Delivery Truck,18,1531.93,0.1,326.56,90.97,14.0,0.21316900902782762,0
824,5957,20101226,20101227,551,10,777,High,Regular Air,15,68.32,0.05,-66.72,4.28,6.72,-0.9765807962529275,1
825,5957,20101226,20101228,551,10,208,High,Delivery Truck,3,536.38,0.03,-258.8,150.98,66.27,-0.48249375442783105,2
826,5957,20101226,20101229,551,10,591,High,Regular Air,23,391.8755,0.1,-38.02,20.99,4.81,-0.09702060986206079,3
865,6183,20120615,20120616,551,10,1033,Medium,Regular Air,41,1991.93,0.02,951.5,48.94,5.86,0.4776774284236896,1
890,6402,20110423,20110428,184,10,804,Low,Regular Air,35,373.33,0.01,-22.18,10.23,4.68,-0.05941124474325664,5
927,6720,20100909,20100910,554,10,460,Not Specified,Regular Air,31,164.62,0.03,-93.71,5.18,5.74,-0.5692503948487425,1
928,6720,20100909,20100912,554,10,934,Not Specified,Delivery Truck,36,4225.77,0.08,-1393.69,120.98,58.64,-0.32980734871987827,3
929,6720,20100909,20100911,554,10,698,Not Specified,Regular Air,8,53.89,0.01,17.63,6.3,0.5,0.3271478938578586,2
936,6785,20120506,20120508,184,10,217,Medium,Regular Air,7,181.32,0.03,80.32,25.38,8.99,0.44297374806971096,2
1139,8295,20090401,20090403,555,10,828,High,Regular Air,30,835.1505,0.09,158.18,35.99,1.1,0.18940298784470586,2
1140,8295,20090401,20090402,555,10,738,High,Regular Air,7,771.834,0.01,-295.43,125.99,2.5,-0.3827636512514349,1
1189,8704,20110630,20110701,553,10,800,Medium,Regular Air,43,449.17,0.01,198.83,9.93,1.09,0.4426609078967874,1
1190,8704,20110630,20110701,553,10,1157,Medium,Regular Air,38,79.81,0.08,5.48,2.21,1.0,0.06866307480265631,1
1206,8834,20101108,20101109,197,10,222,High,Regular Air,45,6688.11,0.08,2872.88,150.98,13.99,0.4295503512950595,1
1215,8933,20101007,20101008,552,10,875,High,Regular Air,37,1520.26,0.04,640.84,42.8,2.99,0.42153315880178394,1
1216,8933,20101007,20101009,552,10,619,High,Regular Air,30,688.02,0.06,154.99,22.98,7.58,0.22526961425539957,2
1269,9222,20090210,20090211,551,10,120,High,Regular Air,41,473.67,0.04,78.2,11.34,5.01,0.16509384170414002,1
1409,10243,20111224,20111225,556,10,1134,High,Regular Air,12,28.41,0.07,-44.08,1.98,4.77,-1.551566349876804,1
1458,10502,20100514,20100515,555,10,131,Not Specified,Delivery Truck,33,7869.22,0.1,1523.46,243.98,43.32,0.19359733239126622,1
1459,10502,20100514,20100516,555,10,217,Not Specified,Regular Air,36,912.44,0.04,182.72,25.38,8.99,0.2002542632940248,2
1506,10886,20090823,20090825,553,10,332,Critical,Regular Air,36,65.42,0.04,-112.92,1.74,4.08,-1.7260776520941608,2
1507,10886,20090823,20090824,553,10,735,Critical,Delivery Truck,47,5750.94,0.01,432.98,119.99,56.14,0.0752885615221164,1
1535,11047,20101210,20101217,551,10,459,Low,Delivery Truck,27,1991.26,0.01,-528.09,68.81,60.0,-0.26520394122314517,7
1536,11047,20101210,20101212,551,10,481,Low,Delivery Truck,24,10480.272,0.07,2271.68,550.98,64.59,0.21675773300540288,2
1787,12803,20100225,20100227,554,10,273,Not Specified,Regular Air,32,383.81,0.03,-21.15,12.21,4.81,-0.05510539068810088,2
1927,13767,20100826,20100828,557,10,147,High,Delivery Truck,12,2050.712,0.05,-381.04,218.75,69.64,-0.18580863622000554,2
1980,14117,20100825,20100827,184,10,1129,Not Specified,Regular Air,4,5.31,0.0,-1.5,1.14,0.7,-0.2824858757062147,2
2091,14976,20110722,20110724,553,10,725,High,Regular Air,46,231.35,0.03,-81.86,4.98,4.7,-0.3538361789496434,2
2094,14980,20120714,20120715,552,10,48,Critical,Regular Air,27,898.9,0.03,325.88,31.78,1.99,0.3625319835354322,1
2233,16133,20090925,20090925,558,10,187,Critical,Delivery Truck,16,3083.04,0.06,872.13,200.97,15.59,0.2828798847890394,0
2235,16134,20121119,20121121,184,10,780,High,Delivery Truck,43,21921.28,0.04,10521.33,500.98,28.14,0.47995965564054655,2
2262,16258,20110706,20110707,557,10,751,Medium,Regular Air,1,9.69,0.05,-6.78,4.98,4.72,-0.6996904024767803,1
2263,16258,20110706,20110708,557,10,175,Medium,Regular Air,48,331.99,0.03,45.31,7.08,2.35,0.13648001445826682,2
2267,16289,20100717,20100719,559,10,138,High,Regular Air,37,426.64,0.09,96.95,12.22,2.85,0.2272407650478155,2
2355,16993,20111116,20111116,558,10,1038,Medium,Regular Air,8,1383.919,0.05,-433.49,205.99,2.5,-0.31323365023531,0
2619,18945,20090117,20090119,559,10,663,Medium,Regular Air,33,528.54,0.06,168.54,16.48,1.99,0.31887841979793397,2
2764,19975,20090410,20090413,415,10,906,Not Specified,Regular Air,33,362.17,0.08,-83.96,11.7,6.96,-0.23182483364165996,3
2773,20036,20101205,20101205,559,10,166,Not Specified,Regular Air,25,290.46,0.1,-31.55,11.97,4.98,-0.10862080837292572,0
2774,20036,20101205,20101207,559,10,296,Not Specified,Regular Air,44,1207.4,0.03,-25.23,26.31,5.89,-0.02089614046711943,2
2903,20964,20120330,20120401,556,10,451,Critical,Regular Air,11,629.5865,0.04,-120.09,65.99,8.99,-0.19074424245119614,2
2920,21121,20090916,20090917,558,10,244,Not Specified,Regular Air,50,20175.48,0.0,9373.96,387.99,19.99,0.4646214117334507,1
2938,21314,20091102,20091104,554,10,682,Low,Regular Air,6,56.22,0.04,-20.39,8.6,6.19,-0.36268231945926716,2
2939,21314,20091102,20091106,554,10,821,Low,Regular Air,30,107.96,0.01,13.24,3.58,1.63,0.12263801407928863,4
2940,21314,20091102,20091109,554,10,1017,Low,Delivery Truck,40,3169.992,0.08,-973.3,105.49,41.64,-0.3070354751683916,7
3016,21702,20101217,20101218,184,10,302,Not Specified,Delivery Truck,40,5232.83,0.01,-1461.65,122.99,70.2,-0.2793230431716681,1
3062,21925,20120712,20120714,554,10,851,Not Specified,Regular Air,3,236.32,0.03,-339.95,77.51,4.0,-1.4385155721056195,2
3123,22432,20121128,20121129,551,10,600,Not Specified,Regular Air,45,2728.42,0.06,664.15,60.98,19.99,0.24341926829447078,1
3173,22819,20121110,20121112,554,10,842,High,Regular Air,1,6.77,0.06,-3.66,2.52,4.28,-0.5406203840472674,2
3198,22917,20090301,20090304,184,10,480,Medium,Express Air,1,3550.28,0.06,-11769.17,3499.99,24.49,-3.3149976903230165,3
3221,23107,20110611,20110614,552,10,1111,Medium,Regular Air,7,43.29,0.07,-39.12,5.38,7.57,-0.9036729036729036,3
3294,23556,20110109,20110110,556,10,445,Medium,Express Air,34,11747.97,0.05,3302.03,363.25,19.99,0.2810723895277227,1
3324,23777,20121126,20121127,415,10,1190,Not Specified,Regular Air,16,487.7,0.06,-67.54,31.98,6.72,-0.13848677465655118,1
3374,24098,20120417,20120418,558,10,745,Critical,Regular Air,42,199.58,0.05,46.31,4.82,1.49,0.23203727828439724,1
3375,24098,20120417,20120419,558,10,249,Critical,Regular Air,10,80.59,0.05,-20.49,7.64,5.83,-0.2542499069363444,2
3376,24098,20120417,20120418,558,10,20,Critical,Regular Air,32,4158.0725,0.02,836.15,155.99,8.99,0.2010907698218345,1
3400,24227,20100816,20100818,555,10,700,Medium,Regular Air,24,1840.8535,0.01,424.64,85.99,2.79,0.23067560780909507,2
3455,24614,20091121,20091128,551,10,88,Low,Regular Air,33,1644.59,0.09,-52.92,50.98,6.5,-0.03217823287263087,7
3595,25637,20120225,20120227,558,10,384,Not Specified,Delivery Truck,12,2409.424,0.1,50.95,259.71,66.67,0.021146132851669115,2
3737,26695,20100606,20100608,560,10,909,Not Specified,Regular Air,43,367.11,0.01,163.42,8.34,1.43,0.4451526790335321,2
3797,27078,20120812,20120813,184,10,76,Not Specified,Regular Air,22,152.44,0.03,-40.76,6.48,5.86,-0.26738388874311203,1
4135,29376,20120811,20120813,555,10,376,Critical,Regular Air,20,2850.31,0.09,569.08,155.06,7.07,0.19965547607102388,2
4190,29766,20090321,20090322,415,10,1135,Medium,Regular Air,13,89061.05,0.0,27220.69,6783.02,24.49,0.30564079359046403,1
4191,29766,20090321,20090321,415,10,1044,Medium,Regular Air,40,6636.664,0.08,1623.7,205.99,8.99,0.2446560500878152,0
4253,30278,20090930,20091009,551,10,267,Low,Regular Air,50,2860.93,0.03,832.62,65.99,5.26,0.2910312380939065,9
4302,30626,20110425,20110426,184,10,800,Critical,Express Air,23,220.82,0.1,77.68,9.93,1.09,0.35177973009691155,1
4328,30851,20100921,20100925,415,10,312,Low,Regular Air,16,336.29,0.08,-52.14,21.38,8.99,-0.15504475304053048,4
4452,31718,20101127,20101201,557,10,712,Low,Regular Air,24,1390.6935,0.03,168.46,65.99,7.69,0.12113380842004366,4
4453,31718,20101127,20101204,557,10,815,Low,Regular Air,20,1017.2885,0.1,-115.3,65.99,8.99,-0.11334051254880007,7
4508,32070,20090717,20090717,554,10,1099,Medium,Regular Air,50,86.7,0.07,-185.34,1.76,4.86,-2.1377162629757787,0
4871,34661,20100120,20100122,184,10,91,Critical,Regular Air,26,864.16,0.09,-175.47,33.98,19.99,-0.20305267543047584,2
4886,34754,20120604,20120606,554,10,532,Critical,Regular Air,16,623.35,0.03,235.51,37.94,5.08,0.3778134274484639,2
4975,35392,20120223,20120223,558,10,597,High,Regular Air,9,70.88,0.01,-50.2,6.48,9.68,-0.7082392776523703,0
5066,36103,20120429,20120501,184,10,441,Critical,Regular Air,10,55.82,0.01,-28.85,4.82,5.72,-0.516839842350412,2
5067,36103,20120429,20120501,184,10,313,Critical,Regular Air,45,1335.316,0.03,701.66,35.99,0.99,0.5254636355739015,2
5221,37157,20100220,20100222,184,10,1088,High,Regular Air,39,213.0,0.01,-71.09,5.28,5.06,-0.33375586854460093,2
5368,38176,20100815,20100816,184,10,1124,High,Express Air,39,231.08,0.01,-79.08,5.28,5.57,-0.3422191448848883,1
5369,38176,20100815,20100817,184,10,553,High,Express Air,48,428.36,0.06,74.75,9.11,2.25,0.17450275469231488,2
5424,38531,20111205,20111212,551,10,1028,Low,Express Air,26,118.43,0.02,11.96,4.2,2.26,0.10098792535675083,7
5704,40354,20090103,20090104,554,10,829,High,Regular Air,29,172.51,0.03,12.55,5.58,2.99,0.072749405831546,1
5705,40354,20090103,20090104,554,10,763,High,Delivery Truck,4,698.0,0.09,-93.16,212.6,52.2,-0.13346704871060172,1
5748,40832,20100329,20100330,558,10,303,High,Regular Air,22,447.23,0.03,122.78,20.24,6.67,0.2745343559242448,1
5865,41632,20101201,20101208,554,10,141,Low,Regular Air,34,1541.458,0.05,-238.16,55.99,5.0,-0.154503074362065,7
5897,41825,20090822,20090823,556,10,633,Critical,Regular Air,43,3277.39,0.02,286.01,73.98,4.0,0.08726761233786641,1
5976,42373,20110817,20110818,415,10,236,Not Specified,Express Air,11,127.32,0.1,22.96,10.91,2.99,0.1803330191643104,1
6277,44423,20120729,20120730,557,10,466,Critical,Regular Air,39,248.64,0.08,-69.27,6.28,5.29,-0.27859555984555984,1
6447,45863,20100919,20100923,554,10,469,Low,Express Air,5,845.614,0.01,-653.49,195.99,4.2,-0.7727994096597265,4
6615,47078,20100419,20100419,555,10,383,Medium,Regular Air,18,84.74,0.06,34.1,4.91,0.5,0.4024073637007317,0
6616,47078,20100419,20100420,555,10,1191,Medium,Regular Air,43,279.83,0.01,77.04,6.04,2.14,0.2753100096487153,1
6617,47078,20100419,20100420,555,10,549,Medium,Regular Air,20,98.57,0.07,-49.64,4.98,5.02,-0.5036015014710359,1
6703,47747,20111121,20111123,556,10,110,High,Express Air,40,102.15,0.03,-138.51,2.08,5.33,-1.3559471365638764,2
6710,47810,20110814,20110815,551,10,289,Critical,Regular Air,3,19.57,0.02,-5.35,5.84,1.2,-0.2733776188042923,1
6861,48896,20091028,20091030,554,10,439,Critical,Regular Air,43,856.9,0.02,106.93,18.97,9.54,0.12478702298984713,2
6974,49830,20090709,20090711,551,10,805,Critical,Express Air,16,519.65,0.03,26.36,30.98,8.99,0.050726450495525835,2
7353,52389,20111021,20111021,560,10,312,Critical,Regular Air,31,655.33,0.08,-57.16,21.38,8.99,-0.08722323104390153,0
7373,52576,20090328,20090328,485,10,603,Low,Delivery Truck,10,958.18,0.03,126.81,90.97,14.0,0.13234465340541443,0
7510,53605,20100803,20100805,555,10,70,Medium,Regular Air,19,506.49,0.06,105.69,25.98,5.37,0.20867144464846293,2
7511,53605,20100803,20100805,555,10,748,Medium,Delivery Truck,48,8367.68,0.06,886.35,170.98,35.89,0.10592541779800374,2
7512,53605,20100803,20100805,555,10,148,Medium,Regular Air,1,74.31,0.07,-73.1,41.47,34.2,-0.9837168617951823,2
7536,53891,20090122,20090123,184,10,634,High,Regular Air,27,4584.73,0.07,812.38,179.99,19.99,0.17719255005202053,1
7537,53891,20090122,20090123,184,10,55,High,Express Air,44,4039.72,0.02,-237.6,92.23,39.61,-0.0588159575416118,1
7538,53891,20090122,20090123,184,10,757,High,Express Air,25,2570.944,0.03,553.36,115.99,5.92,0.2152361156057853,1
7748,55460,20120526,20120528,554,10,599,High,Regular Air,49,1944.87,0.06,496.43,41.71,4.5,0.25525099363967774,2
7749,55460,20120526,20120527,554,10,283,High,Regular Air,12,61.82,0.1,-10.45,5.34,2.99,-0.1690391459074733,1
7815,55877,20100202,20100204,558,10,1165,Not Specified,Express Air,40,144.28,0.01,52.94,3.08,0.99,0.36692542278902135,2
7816,55877,20100202,20100203,558,10,437,Not Specified,Regular Air,19,126.53,0.03,-73.38,5.98,7.5,-0.5799415158460444,1
7927,56647,20110803,20110804,485,10,981,Medium,Regular Air,41,417.53,0.02,-309.06,9.98,12.52,-0.7402102842909493,1
8044,57475,20101004,20101011,485,10,980,Low,Regular Air,32,167.07,0.04,-93.23,4.91,5.68,-0.5580295684443647,7
8045,57475,20101004,20101004,485,10,23,Low,Regular Air,34,554.88,0.06,-145.33,15.99,13.18,-0.2619124855824683,0
8046,57475,20101004,20101004,485,10,578,Low,Regular Air,48,309.65,0.04,-79.81,6.54,5.27,-0.2577426126271597,0
8047,57475,20101004,20101006,485,10,227,Low,Regular Air,24,152.37,0.09,-76.53,6.48,6.6,-0.5022642252411892,2
8062,57537,20120918,20120919,554,10,1138,Medium,Express Air,13,76.38,0.03,-29.69,4.82,5.24,-0.38871432312123594,1
8063,57537,20120918,20120919,554,10,824,Medium,Regular Air,29,2948.63,0.05,888.62,100.97,7.18,0.3013670755571231,1
8064,57537,20120918,20120918,554,10,49,Medium,Regular Air,4,18.33,0.09,-7.08,3.98,2.97,-0.38625204582651396,0
8087,57698,20120106,20120107,554,10,1009,Critical,Regular Air,10,86.0,0.05,-66.91,7.77,9.23,-0.7780232558139535,1
8088,57698,20120106,20120108,554,10,445,Critical,Regular Air,13,4805.36,0.04,1127.31,363.25,19.99,0.23459428638020877,2
8143,58241,20100907,20100908,554,10,910,Critical,Regular Air,36,146.71,0.01,38.63,4.0,1.3,0.26330856792311363,1
8144,58241,20100907,20100908,554,10,418,Critical,Regular Air,36,475.92,0.05,-95.3,12.88,4.59,-0.20024373844343585,1
16,96,20090416,20090418,561,4,628,High,Regular Air,37,4158.1235,0.01,1228.89,125.99,8.99,0.29553956249736213,2
93,610,20110801,20110803,562,4,1192,Critical,Express Air,38,283.65,0.02,-29.21,6.68,5.41,-0.1029790234443857,2
95,612,20121020,20121022,465,4,438,Medium,Regular Air,50,262.87,0.1,-166.29,5.28,6.26,-0.6325940578993419,2
96,612,20121020,20121022,465,4,588,Medium,Regular Air,43,2531.0875,0.01,881.68,65.99,2.5,0.3483403872841219,2
216,1440,20110809,20110811,563,4,594,Low,Regular Air,41,726.22,0.01,52.47,17.67,8.99,0.07225083308088458,2
553,3749,20110223,20110225,564,4,941,Medium,Regular Air,27,353.62,0.01,140.15,12.97,1.49,0.39632939313387255,2
598,4070,20110611,20110611,562,4,395,High,Express Air,22,646.07,0.06,237.75,28.48,1.99,0.3679941801971922,0
687,4774,20100419,20100420,565,4,280,Medium,Regular Air,4,126.87,0.08,-125.99,32.98,5.5,-0.9930637660597461,1
958,6947,20110719,20110721,566,4,452,Critical,Regular Air,9,520.49,0.0,-51.01,51.65,18.45,-0.09800380410766776,2
962,6979,20090227,20090228,561,4,765,Critical,Regular Air,28,334.89,0.03,-1.44,11.99,5.99,-0.00429991937651169,1
985,7107,20120104,20120104,567,4,1193,Not Specified,Regular Air,3,172.04,0.02,143.08,54.2,11.1,0.8316670541734481,0
986,7107,20120104,20120106,567,4,532,Not Specified,Regular Air,3,113.14,0.06,-21.23,37.94,5.08,-0.18764362736432738,2
987,7107,20120104,20120105,567,4,180,Not Specified,Regular Air,32,1724.82,0.1,407.8,55.29,5.08,0.23643046810681695,1
1132,8288,20110509,20110510,409,4,173,Critical,Regular Air,22,1337.81,0.02,407.12,59.78,10.29,0.3043182514706872,1
1187,8678,20120930,20121005,564,4,254,Low,Regular Air,31,937.8,0.0,27.12,29.74,6.64,0.028918746001279593,5
1480,10659,20090514,20090514,549,4,1194,Critical,Regular Air,40,227.37,0.0,-92.07,5.28,5.61,-0.40493468795355586,0
1489,10695,20110502,20110503,405,4,1038,High,Regular Air,39,6330.086,0.1,1421.89,205.99,2.5,0.22462412043059132,1
1620,11719,20110205,20110206,561,4,281,Not Specified,Delivery Truck,3,1566.8,0.06,-1044.92,500.97,69.3,-0.6669134541741129,1
1621,11719,20110205,20110205,561,4,312,Not Specified,Regular Air,30,616.01,0.09,-74.88,21.38,8.99,-0.12155646823915196,0
1622,11719,20110205,20110205,561,4,382,Not Specified,Regular Air,17,438.6085,0.01,-56.05,28.99,8.59,-0.12779050109607998,0
1651,11908,20100525,20100527,409,4,544,Not Specified,Delivery Truck,5,1386.6,0.09,-556.18,280.98,57.0,-0.4011106303187653,2
1923,13765,20090405,20090407,568,4,177,Not Specified,Regular Air,45,1553.38,0.1,180.88,36.55,13.89,0.11644285364817365,2
1967,14055,20090901,20090903,561,4,485,High,Regular Air,21,441.7,0.08,167.18,22.23,3.63,0.37849218926873446,2
2010,14342,20090427,20090427,405,4,1130,Low,Regular Air,38,10823.84,0.09,3857.43,300.97,7.18,0.35638276249464146,0
2063,14756,20090831,20090831,567,4,392,Low,Regular Air,2,42.3,0.06,-25.38,19.23,6.15,-0.6,0
2065,14785,20091009,20091009,376,4,383,High,Regular Air,20,94.86,0.08,39.69,4.91,0.5,0.41840607210626185,0
2066,14785,20091009,20091010,376,4,1162,High,Regular Air,25,744.12,0.02,146.51,28.15,6.17,0.196890286512928,1
2079,14855,20100430,20100502,559,4,338,Not Specified,Express Air,44,174.9,0.06,-150.9,3.58,5.47,-0.8627787307032591,2
2080,14855,20100430,20100502,559,4,402,Not Specified,Regular Air,48,103.8,0.1,-150.53,2.23,4.57,-1.4501926782273604,2
2081,14855,20100430,20100502,559,4,308,Not Specified,Delivery Truck,19,2557.51,0.01,-168.48,124.49,51.94,-0.0658765752626578,2
2105,15045,20100820,20100822,566,4,302,Not Specified,Delivery Truck,11,1378.72,0.07,-640.6,122.99,70.2,-0.4646338632934896,2
2266,16289,20100717,20100719,559,4,1195,High,Regular Air,49,5610.612,0.01,2040.87,125.99,2.5,0.36375176183988484,2
2718,19621,20110907,20110908,409,4,546,Critical,Regular Air,20,67.03,0.04,-30.4,3.14,1.92,-0.4535282709234671,1
2719,19621,20110907,20110908,409,4,1077,Critical,Express Air,15,140.82,0.08,-43.26,7.98,6.5,-0.3072006817213464,1
2771,20036,20101205,20101208,559,4,208,Not Specified,Delivery Truck,28,4371.92,0.03,-533.44,150.98,66.27,-0.12201504144632108,3
2772,20036,20101205,20101207,559,4,936,Not Specified,Regular Air,21,1745.118,0.03,307.25,95.99,4.9,0.17606259290202725,2
2880,20773,20090305,20090306,569,4,236,Not Specified,Regular Air,44,479.96,0.08,122.54,10.91,2.99,0.2553129427452288,1
2909,20967,20110315,20110315,405,4,776,High,Regular Air,50,28664.52,0.09,13340.26,599.99,24.49,0.46539275731810614,0
2910,20967,20110315,20110316,405,4,442,High,Regular Air,6,635.7405,0.03,-397.53,125.99,8.08,-0.6253023049498969,1
2974,21478,20120302,20120304,561,4,217,Low,Regular Air,16,423.07,0.01,126.95,25.38,8.99,0.30006854657621673,2
2975,21478,20120302,20120306,561,4,728,Low,Regular Air,33,1602.21,0.05,728.49,48.04,5.79,0.45467822570075084,4
3000,21633,20090327,20090328,561,4,823,Medium,Regular Air,29,547.82,0.08,69.63,18.7,8.99,0.12710379321675,1
3015,21696,20101021,20101022,409,4,979,Medium,Regular Air,14,278.27,0.02,-51.91,19.35,12.79,-0.18654544147770152,1
3184,22851,20090301,20090302,569,4,395,Critical,Regular Air,25,667.36,0.09,218.89,28.48,1.99,0.32799388635818744,1
3185,22851,20090301,20090303,569,4,110,Critical,Regular Air,13,32.37,0.0,-48.55,2.08,5.33,-1.4998455359901144,2
3186,22851,20090301,20090302,569,4,482,Critical,Express Air,38,1409.0875,0.06,233.56,45.99,4.99,0.1657526590790139,1
3295,23557,20110531,20110601,561,4,355,Not Specified,Regular Air,7,1011.16,0.02,547.96,136.98,24.49,0.5419122591874679,1
3443,24577,20100301,20100302,567,4,209,Medium,Regular Air,8,180.79,0.05,20.09,22.84,5.47,0.1111234028430776,1
3504,24961,20100126,20100202,564,4,127,Low,Delivery Truck,8,487.59,0.04,-205.29,58.14,36.61,-0.4210299636990094,7
3507,24966,20111217,20111218,405,4,870,Medium,Regular Air,34,4152.12,0.0,817.98,120.33,19.99,0.19700297679257825,1
3838,27363,20111018,20111019,405,4,303,Medium,Regular Air,16,323.26,0.06,98.34,20.24,6.67,0.30421332673389845,1
4074,29028,20110205,20110207,409,4,1196,Critical,Delivery Truck,43,17131.36,0.08,4722.77,400.97,14.7,0.2756798059231725,2
4089,29156,20100224,20100301,569,4,155,Low,Regular Air,10,208.77,0.07,-76.58,20.97,4.0,-0.3668151554342099,5
4115,29282,20121128,20121130,568,4,390,Medium,Regular Air,4,34.27,0.1,-26.44,6.48,9.54,-0.7715202801283921,2
4214,29957,20100313,20100314,549,4,966,Critical,Delivery Truck,28,2555.37,0.08,-824.91,95.98,58.2,-0.32281430869110933,1
4231,30053,20090201,20090203,409,4,197,Critical,Delivery Truck,41,3279.01,0.06,349.22,80.97,33.6,0.1065016575124809,2
4233,30081,20111217,20111219,569,4,401,High,Regular Air,26,213.49,0.05,-136.45,8.04,8.94,-0.6391400065576841,2
4246,30214,20091004,20091011,561,4,1197,Low,Express Air,38,375.61,0.1,-21.26,10.44,5.75,-0.0566012619472325,7
4280,30497,20110206,20110208,567,4,350,Critical,Express Air,34,706.91,0.03,85.68,20.98,8.83,0.12120354783494364,2
4281,30497,20110206,20110208,567,4,687,Critical,Regular Air,31,190.06,0.06,-61.9,5.98,5.35,-0.32568662527622855,2
4343,30917,20101101,20101103,409,4,483,Low,Regular Air,11,86.79,0.06,-45.6,8.12,2.83,-0.5254061527825786,2
4344,30917,20101101,20101105,409,4,1198,Low,Regular Air,8,753.8,0.06,-32.3,96.45,13.99,-0.04284956221809499,4
4444,31681,20121107,20121108,567,4,300,Not Specified,Regular Air,38,212.12,0.02,-93.78,5.28,5.66,-0.44210824061851783,1
4456,31777,20111019,20111021,566,4,317,Not Specified,Delivery Truck,32,6483.42,0.07,1590.95,200.98,23.76,0.24538746525753383,2
4457,31777,20111019,20111019,566,4,47,Not Specified,Regular Air,10,137.77,0.01,1.85,12.28,6.47,0.013428177397111126,0
4596,32710,20091116,20091117,559,4,587,High,Regular Air,43,540.33,0.04,-59.06,12.44,6.27,-0.1093035737419725,1
4644,33060,20100219,20100220,561,4,1093,High,Regular Air,3,15.88,0.05,-11.04,3.74,4.69,-0.6952141057934508,1
4675,33254,20111103,20111105,561,4,132,Not Specified,Regular Air,11,466.35,0.01,159.25,39.98,9.2,0.3414817197383939,2
4720,33605,20120403,20120405,559,4,489,Critical,Regular Air,42,153.01,0.04,-218.53,3.52,6.83,-1.4282073067119796,2
4807,34180,20110903,20110903,409,4,152,High,Express Air,2,27.0,0.02,-4.9,5.78,8.09,-0.1814814814814815,0
4939,35137,20100717,20100719,562,4,283,High,Express Air,41,225.06,0.05,7.3,5.34,2.99,0.032435794899138004,2
4940,35137,20100717,20100720,562,4,202,High,Regular Air,47,1041.78,0.1,283.79,23.99,6.71,0.2724087619267024,3
5185,36838,20090408,20090417,409,4,337,Low,Express Air,3,32.76,0.06,11.29,6.3,0.5,0.3446275946275946,9
5232,37252,20111119,20111121,567,4,1023,Low,Regular Air,21,1503.49,0.03,408.73,70.97,3.5,0.2718541526714511,2
5233,37252,20111119,20111123,567,4,1090,Low,Regular Air,1,10.62,0.02,-31.2,8.32,2.38,-2.937853107344633,4
5234,37252,20111119,20111121,567,4,1137,Low,Regular Air,50,2337.03,0.1,-37.19,49.99,19.99,-0.015913360119467868,2
5235,37252,20111119,20111124,567,4,186,Low,Delivery Truck,34,29345.27,0.03,7497.55,880.98,44.55,0.25549432668365296,5
5496,38979,20100226,20100226,567,4,1022,Low,Delivery Truck,48,3355.1,0.07,-1701.96,70.98,59.81,-0.507275491043486,0
5497,38979,20100226,20100303,567,4,432,Low,Regular Air,34,2864.55,0.06,1021.07,82.99,5.5,0.3564504023319544,5
5498,38979,20100226,20100303,567,4,1060,Low,Regular Air,31,65.61,0.02,-16.63,1.95,1.63,-0.2534674592287761,5
5588,39619,20120104,20120108,564,4,945,Low,Regular Air,15,742.8,0.02,265.87,49.34,10.25,0.35792945611200866,4
5670,40101,20090131,20090205,559,4,1137,Low,Express Air,46,2188.06,0.1,33.77,49.99,19.99,0.015433763242324252,5
5852,41542,20090926,20090927,409,4,308,High,Delivery Truck,47,6181.48,0.03,-194.83,124.49,51.94,-0.03151834188576199,1
6010,42565,20100922,20100929,562,4,3,Low,Regular Air,33,283.8,0.04,47.52,8.69,2.99,0.16744186046511628,7
6041,42823,20100625,20100627,567,4,11,Medium,Express Air,8,49.14,0.05,-22.56,4.28,6.18,-0.4590964590964591,2
6131,43398,20110424,20110425,559,4,740,Not Specified,Delivery Truck,10,1600.85,0.07,-193.97,159.31,60.0,-0.12116688009494957,1
6212,44002,20090207,20090209,559,4,674,Medium,Regular Air,46,320.93,0.05,-66.48,6.68,5.66,-0.20714797619418565,2
6213,44002,20090207,20090207,559,4,1046,Medium,Regular Air,14,261.85,0.03,-52.33,17.7,9.47,-0.19984724078670993,0
6236,44196,20090822,20090824,448,4,268,Not Specified,Regular Air,10,56.91,0.01,7.5,5.18,2.04,0.13178703215603585,2
6267,44359,20101129,20101201,561,4,997,High,Regular Air,19,113.2,0.1,24.83,6.08,0.91,0.21934628975265016,2
6334,44871,20110503,20110505,569,4,820,Critical,Regular Air,27,94.46,0.02,-75.09,3.28,4.2,-0.7949396569976711,2
6475,46055,20120602,20120604,409,4,88,Medium,Regular Air,25,1291.2,0.04,-5.6,50.98,6.5,-0.004337050805452292,2
6556,46624,20100426,20100427,561,4,85,Not Specified,Regular Air,28,110.2,0.07,42.84,4.13,0.5,0.38874773139745916,1
6557,46624,20100426,20100428,561,4,777,Not Specified,Regular Air,12,54.86,0.09,-50.6,4.28,6.72,-0.9223477943857091,2
6618,47079,20111216,20111218,570,4,465,Critical,Delivery Truck,34,1069.85,0.07,-1179.39,31.76,45.51,-1.102388185259616,2
6674,47494,20090701,20090702,409,4,257,High,Regular Air,42,1967.83,0.04,659.6,45.19,1.99,0.3351915561811742,1
6675,47494,20090701,20090701,409,4,232,High,Regular Air,9,52.59,0.03,-28.14,4.98,6.07,-0.5350827153451226,0
6694,47622,20120912,20120913,565,4,345,Not Specified,Regular Air,41,8188.19,0.05,3702.0,204.1,13.99,0.4521145698866294,1
6731,47938,20090624,20090701,565,4,33,Low,Regular Air,17,283.6535,0.09,-113.05,20.99,2.5,-0.3985496389080339,7
6744,48032,20100826,20100827,559,4,1009,High,Regular Air,42,309.17,0.09,-283.31,7.77,9.23,-0.916356696962836,1
6745,48032,20100826,20100827,559,4,560,High,Regular Air,29,412.86,0.07,-104.43,15.14,4.53,-0.25294288620839994,1
6884,49062,20120411,20120418,570,4,1169,Low,Regular Air,33,103.32,0.0,-25.68,2.98,2.03,-0.24854819976771197,7
6941,49541,20090116,20090117,562,4,813,Medium,Regular Air,35,503.75,0.0,16.46,13.43,5.5,0.032674937965260546,1
6970,49799,20090824,20090826,561,4,564,High,Delivery Truck,4,1614.97,0.05,-593.15,376.13,85.63,-0.36728236437828565,2
6971,49799,20090824,20090825,561,4,521,High,Regular Air,12,2119.0415,0.0,-6.57,195.99,8.99,-0.00310045839121131,1
6973,49828,20110830,20110831,570,4,227,Medium,Express Air,39,272.39,0.03,-91.48,6.48,6.6,-0.335841991262528,1
7014,50054,20100906,20100908,448,4,285,Not Specified,Regular Air,50,5369.46,0.0,1370.26,99.99,19.99,0.25519512204206757,2
7015,50054,20100906,20100908,448,4,965,Not Specified,Regular Air,41,1439.96,0.02,182.46,33.29,8.74,0.12671185310703076,2
7058,50370,20121106,20121107,409,4,683,Critical,Express Air,25,122.05,0.0,-67.6,4.24,5.41,-0.553871364195002,1
7150,51009,20111105,20111107,568,4,760,Not Specified,Regular Air,10,48.0,0.09,-29.14,4.18,6.92,-0.6070833333333333,2
7698,55200,20100828,20100830,562,4,929,Medium,Regular Air,33,505.08,0.01,-56.91,15.15,10.13,-0.11267521976716559,2
7699,55200,20100828,20100830,562,4,1128,Medium,Regular Air,4,649.2385,0.1,-830.72,205.99,2.79,-1.2795297875896146,2
7799,55808,20110214,20110216,570,4,302,Not Specified,Delivery Truck,6,830.28,0.0,-382.98,122.99,70.2,-0.46126607891313776,2
7800,55808,20110214,20110216,570,4,591,Not Specified,Regular Air,45,837.386,0.03,104.33,20.99,4.81,0.1245900934574975,2
7823,55937,20090126,20090128,563,4,830,Medium,Regular Air,10,392.77,0.09,-146.2,39.98,7.12,-0.3722280214884029,2
7824,55937,20090126,20090128,563,4,564,Medium,Delivery Truck,24,7332.088,0.06,53.79,376.13,85.63,0.00733624582792787,2
7854,56161,20120414,20120416,570,4,435,High,Express Air,38,1504.22,0.02,118.97,39.99,10.25,0.07909082448046163,2
8050,57477,20100926,20100928,570,4,714,High,Regular Air,50,745.48,0.02,119.12,14.56,3.5,0.15978966571873154,2
8051,57477,20100926,20100927,570,4,316,High,Regular Air,45,3086.5115,0.08,1560.96,85.99,2.5,0.505736006491471,1
8255,59044,20110720,20110722,470,4,246,Critical,Regular Air,6,20.19,0.02,1.25,3.08,0.99,0.06191183754333828,2
8286,59204,20120229,20120301,332,4,770,Medium,Regular Air,25,151.75,0.04,-66.24,5.8,5.59,-0.4365074135090609,1
8393,59969,20120111,20120113,570,4,1132,High,Regular Air,42,437.73,0.01,205.7,9.9,1.39,0.46992438261028485,2
8394,59969,20120111,20120112,570,4,102,High,Regular Air,16,275.01,0.0,-87.11,15.7,11.25,-0.3167521181047962,1
26,166,20110911,20110913,571,4,1199,High,Express Air,10,567.936,0.02,-126.09,65.99,8.99,-0.22201445233265718,2
31,197,20110406,20110408,572,4,235,High,Regular Air,23,310.52,0.01,33.22,12.98,3.14,0.10698183691871699,2
41,231,20090928,20090930,573,4,445,High,Regular Air,2,689.74,0.06,-490.84,363.25,19.99,-0.7116304694522573,2
81,487,20120817,20120818,574,4,226,Critical,Regular Air,19,210.4,0.07,-18.96,10.89,4.5,-0.09011406844106463,1
109,710,20100101,20100105,575,4,338,Low,Regular Air,42,161.77,0.01,-150.37,3.58,5.47,-0.9295295790319589,4
110,710,20100101,20100103,575,4,492,Low,Regular Air,11,447.09,0.09,89.03,41.32,8.66,0.19913216578317566,2
111,710,20100101,20100105,575,4,128,Low,Delivery Truck,29,4192.88,0.02,731.32,145.45,17.85,0.17441949209135488,4
123,801,20120217,20120220,576,4,1084,Critical,Regular Air,20,59.85,0.03,-47.41,2.74,3.5,-0.7921470342522974,3
136,870,20100619,20100619,574,4,1023,Not Specified,Regular Air,23,1661.04,0.04,475.54,70.97,3.5,0.28629051678466505,0
189,1253,20100125,20100125,152,4,1190,Critical,Regular Air,15,494.34,0.05,-30.19,31.98,6.72,-0.06107132742646762,0
232,1542,20100914,20100916,577,4,767,Medium,Regular Air,47,2150.25,0.06,586.93,48.58,3.99,0.27295895826066735,2
233,1542,20100914,20100916,577,4,1200,Medium,Regular Air,13,448.0,0.08,27.2,35.51,6.31,0.060714285714285714,2
356,2497,20120826,20120828,578,4,212,Critical,Regular Air,21,3629.1175,0.06,636.03,205.99,5.26,0.17525748339644556,2
380,2630,20121023,20121023,579,4,1065,Low,Regular Air,31,146.51,0.04,37.14,4.73,1.52,0.2534980547402908,0
384,2657,20111016,20111018,538,4,369,High,Delivery Truck,30,8316.76,0.05,2108.8,279.81,23.19,0.25356028068622877,2
385,2657,20111016,20111017,538,4,1199,High,Regular Air,37,2143.2155,0.02,464.36,65.99,8.99,0.21666509970649245,1
389,2688,20120123,20120124,576,4,314,High,Regular Air,31,2080.035,0.1,844.9,85.99,1.25,0.406195088063422,1
390,2688,20120123,20120124,576,4,155,High,Regular Air,7,145.42,0.09,-98.46,20.97,6.5,-0.6770733049099161,1
391,2688,20120123,20120125,576,4,150,High,Regular Air,11,1559.4355,0.01,61.24,155.99,3.9,0.03927062068293302,2
416,2816,20090919,20090920,580,4,363,High,Regular Air,35,787.56,0.0,220.04,21.98,2.87,0.2793945858093352,1
419,2818,20091211,20091213,580,4,797,Medium,Regular Air,37,565.91,0.05,192.39,15.68,3.73,0.339965718930572,2
420,2818,20091211,20091212,580,4,215,Medium,Regular Air,39,593.21,0.0,44.71,14.98,8.99,0.07536959929873063,1
421,2818,20091211,20091212,580,4,204,Medium,Regular Air,2,89.23,0.02,-42.72,38.76,13.26,-0.47876274795472373,1
447,3040,20100411,20100412,581,4,227,Medium,Express Air,13,98.39,0.01,-31.54,6.48,6.6,-0.3205610326252668,1
457,3108,20100804,20100805,19,4,1057,Critical,Regular Air,36,65.39,0.09,-0.46,1.82,1.0,-0.007034714788193914,1
499,3459,20090727,20090729,450,4,425,Not Specified,Express Air,24,2152.404,0.1,218.87,110.99,8.99,0.10168630052722445,2
504,3488,20110107,20110110,582,4,302,Medium,Delivery Truck,39,4669.19,0.06,-1864.08,122.99,70.2,-0.39922984500523645,3
505,3488,20110107,20110108,582,4,363,Medium,Regular Air,6,133.4,0.02,-0.31,21.98,2.87,-0.0023238380809595203,1
506,3492,20091123,20091128,59,4,490,Low,Regular Air,35,2393.63,0.04,524.88,67.28,19.99,0.219282011004207,5
507,3492,20091123,20091123,59,4,631,Low,Delivery Truck,49,6177.53,0.1,-1195.12,130.98,54.74,-0.1934624356336594,0
508,3492,20091123,20091123,59,4,365,Low,Regular Air,33,94.6,0.04,-6.34,2.78,1.25,-0.06701902748414376,0
516,3553,20090517,20090518,59,4,361,Medium,Regular Air,7,20.5,0.06,-4.04,2.94,0.96,-0.19707317073170733,1
533,3622,20111126,20111201,583,4,683,Low,Regular Air,16,76.6,0.01,-48.51,4.24,5.41,-0.633289817232376,5
563,3810,20120916,20120918,152,4,44,Critical,Regular Air,40,221.86,0.09,-1845.66,4.48,49.0,-8.319030018930857,2
564,3810,20120916,20120918,152,4,400,Critical,Express Air,25,78.26,0.04,35.09,2.61,0.5,0.4483772041911577,2
635,4451,20090930,20090930,152,4,312,Critical,Regular Air,47,992.95,0.04,-65.21,21.38,8.99,-0.0656729946120147,0
642,4516,20090328,20090329,584,4,262,Medium,Regular Air,42,294.78,0.05,-113.45,6.68,6.93,-0.38486328787570395,1
646,4578,20120912,20120917,59,4,1166,Low,Regular Air,45,282.71,0.09,-141.44,6.48,6.74,-0.5003006614552015,5
647,4578,20120912,20120919,59,4,531,Low,Regular Air,48,724.13,0.01,-250.53,14.81,13.32,-0.34597378923673927,7
648,4578,20120912,20120919,59,4,303,Low,Regular Air,15,294.66,0.07,86.33,20.24,6.67,0.2929817416683635,7
655,4611,20100109,20100109,583,4,780,High,Delivery Truck,32,16172.44,0.03,7176.12,500.98,28.14,0.44372525110620287,0
731,5281,20111101,20111102,585,4,37,High,Delivery Truck,36,4733.7,0.0,624.36,120.98,30.0,0.13189682489384627,1
732,5281,20111101,20111102,585,4,922,High,Regular Air,14,2718.07,0.1,1107.53,209.84,21.21,0.40746927047500614,1
787,5635,20120815,20120817,586,4,275,Medium,Regular Air,17,198.78,0.02,-28.35,11.5,7.19,-0.14261998188952613,2
788,5635,20120815,20120817,586,4,1121,Medium,Regular Air,50,281.58,0.09,-161.56,5.77,5.92,-0.5737623410753605,2
791,5696,20110503,20110505,475,4,1146,Critical,Regular Air,4,2206.17,0.02,251.43,525.98,19.99,0.11396673873726866,2
792,5696,20110503,20110505,475,4,1201,Critical,Regular Air,40,621.12,0.1,190.53,16.51,2.99,0.30675231839258116,2
793,5696,20110503,20110505,475,4,1143,Critical,Regular Air,31,175.92,0.09,-93.41,5.98,3.85,-0.5309799909049568,2
820,5921,20090406,20090413,587,4,813,Low,Express Air,27,384.74,0.01,2.69,13.43,5.5,0.0069917346779643395,7
868,6241,20091229,20100103,58,4,867,Low,Express Air,24,133.94,0.08,45.0,5.84,1.0,0.3359713304464686,5
869,6241,20091229,20100102,58,4,783,Low,Regular Air,29,5433.0895,0.0,1365.28,205.99,8.99,0.25128980481547375,4
892,6406,20090814,20090816,582,4,583,Critical,Regular Air,43,92.63,0.05,-70.8,2.08,2.56,-0.7643312101910829,2
920,6625,20100815,20100817,59,4,186,High,Delivery Truck,23,21062.91,0.01,5713.53,880.98,44.55,0.2712602389698289,2
947,6854,20090106,20090108,588,4,669,Medium,Express Air,1,22.13,0.07,-2.39,7.68,6.16,-0.10799819249887033,2
948,6854,20090106,20090108,588,4,6,Medium,Express Air,19,129.84,0.05,2.39,6.64,4.95,0.018407270486752926,2
1006,7335,20100529,20100603,589,4,936,Low,Regular Air,43,3681.7495,0.01,1196.44,95.99,4.9,0.3249650743484857,5
1019,7457,20100930,20101003,590,4,600,Not Specified,Regular Air,36,2300.45,0.02,624.64,60.98,19.99,0.27152948336195093,3
1020,7457,20100930,20101002,590,4,769,Not Specified,Regular Air,46,548.11,0.04,124.24,11.55,2.36,0.22666982904891353,2
1044,7653,20120227,20120301,591,4,784,Medium,Regular Air,32,1425.06,0.1,597.31,48.04,5.09,0.41914726397485014,3
1055,7783,20120112,20120113,592,4,183,Medium,Regular Air,3,31.35,0.03,-14.62,8.85,5.6,-0.46634768740031896,1
1072,7905,20090603,20090607,593,4,384,Low,Delivery Truck,46,11057.6,0.08,183.9,259.71,66.67,0.01663109535523079,4
1098,8064,20110512,20110513,450,4,1152,High,Delivery Truck,44,10445.95,0.07,1069.61,243.98,62.94,0.10239470799687915,1
1105,8130,20120513,20120515,594,4,310,Critical,Regular Air,15,66.33,0.03,-47.23,4.13,5.04,-0.7120458314488165,2
1138,8294,20120620,20120621,595,4,52,Medium,Regular Air,28,197.574,0.05,-90.84,7.99,5.03,-0.45977709617662244,1
1148,8384,20100505,20100506,593,4,229,High,Delivery Truck,37,4935.72,0.07,-698.09,140.98,36.09,-0.14143630513886524,1
1175,8580,20110322,20110322,203,4,189,High,Regular Air,12,151.49,0.0,-3.95,11.58,6.97,-0.02607432833850419,0
1176,8580,20110322,20110323,203,4,1009,High,Regular Air,37,308.22,0.0,-215.57,7.77,9.23,-0.6994030238141586,1
1182,8646,20090409,20090411,596,4,44,High,Regular Air,8,85.85,0.03,-327.65,4.48,49.0,-3.8165404775771696,2
1183,8646,20090409,20090411,596,4,1103,High,Delivery Truck,41,14377.78,0.06,4161.98,350.99,39.0,0.2894730619052454,2
1184,8646,20090409,20090411,596,4,850,High,Express Air,26,994.27,0.09,-127.11,40.98,6.5,-0.1278425377412574,2
1185,8646,20090409,20090410,596,4,196,High,Delivery Truck,29,9558.65,0.09,2154.07,349.45,60.0,0.22535295256129267,1
1224,8993,20110528,20110530,477,4,21,Medium,Express Air,41,172.15,0.02,86.78,3.69,0.5,0.5040952657566076,2
1231,8996,20110602,20110606,152,4,1096,Low,Regular Air,13,772.2675,0.02,-48.85,65.99,8.99,-0.06325528395277542,4
1234,8998,20100103,20100107,577,4,389,Low,Regular Air,37,1767.88,0.07,66.47,50.98,13.66,0.03759870579451094,4
1235,8998,20100103,20100105,577,4,847,Low,Regular Air,12,277.42,0.01,49.82,22.24,1.99,0.1795833032946435,2
1236,8998,20100103,20100108,577,4,813,Low,Regular Air,13,178.13,0.04,-19.75,13.43,5.5,-0.11087408072755853,5
1256,9124,20111016,20111016,58,4,659,Low,Regular Air,17,2637.78,0.04,-0.84,152.48,6.5,-0.0003184496053499533,0
1257,9124,20111016,20111021,58,4,1202,Low,Regular Air,29,157.4,0.01,-118.56,4.98,7.28,-0.7532401524777637,5
1260,9152,20100820,20100820,597,4,52,Not Specified,Regular Air,43,292.808,0.05,-129.69,7.99,5.03,-0.44291822627797056,0
1281,9312,20120518,20120519,597,4,171,Not Specified,Delivery Truck,43,1160.55,0.05,-179.17,25.98,14.36,-0.15438369738486063,1
1330,9700,20110808,20110809,598,4,546,Critical,Regular Air,35,106.06,0.08,-59.74,3.14,1.92,-0.5632660758061475,1
1345,9826,20120322,20120324,585,4,814,Medium,Regular Air,7,131.61,0.01,-7.3,17.48,1.99,-0.055466909809285,2
1374,9954,20090619,20090620,576,4,544,Not Specified,Delivery Truck,36,10122.72,0.07,-381.16,280.98,57.0,-0.037653911201732344,1
1375,9954,20090619,20090621,576,4,877,Not Specified,Regular Air,39,203.6,0.0,-166.44,4.98,7.44,-0.8174852652259332,2
1376,9954,20090619,20090621,576,4,914,Not Specified,Regular Air,30,115.81,0.1,22.06,3.98,0.83,0.19048441412658665,2
1391,10081,20100807,20100808,599,4,1105,Not Specified,Regular Air,49,1058.43,0.02,245.0,20.28,6.68,0.23147492040097123,1
1415,10272,20090117,20090119,600,4,881,Medium,Regular Air,3,299.08,0.03,-50.43,90.48,19.99,-0.1686170924167447,2
1416,10272,20090117,20090117,600,4,1073,Medium,Regular Air,26,566.39,0.06,76.43,22.84,8.18,0.13494235420823109,0
1461,10530,20090127,20090129,588,4,368,Medium,Regular Air,4,377.213,0.02,-411.65,110.99,2.5,-1.0912932481118094,2
1563,11270,20110630,20110701,152,4,682,High,Express Air,15,140.07,0.04,-21.85,8.6,6.19,-0.15599343185550085,1
1587,11431,20120801,20120803,590,4,548,High,Regular Air,5,39.68,0.09,-6.71,8.01,2.87,-0.16910282258064516,2
1588,11431,20120801,20120802,590,4,879,High,Regular Air,8,1273.266,0.1,-615.67,205.99,8.99,-0.48353604038747594,1
1634,11815,20110912,20110914,601,4,949,Low,Regular Air,22,351.27,0.08,-37.22,15.73,7.42,-0.10595837959404447,2
1677,12097,20101109,20101111,152,4,232,Critical,Regular Air,9,49.89,0.06,-30.84,4.98,6.07,-0.6181599518941672,2
1678,12097,20101109,20101109,152,4,56,Critical,Express Air,25,1831.529,0.0,-139.98,85.99,0.99,-0.07642794626784506,0
1688,12196,20100602,20100603,581,4,169,Not Specified,Regular Air,32,599.52,0.04,25.14,17.98,8.51,0.04193354683746998,1
1689,12196,20100602,20100602,581,4,1127,Not Specified,Regular Air,25,10330.94,0.07,2914.56,419.19,19.99,0.28211953607319373,0
1734,12451,20100419,20100421,576,4,631,Low,Delivery Truck,26,3662.16,0.01,-372.82,130.98,54.74,-0.10180330733774604,2
1735,12451,20100419,20100421,576,4,560,Low,Express Air,21,329.37,0.04,-53.57,15.14,4.53,-0.16264383520053435,2
1742,12483,20100804,20100804,602,4,352,Critical,Regular Air,14,1676.44,0.02,607.5,120.98,9.07,0.3623750328076161,0
1743,12483,20100804,20100806,602,4,66,Critical,Delivery Truck,14,1406.07,0.1,-701.91,100.98,57.38,-0.4991998975868911,2
1744,12483,20100804,20100805,602,4,1102,Critical,Regular Air,30,1771.67,0.09,338.95,59.76,9.71,0.19131666732517905,1
1794,12867,20110311,20110311,576,4,507,Not Specified,Express Air,6,127.49,0.08,-57.95,19.98,4.0,-0.4545454545454546,0
1805,12903,20090925,20090927,598,4,525,Critical,Regular Air,2,63.427,0.07,-191.79,35.99,5.0,-3.023791129960427,2
1881,13540,20100523,20100523,475,4,676,High,Regular Air,31,259.59,0.06,34.79,8.5,1.99,0.13401903000886015,0
1882,13540,20100523,20100523,475,4,304,High,Regular Air,16,34.93,0.04,-0.05,2.18,0.78,-0.0014314342971657602,0
1883,13540,20100523,20100523,475,4,167,High,Regular Air,33,431.06,0.02,-26.78,12.28,6.13,-0.062125922145409,0
1919,13762,20100621,20100624,542,4,907,Medium,Regular Air,8,55.0,0.05,-23.62,6.28,5.36,-0.4294545454545455,3
1920,13762,20100621,20100623,542,4,872,Medium,Regular Air,7,51.66,0.06,7.4,7.64,1.39,0.14324428958575303,2
1921,13762,20100621,20100623,542,4,605,Medium,Regular Air,37,107.73,0.08,39.81,3.15,0.5,0.36953494848231694,2
2008,14336,20091118,20091119,583,4,435,High,Express Air,4,174.55,0.05,-114.39,39.99,10.25,-0.6553423087940418,1
2016,14400,20090204,20090205,603,4,388,Medium,Regular Air,32,74.34,0.05,-166.55,2.16,6.05,-2.240382028517622,1
2017,14400,20090204,20090205,603,4,227,Medium,Regular Air,35,228.8,0.03,-99.08,6.48,6.6,-0.433041958041958,1
2018,14400,20090204,20090205,603,4,838,Medium,Delivery Truck,43,6089.05,0.08,-2110.56,146.05,80.2,-0.34661564611885265,1
2033,14500,20110624,20110626,604,4,94,Not Specified,Regular Air,44,839.7,0.07,211.79,19.98,5.77,0.2522210313207098,2
2034,14500,20110624,20110625,604,4,555,Not Specified,Regular Air,46,1662.5,0.01,289.02,34.58,8.99,0.17384661654135336,1
2042,14534,20100718,20100718,574,4,404,Medium,Regular Air,46,745.99,0.02,226.09,15.98,4.0,0.30307376774487593,0
2084,14884,20110927,20110929,578,4,936,High,Regular Air,6,473.9855,0.06,-301.68,95.99,4.9,-0.6364751664344163,2
2107,15075,20091004,20091004,338,4,309,Medium,Regular Air,24,1548.43,0.02,622.89,63.94,14.48,0.4022719787139231,0
2108,15075,20091004,20091006,338,4,239,Medium,Regular Air,10,54.84,0.01,-56.3,5.02,5.14,-1.0266229029905178,2
2132,15234,20100312,20100313,605,4,664,Not Specified,Regular Air,21,2185.9535,0.1,268.01,125.99,8.99,0.12260553575361964,1
2133,15234,20100312,20100313,605,4,442,Not Specified,Express Air,12,1323.5435,0.0,-34.73,125.99,8.08,-0.026240165132464476,1
2138,15270,20090131,20090202,325,4,646,Not Specified,Regular Air,36,257.91,0.0,90.86,6.98,1.6,0.3522934356946221,2
2141,15296,20120807,20120809,586,4,533,Not Specified,Regular Air,38,6216.6,0.02,1082.21,161.55,19.99,0.17408390438503363,2
2147,15335,20100917,20100919,606,4,48,Medium,Regular Air,26,765.96,0.1,240.06,31.78,1.99,0.31341062196459346,2
2179,15712,20121204,20121206,338,4,134,High,Delivery Truck,1,102.9,0.07,-81.89,48.58,54.11,-0.7958211856171039,2
2205,15906,20100927,20100929,580,4,908,Low,Delivery Truck,8,2174.96,0.05,-223.89,264.98,17.86,-0.10293982418067459,2
2215,16005,20121224,20121226,587,4,964,Not Specified,Regular Air,7,51.03,0.09,-21.38,6.81,5.48,-0.41896923378404854,2
2230,16103,20120715,20120717,325,4,93,Not Specified,Regular Air,22,426.7,0.06,104.77,19.84,4.1,0.24553550503866886,2
2253,16225,20090528,20090530,152,4,1046,Critical,Regular Air,30,550.29,0.03,-82.5,17.7,9.47,-0.14992095077141146,2
2265,16262,20110101,20110108,577,4,268,Low,Express Air,11,62.84,0.06,9.53,5.18,2.04,0.1516549968173138,7
2270,16321,20091001,20091003,59,4,690,Not Specified,Regular Air,50,7156.56,0.03,1871.26,142.86,19.99,0.2614747867690622,2
2315,16679,20091108,20091113,584,4,131,Low,Delivery Truck,29,6481.95,0.09,846.23,243.98,43.32,0.13055176297256227,5
2328,16775,20121122,20121126,338,4,1033,Low,Regular Air,49,2469.15,0.04,1244.81,48.94,5.86,0.5041451511653807,4
2340,16834,20101023,20101025,598,4,853,Low,Regular Air,33,463.42,0.08,14.2,14.45,7.17,0.030641750463941995,2
2341,16837,20110121,20110122,591,4,706,Not Specified,Delivery Truck,4,997.0,0.09,-307.96,258.98,54.31,-0.3088866599799398,1
2343,16866,20120206,20120207,572,4,440,Not Specified,Regular Air,43,2357.9085,0.06,538.49,65.99,3.99,0.22837612231348248,1
2360,17058,20110101,20110102,595,4,777,High,Regular Air,15,72.67,0.04,-62.37,4.28,6.72,-0.8582633824136507,1
2413,17508,20120627,20120629,59,4,264,Low,Express Air,50,99.08,0.01,11.28,1.76,0.7,0.11384739604360113,2
2573,18592,20120930,20121001,607,4,341,Critical,Regular Air,2,25.72,0.04,-15.5,10.98,3.37,-0.6026438569206843,1
2598,18757,20120522,20120529,326,4,646,Low,Express Air,43,319.96,0.01,123.15,6.98,1.6,0.3848918614826854,7
2609,18851,20121216,20121217,606,4,1037,Critical,Express Air,32,204.21,0.04,-204.81,5.98,10.39,-1.0029381519024534,1
2611,18853,20100117,20100119,595,4,463,Critical,Regular Air,33,223.88,0.03,55.21,6.68,1.5,0.24660532428086476,2
2613,18884,20110624,20110625,607,4,171,Not Specified,Delivery Truck,5,131.27,0.1,-70.43,25.98,14.36,-0.5365277671973795,1
2614,18884,20110624,20110626,607,4,27,Not Specified,Regular Air,29,13571.7,0.0,3825.69,449.99,24.49,0.2818873096222286,2
2669,19300,20091216,20091217,542,4,249,Critical,Regular Air,10,78.72,0.1,-22.36,7.64,5.83,-0.2840447154471545,1
2673,19361,20120923,20121002,571,4,737,Low,Regular Air,21,788.85,0.06,317.53,37.7,2.99,0.40252265956772515,9
2674,19361,20120923,20120930,571,4,1203,Low,Regular Air,43,364.59,0.07,-14.28,8.56,5.16,-0.03916728379823912,7
2706,19557,20111030,20111103,574,4,675,Low,Regular Air,26,66.6,0.08,13.99,2.62,0.8,0.2100600600600601,4
2707,19557,20111030,20111030,574,4,1178,Low,Regular Air,9,312.25,0.05,15.56,33.89,5.1,0.04983186549239391,0
2713,19586,20121101,20121103,595,4,583,Not Specified,Regular Air,36,70.63,0.1,-66.87,2.08,2.56,-0.9467648308084384,2
2732,19718,20120624,20120629,588,4,535,Low,Regular Air,6,89.75,0.03,-38.29,13.99,7.51,-0.42662952646239555,5
2733,19744,20100314,20100316,338,4,166,Medium,Regular Air,41,478.38,0.09,-34.39,11.97,4.98,-0.07188845687528743,2
2781,20069,20090926,20090928,19,4,529,Critical,Regular Air,6,247.15,0.07,-88.35,40.89,18.98,-0.3574752174792636,2
2787,20103,20100211,20100212,576,4,1187,Medium,Regular Air,30,314.93,0.0,-17.5,9.99,6.24,-0.055567903978661924,1
2788,20103,20100211,20100213,576,4,252,Medium,Express Air,25,726.82,0.1,-173.88,30.42,8.65,-0.2392339231171404,2
2794,20135,20090630,20090630,575,4,282,Critical,Regular Air,44,115.24,0.03,43.23,2.61,0.5,0.37513016313779934,0
2795,20135,20090630,20090702,575,4,196,Critical,Delivery Truck,28,9601.94,0.08,2428.59,349.45,60.0,0.2529270126661904,2
2798,20166,20090304,20090308,582,4,1044,Low,Regular Air,6,973.862,0.1,-693.33,205.99,8.99,-0.7119386524990194,4
2799,20192,20101006,20101013,603,4,257,Low,Regular Air,35,1624.67,0.04,504.35,45.19,1.99,0.31043227239993354,7
2804,20229,20091030,20091106,595,4,675,Low,Regular Air,47,116.06,0.1,25.2,2.62,0.8,0.21712907117008443,7
2906,20966,20100918,20100922,601,4,901,Low,Regular Air,10,39.42,0.06,7.78,3.85,0.7,0.19736174530695078,4
2907,20966,20100918,20100922,601,4,847,Low,Regular Air,35,801.44,0.01,308.12,22.24,1.99,0.38445797564384104,4
2908,20966,20100918,20100925,601,4,336,Low,Regular Air,22,1194.06,0.04,326.97,54.74,14.83,0.2738304607808653,7
2916,21063,20110415,20110419,601,4,175,Low,Regular Air,49,377.02,0.0,84.66,7.08,2.35,0.2245504217282903,4
2917,21063,20110415,20110415,601,4,726,Low,Delivery Truck,48,7339.24,0.0,-279.74,145.98,51.92,-0.03811566320218442,0
2958,21412,20110713,20110715,607,4,489,Not Specified,Regular Air,38,137.07,0.09,-199.3,3.52,6.83,-1.4540016050193334,2
2959,21412,20110713,20110714,607,4,978,Not Specified,Regular Air,28,203.99,0.02,-8.51,7.28,4.23,-0.041717731261336335,1
2964,21442,20091225,20100101,606,4,127,Low,Delivery Truck,48,2962.96,0.02,-612.94,58.14,36.61,-0.2068674568674569,7
2965,21442,20091225,20100101,606,4,889,Low,Regular Air,48,782.93,0.03,401.07,15.57,1.39,0.5122680188522601,7
2966,21444,20110415,20110416,587,4,1145,Medium,Regular Air,17,34.16,0.09,-2.29,2.1,0.7,-0.06703747072599532,1
3046,21861,20090818,20090820,602,4,13,Critical,Regular Air,5,244.9,0.06,-135.4,47.98,3.61,-0.5528787260106166,2
3064,21956,20110201,20110203,338,4,893,High,Regular Air,2,125.273,0.02,-301.91,65.99,8.99,-2.410016523911777,2
3073,22051,20111230,20120101,578,4,877,Not Specified,Regular Air,39,209.33,0.01,-160.71,4.98,7.44,-0.767735155018392,2
3078,22085,20120309,20120311,595,4,673,Low,Regular Air,41,265.61,0.1,-147.82,6.48,7.37,-0.5565302511200632,2
3079,22085,20120309,20120309,595,4,1046,Low,Regular Air,27,485.03,0.07,-88.02,17.7,9.47,-0.18147331092922087,0
3080,22086,20111215,20111216,608,4,35,Medium,Delivery Truck,21,2039.33,0.08,-862.44,95.95,74.35,-0.4229036006923843,1
3084,22118,20090118,20090118,338,4,53,High,Regular Air,50,2842.54,0.05,1315.75,58.1,1.49,0.4628782708422749,0
3107,22304,20111125,20111129,203,4,264,Low,Regular Air,24,40.24,0.1,-3.73,1.76,0.7,-0.0926938369781312,4
3199,22919,20090717,20090718,585,4,999,Critical,Regular Air,21,98.77,0.07,41.33,4.91,0.5,0.41844689683102154,1
3209,23041,20100720,20100727,581,4,669,Low,Regular Air,21,173.7,0.02,-31.59,7.68,6.16,-0.18186528497409327,7
3210,23041,20100720,20100722,581,4,1147,Low,Regular Air,5,1811.25,0.08,203.44,367.99,19.99,0.11232022084195997,2
3211,23041,20100720,20100727,581,4,90,Low,Delivery Truck,10,2642.95,0.08,-474.49,262.11,62.74,-0.17953044893017273,7
3239,23232,20100416,20100417,572,4,830,High,Express Air,15,614.15,0.03,-54.37,39.98,7.12,-0.08852886102743629,1
3240,23232,20100416,20100417,572,4,651,High,Regular Air,31,154.24,0.03,68.88,4.98,0.49,0.44657676348547715,1
3241,23232,20100416,20100416,572,4,911,High,Regular Air,20,140.31,0.06,-94.11,6.48,8.74,-0.6707290998503314,0
3248,23270,20110313,20110317,582,4,459,Low,Delivery Truck,20,1460.42,0.04,-441.44,68.81,60.0,-0.3022692102271949,4
3249,23270,20110313,20110318,582,4,194,Low,Express Air,42,6659.7415,0.05,1647.75,195.99,3.99,0.24741951320482936,5
3305,23618,20121127,20121129,591,4,267,Medium,Regular Air,45,2601.7905,0.02,748.2,65.99,5.26,0.28757119376060447,2
3358,24033,20110102,20110104,583,4,1001,High,Delivery Truck,50,1227.18,0.0,-252.53,23.99,15.68,-0.20578073306279437,2
3363,24066,20120413,20120415,595,4,208,High,Delivery Truck,30,4278.61,0.07,-955.56,150.98,66.27,-0.2233342136815461,2
3390,24162,20090822,20090824,573,4,849,Not Specified,Regular Air,1,10.94,0.08,-4.35,9.68,2.03,-0.3976234003656307,2
3391,24162,20090822,20090823,573,4,1025,Not Specified,Delivery Truck,12,1755.3,0.04,-7.01,150.98,16.01,-0.003993619324332023,1
3412,24384,20110326,20110328,577,4,999,Medium,Regular Air,44,205.11,0.06,95.52,4.91,0.5,0.4657013309931256,2
3413,24384,20110326,20110328,577,4,220,Medium,Regular Air,21,3981.23,0.07,294.94,193.17,19.99,0.07408263275419907,2
3414,24384,20110326,20110328,577,4,554,Medium,Regular Air,20,2458.2425,0.1,110.54,155.99,8.99,0.04496708522450491,2
3424,24448,20120206,20120208,59,4,871,High,Delivery Truck,46,11036.16,0.05,1187.8,236.97,59.24,0.10762801554163767,2
3429,24452,20090507,20090507,571,4,836,High,Regular Air,18,115.71,0.08,-91.61,6.48,8.4,-0.7917206810128771,0
3436,24544,20090126,20090127,152,4,222,High,Express Air,31,4587.3,0.08,1771.15,150.98,13.99,0.38609857650469775,1
3437,24544,20090126,20090127,152,4,171,High,Delivery Truck,15,403.71,0.03,-97.47,25.98,14.36,-0.24143568403061605,1
3438,24544,20090126,20090127,152,4,358,High,Regular Air,39,1243.45,0.1,-1212.55,32.48,35.0,-0.9751497848727331,1
3489,24865,20120319,20120320,571,4,500,High,Regular Air,46,175.23,0.04,-13.35,3.69,2.5,-0.07618558466016094,1
3495,24902,20100526,20100528,601,4,268,High,Regular Air,43,224.58,0.03,46.31,5.18,2.04,0.2062071422210348,2
3555,25348,20120509,20120511,584,4,407,Critical,Regular Air,6,343.36,0.08,-41.27,56.96,13.22,-0.12019454799627213,2
3556,25348,20120509,20120511,584,4,733,Critical,Regular Air,7,309.2215,0.09,-68.3,55.99,1.25,-0.22087726758973744,2
3557,25350,20101203,20101205,538,4,998,Not Specified,Regular Air,30,2477.99,0.0,747.68,80.98,4.5,0.30172841698311936,2
3558,25350,20101203,20101205,538,4,1145,Not Specified,Regular Air,23,48.83,0.06,1.0,2.1,0.7,0.02047921359819783,2
3582,25541,20090113,20090115,601,4,723,Low,Regular Air,50,297.76,0.07,-111.34,5.98,5.79,-0.3739253089736701,2
3588,25601,20090105,20090106,574,4,379,Medium,Regular Air,43,257.41,0.09,-131.08,5.98,4.69,-0.5092265257759994,1
3615,25828,20101123,20101125,404,4,990,Not Specified,Regular Air,35,241.43,0.01,-65.8,6.84,4.42,-0.27254276601913596,2
3656,26176,20111119,20111121,450,4,78,High,Regular Air,14,94.32,0.06,-66.87,6.48,8.19,-0.7089694656488551,2
3657,26176,20111119,20111120,450,4,591,High,Regular Air,30,554.4295,0.03,34.01,20.99,4.81,0.06134233477836226,1
3682,26337,20091107,20091110,58,4,99,Critical,Regular Air,45,153.27,0.08,60.29,3.69,0.5,0.3933581261825536,3
3712,26503,20110421,20110423,576,4,889,Medium,Regular Air,47,671.78,0.1,297.23,15.57,1.39,0.44245139777903486,2
3713,26503,20110421,20110422,576,4,67,Medium,Regular Air,12,262.09,0.01,58.69,19.98,10.49,0.22393071082452595,1
3728,26657,20120929,20121001,538,4,447,Medium,Regular Air,28,1107.64,0.06,333.17,40.98,7.47,0.30079267632082624,2
3752,26787,20110919,20110921,608,4,728,High,Express Air,25,1119.91,0.08,434.71,48.04,5.79,0.38816512041146156,2
3769,26919,20121210,20121212,582,4,256,Low,Regular Air,12,3534.56,0.03,763.32,300.65,24.49,0.2159589878230954,2
3770,26919,20121210,20121212,582,4,1078,Low,Regular Air,32,155.27,0.1,-151.55,4.98,7.54,-0.9760417337541057,2
3772,26945,20090205,20090205,582,4,1114,Critical,Regular Air,29,221.33,0.0,77.33,7.28,1.77,0.349387791984819,0
3839,27364,20110520,20110522,203,4,612,Medium,Regular Air,25,74.07,0.04,4.37,2.88,1.49,0.0589982449034697,2
3840,27364,20110520,20110522,203,4,440,Medium,Regular Air,29,1529.0565,0.06,201.73,65.99,3.99,0.13193103067152848,2
3848,27460,20090512,20090513,592,4,410,Not Specified,Regular Air,7,855.03,0.08,-1.68,128.24,12.65,-0.0019648433388302165,1
3849,27460,20090512,20090514,592,4,30,Not Specified,Regular Air,31,196.58,0.04,-102.16,5.98,4.38,-0.5196866415708616,2
3881,27717,20111026,20111029,604,4,1204,Critical,Regular Air,19,75.19,0.05,-93.67,3.75,7.5,-1.2457773640111718,3
3890,27778,20110902,20110904,59,4,984,Critical,Regular Air,10,6350.29,0.02,-735.97,599.99,24.49,-0.11589549453647,2
3916,27936,20110707,20110709,585,4,733,High,Regular Air,23,1028.16,0.07,405.16,55.99,1.25,0.3940631808278867,2
3957,28228,20120711,20120712,593,4,600,Not Specified,Regular Air,5,346.23,0.0,8.46,60.98,19.99,0.02443462438263582,1
3961,28259,20091104,20091106,606,4,218,High,Regular Air,22,249.24,0.06,-92.1,10.97,6.5,-0.36952335098700045,2
3979,28419,20091031,20091104,609,4,28,Low,Express Air,9,133.85,0.03,-5.28,13.48,4.51,-0.039447142323496456,4
4010,28614,20091019,20091021,152,4,782,Critical,Regular Air,50,7827.51,0.05,2992.8,159.99,5.5,0.38234381048379373,2
4023,28741,20110228,20110301,610,4,444,Not Specified,Regular Air,13,70.13,0.02,21.51,5.43,0.95,0.3067160986738914,1
4024,28741,20110228,20110301,610,4,341,Not Specified,Regular Air,5,59.76,0.04,-10.34,10.98,3.37,-0.17302543507362786,1
4027,28769,20100828,20100828,601,4,1101,Low,Regular Air,6,195.75,0.02,-31.24,33.29,1.99,-0.15959131545338442,0
4057,28928,20100430,20100502,607,4,324,Low,Regular Air,3,185.16,0.02,-49.34,59.98,3.99,-0.2664722402246706,2
4058,28928,20100430,20100430,607,4,719,Low,Regular Air,22,5144.94,0.09,729.06,256.99,11.25,0.14170427643471062,0
4059,28928,20100430,20100502,607,4,525,Low,Regular Air,46,1397.383,0.01,-135.86,35.99,5.0,-0.09722459769440447,2
4076,29058,20100103,20100105,571,4,1108,High,Regular Air,43,287.61,0.02,-101.5,6.48,6.35,-0.3529084524182052,2
4077,29058,20100103,20100104,571,4,867,High,Regular Air,23,128.52,0.06,42.8,5.84,1.0,0.33302209772798,1
4078,29058,20100103,20100103,571,4,1055,High,Regular Air,41,1011.67,0.04,-74.64,24.98,8.79,-0.07377899908072791,0
4086,29127,20090331,20090402,606,4,1054,Critical,Regular Air,18,31.13,0.06,-0.81,1.68,1.0,-0.02601991647928044,2
4099,29191,20120628,20120629,572,4,301,Medium,Delivery Truck,26,7201.89,0.09,-650.11,296.18,54.12,-0.0902693598485953,1
4109,29249,20110613,20110617,611,4,68,Low,Regular Air,12,3156.6,0.1,454.26,276.2,24.49,0.14390800228093517,4
4110,29249,20110613,20110618,611,4,63,Low,Express Air,47,302.69,0.05,125.65,6.35,1.02,0.41511116984373453,5
4128,29347,20120812,20120814,152,4,31,Medium,Regular Air,50,2040.39,0.07,221.09,40.99,19.99,0.10835673572209234,2
4156,29478,20100409,20100412,594,4,652,High,Regular Air,15,272.8925,0.01,19.61,20.99,0.99,0.07185979827221342,3
4222,29991,20121005,20121007,584,4,927,Low,Regular Air,41,123.11,0.06,48.93,3.15,0.49,0.397449435464219,2
4330,30853,20110727,20110730,593,4,943,Medium,Regular Air,16,41.52,0.06,-85.17,2.18,7.09,-2.051300578034682,3
4335,30886,20120512,20120517,577,4,220,Low,Regular Air,28,5320.57,0.02,534.29,193.17,19.99,0.10041969187511864,5
4353,31042,20121119,20121120,581,4,37,Medium,Delivery Truck,26,3227.38,0.05,192.31,120.98,30.0,0.05958703344508549,1
4354,31042,20121119,20121120,581,4,149,Medium,Regular Air,48,134.52,0.03,-6.04,2.78,1.2,-0.044900386559619386,1
4363,31078,20090210,20090211,592,4,535,Critical,Regular Air,7,104.46,0.01,-36.77,13.99,7.51,-0.3520007658433851,1
4414,31493,20091017,20091018,450,4,947,High,Express Air,8,112.47,0.0,46.74,12.2,6.02,0.4155774873299547,1
4426,31555,20120104,20120104,612,4,1205,Critical,Regular Air,38,3531.75,0.0,572.26,88.84,20.79,0.16203298647979048,0
4427,31555,20120104,20120107,612,4,475,Critical,Delivery Truck,5,500.5,0.02,-153.31,90.97,28.0,-0.30631368631368633,3
4454,31744,20120909,20120910,609,4,673,Medium,Regular Air,12,86.69,0.0,-43.48,6.48,7.37,-0.5015572730418734,1
4465,31842,20100716,20100717,611,4,814,Medium,Regular Air,9,157.26,0.06,-18.84,17.48,1.99,-0.1198016024418161,1
4484,31910,20091029,20091030,610,4,643,Medium,Regular Air,6,187.6375,0.03,-190.03,35.99,5.0,-1.0127506495236827,1
4507,32069,20111119,20111121,439,4,597,Not Specified,Regular Air,17,114.94,0.09,-102.24,6.48,9.68,-0.8895075691665216,2
4571,32519,20101008,20101013,591,4,226,Low,Regular Air,8,85.36,0.09,-23.82,10.89,4.5,-0.27905342080599815,5
4591,32647,20111118,20111120,613,4,155,High,Regular Air,32,671.75,0.07,-56.83,20.97,4.0,-0.08459992556754745,2
4592,32647,20111118,20111120,613,4,453,High,Delivery Truck,27,9541.04,0.06,348.84,348.21,84.84,0.03656205193563804,2
4632,32966,20120126,20120202,597,4,242,Low,Delivery Truck,4,1035.2,0.08,-668.06,270.97,28.06,-0.6453438948995363,7
4633,32966,20120126,20120130,597,4,1206,Low,Regular Air,43,74.17,0.01,-13.4,1.6,1.29,-0.1806660374814615,4
4664,33218,20100106,20100108,590,4,329,Not Specified,Regular Air,25,113.8,0.07,-84.08,4.57,5.42,-0.7388400702987697,2
4665,33218,20100106,20100107,590,4,1207,Not Specified,Regular Air,29,480.13,0.04,53.67,16.16,7.74,0.11178222564722055,1
4679,33285,20120119,20120120,404,4,167,High,Regular Air,5,66.92,0.01,-23.29,12.28,6.13,-0.34802749551703527,1
4701,33479,20120918,20120920,572,4,1159,Critical,Regular Air,24,161.87,0.04,-31.27,6.48,5.11,-0.1931797121146599,2
4706,33537,20100813,20100815,582,4,264,Medium,Regular Air,26,45.38,0.07,-1.97,1.76,0.7,-0.043411194358748344,2
4707,33537,20100813,20100814,582,4,181,Medium,Regular Air,9,163.3105,0.02,-105.09,20.99,3.3,-0.6434981216761936,1
4712,33569,20090828,20090901,326,4,457,Low,Regular Air,9,123.92,0.09,45.83,14.2,5.3,0.3698353776630084,4
4716,33571,20111011,20111014,583,4,708,Medium,Regular Air,1,7.15,0.03,-2.55,5.08,2.03,-0.3566433566433566,3
4726,33637,20121124,20121126,404,4,1208,Low,Regular Air,35,192.21,0.07,-61.36,5.47,5.26,-0.3192341709588471,2
4729,33670,20120427,20120429,582,4,1058,High,Regular Air,50,207.54,0.03,24.21,4.13,1.23,0.11665221162185603,2
4730,33670,20120427,20120428,582,4,685,High,Regular Air,4,17.33,0.06,-16.58,3.28,5.0,-0.9567224466243508,1
4753,33794,20110222,20110224,584,4,988,Critical,Regular Air,18,92.77,0.06,-17.91,4.91,3.05,-0.19305810067909884,2
4761,33857,20100429,20100430,538,4,136,Critical,Regular Air,18,130.16,0.0,28.87,7.04,2.17,0.22180393362015982,1
4833,34400,20121224,20121228,611,4,574,Low,Regular Air,25,92.53,0.01,-71.52,3.57,4.17,-0.7729385064303469,4
4834,34400,20121224,20121229,611,4,1021,Low,Regular Air,17,988.6435,0.04,89.89,65.99,4.2,0.09092256207621857,5
4838,34407,20100731,20100731,609,4,635,Low,Regular Air,41,1484.89,0.03,220.99,35.89,14.72,0.1488258389510334,0
4839,34432,20090407,20090408,607,4,397,Not Specified,Regular Air,20,244.39,0.08,114.1,12.53,0.5,0.46687671344981385,1
4840,34432,20090407,20090408,607,4,902,Not Specified,Regular Air,3,581.42,0.02,-129.97,178.47,19.99,-0.22353892194970934,1
4846,34497,20090310,20090311,135,4,1078,Medium,Regular Air,36,175.35,0.1,-174.18,4.98,7.54,-0.993327630453379,1
4847,34497,20090310,20090312,135,4,1073,Medium,Regular Air,25,590.6,0.0,117.73,22.84,8.18,0.19933965458855402,2
4848,34498,20090215,20090220,470,4,427,Low,Express Air,4,47.12,0.09,10.8,8.74,1.39,0.22920203735144315,5
4849,34498,20090215,20090220,470,4,41,Low,Regular Air,3,62.89,0.09,-23.2,18.97,9.03,-0.3688980760057243,5
4925,35045,20120402,20120404,527,4,28,Medium,Regular Air,44,565.01,0.1,-10.33,13.48,4.51,-0.01828286225022566,2
4954,35265,20101129,20101130,573,4,143,Not Specified,Regular Air,4,125.78,0.02,8.43,30.56,2.99,0.06702178406741931,1
4955,35265,20101129,20101130,573,4,206,Not Specified,Delivery Truck,16,577.0,0.04,-112.88,33.94,19.19,-0.195632582322357,1
4956,35265,20101129,20101201,573,4,510,Not Specified,Regular Air,2,24.53,0.04,-28.14,9.49,5.76,-1.1471667346106809,2
4985,35461,20090601,20090601,424,4,766,Critical,Regular Air,11,48.75,0.08,3.5,4.49,1.49,0.07179487179487179,0
4986,35461,20090601,20090602,424,4,145,Critical,Regular Air,30,112.6,0.04,-25.99,3.68,1.32,-0.23081705150976908,1
5000,35590,20121202,20121203,584,4,219,Critical,Regular Air,4,423.95,0.0,-263.95,99.99,19.99,-0.6225970043637221,1
5006,35687,20111118,20111119,595,4,774,Not Specified,Express Air,48,620.23,0.06,115.24,12.64,4.98,0.18580204117827256,1
5011,35776,20090204,20090206,439,4,941,Medium,Regular Air,9,118.66,0.05,32.68,12.97,1.49,0.2754087308275746,2
5012,35776,20090204,20090206,439,4,622,Medium,Regular Air,36,213.74,0.06,-32.15,5.81,3.37,-0.15041639374941515,2
5015,35782,20110805,20110812,424,4,408,Low,Regular Air,42,6427.18,0.09,2097.1,165.98,19.99,0.32628617838616625,7
5016,35782,20110805,20110810,424,4,1017,Low,Delivery Truck,13,1330.73,0.06,-450.1,105.49,41.64,-0.33823540462753526,5
5022,35813,20090421,20090421,604,4,445,Critical,Express Air,21,7841.57,0.05,2347.18,363.25,19.99,0.29932526267061316,0
5023,35813,20090421,20090421,604,4,378,Critical,Express Air,21,156.31,0.06,-9.81,7.59,4.0,-0.06275990019832385,0
5050,36003,20101031,20101102,577,4,980,Medium,Regular Air,40,207.42,0.04,-115.35,4.91,5.68,-0.5561180214058432,2
5051,36003,20101031,20101102,577,4,94,Medium,Regular Air,48,1031.18,0.01,349.82,19.98,5.77,0.3392424213037491,2
5065,36102,20100520,20100521,439,4,1180,Not Specified,Regular Air,36,461.4,0.03,36.39,12.07,6.2,0.07886866059817946,1
5094,36295,20100904,20100906,607,4,143,Medium,Regular Air,10,278.1,0.09,68.1,30.56,2.99,0.2448759439050701,2
5095,36323,20101018,20101020,587,4,404,High,Regular Air,5,85.89,0.08,-48.88,15.98,6.5,-0.569100011642799,2
5096,36354,20120605,20120607,603,4,445,Medium,Regular Air,13,4567.36,0.07,889.31,363.25,19.99,0.19470985427030058,2
5126,36512,20120328,20120329,573,4,146,Not Specified,Delivery Truck,30,10413.67,0.04,1099.29,355.98,58.92,0.10556220813603658,1
5127,36512,20120328,20120331,573,4,221,Not Specified,Regular Air,3,71.49,0.06,41.98,19.99,11.17,0.5872149951042104,3
5198,36932,20090707,20090712,538,4,1178,Low,Regular Air,20,668.8,0.04,92.34,33.89,5.1,0.13806818181818184,5
5211,37025,20091110,20091111,604,4,814,High,Regular Air,37,641.89,0.03,207.3,17.48,1.99,0.3229525308074592,1
5216,37124,20120330,20120401,424,4,287,Low,Regular Air,33,21205.5,0.1,241.3,699.99,24.49,0.011379123340642758,2
5293,37696,20090709,20090711,574,4,415,Not Specified,Regular Air,5,24.09,0.04,-20.23,3.81,5.44,-0.8397675383976754,2
5294,37696,20090709,20090709,574,4,910,Not Specified,Regular Air,41,173.27,0.02,51.29,4.0,1.3,0.296012004386218,0
5296,37702,20110610,20110612,577,4,28,Not Specified,Regular Air,44,601.78,0.05,26.44,13.48,4.51,0.043936322244009444,2
5313,37794,20090324,20090326,404,4,722,Low,Regular Air,6,60.67,0.08,10.29,9.48,7.29,0.16960606560079114,2
5314,37794,20090324,20090328,404,4,220,Low,Regular Air,32,6195.87,0.03,781.03,193.17,19.99,0.12605655057320442,4
5344,37987,20090703,20090704,578,4,1179,High,Regular Air,26,299.07,0.1,137.47,12.53,0.49,0.45965827398267967,1
5345,37987,20090703,20090704,578,4,100,High,Delivery Truck,5,708.87,0.1,-270.85,146.34,43.75,-0.38208698350896503,1
5392,38340,20090120,20090121,152,4,477,Critical,Regular Air,36,2167.05,0.02,684.9,60.22,3.5,0.31605177545511176,1
5419,38528,20111220,20111222,215,4,1209,Critical,Regular Air,10,70.02,0.07,22.62,7.31,0.5,0.323050556983719,2
5459,38786,20110618,20110620,135,4,1001,Medium,Delivery Truck,10,236.17,0.09,-21.39,23.99,15.68,-0.09057035186518186,2
5468,38852,20091101,20091103,339,4,986,Not Specified,Regular Air,25,152.31,0.03,38.08,5.98,1.49,0.2500164138927188,2
5500,39008,20110428,20110430,586,4,302,Not Specified,Delivery Truck,28,3582.79,0.0,-1177.14,122.99,70.2,-0.32855400400246737,2
5553,39331,20110913,20110914,439,4,107,High,Express Air,23,149.4,0.06,-126.05,5.81,8.49,-0.8437081659973226,1
5565,39399,20121217,20121219,599,4,508,Medium,Regular Air,28,303.97,0.1,23.3,10.98,5.14,0.07665230121393558,2
5634,39876,20120413,20120415,591,4,244,High,Regular Air,43,16269.82,0.08,7050.33,387.99,19.99,0.43333792260762566,2
5635,39876,20120413,20120415,591,4,233,High,Regular Air,46,876.59,0.05,233.6,18.99,5.23,0.2664871832897934,2
5636,39876,20120413,20120415,591,4,308,High,Delivery Truck,41,5000.87,0.04,-593.23,124.49,51.94,-0.11862535918750138,2
5657,40032,20121130,20121207,404,4,380,Low,Delivery Truck,9,23300.12,0.06,-217.47,2550.14,29.7,-0.009333428325691027,7
5696,40261,20091104,20091106,592,4,718,Critical,Express Air,36,331.37,0.03,-172.17,9.06,9.86,-0.5195702688837252,2
5697,40261,20091104,20091106,592,4,1210,Critical,Regular Air,26,78.03,0.05,0.51,2.94,1.05,0.006535947712418301,2
5734,40706,20120121,20120122,607,4,282,Medium,Express Air,40,111.04,0.08,45.1,2.61,0.5,0.40615994236311237,1
5736,40708,20091012,20091013,605,4,463,Not Specified,Regular Air,15,103.55,0.03,19.59,6.68,1.5,0.18918396909705457,1
5772,40964,20110523,20110526,586,4,278,Critical,Regular Air,40,301.12,0.0,-206.05,6.84,8.37,-0.684278692879915,3
5952,42243,20120311,20120313,470,4,97,Medium,Regular Air,42,1876.09,0.02,809.74,43.41,2.99,0.43161042380696024,2
5953,42243,20120311,20120313,470,4,844,Medium,Regular Air,19,145.26,0.05,-35.75,7.35,5.96,-0.24611042269034836,2
5987,42437,20120305,20120307,542,4,27,Critical,Delivery Truck,43,19461.8,0.06,7752.01,449.99,49.0,0.3983192715987216,2
5988,42437,20120305,20120306,542,4,312,Critical,Regular Air,14,313.85,0.03,-31.37,21.38,8.99,-0.09995220646805798,1
6051,42887,20120610,20120611,604,4,430,Medium,Regular Air,3,35.68,0.01,-11.43,9.78,5.76,-0.32034753363228696,1
6052,42887,20120610,20120612,604,4,312,Medium,Regular Air,11,234.76,0.04,-45.65,21.38,8.99,-0.19445391037655477,2
6053,42887,20120610,20120612,604,4,726,Medium,Delivery Truck,3,498.49,0.01,-251.41,145.98,51.92,-0.5043431162109571,2
6088,43137,20110226,20110227,577,4,376,High,Regular Air,40,6069.05,0.05,1816.71,155.06,7.07,0.29934009441345844,1
6151,43554,20091030,20091102,609,4,996,Critical,Regular Air,9,34.18,0.06,-5.46,3.6,2.2,-0.15974253949678174,3
6178,43782,20101113,20101115,613,4,240,Medium,Regular Air,27,194.35,0.0,30.88,6.75,2.99,0.15888860303576022,2
6195,43904,20100501,20100503,404,4,320,Not Specified,Regular Air,43,413.83,0.08,111.74,10.01,1.99,0.27001425706207866,2
6196,43904,20100501,20100502,404,4,45,Not Specified,Regular Air,30,3339.65,0.01,788.51,125.99,7.69,0.23610557992604014,1
6197,43906,20120208,20120209,574,4,640,High,Regular Air,50,3601.07,0.04,174.8,73.98,14.52,0.04854112805360629,1
6221,44064,20100303,20100305,475,4,946,Medium,Express Air,43,468.48,0.07,-213.49,11.34,11.25,-0.45570782103825136,2
6222,44064,20100303,20100306,475,4,372,Medium,Regular Air,23,284.14,0.05,-104.18,11.66,8.99,-0.36665024283803765,3
6240,44224,20100809,20100810,338,4,865,High,Regular Air,32,198.7,0.1,-62.13,6.48,2.74,-0.312682435832914,1
6264,44325,20090210,20090212,614,4,693,Medium,Regular Air,44,951.33,0.0,-60.66,20.28,14.39,-0.06376336287092806,2
6274,44422,20120413,20120415,576,4,226,Medium,Regular Air,1,15.72,0.0,-6.1,10.89,4.5,-0.3880407124681933,2
6275,44422,20120413,20120415,576,4,3,Medium,Regular Air,36,313.83,0.08,56.78,8.69,2.99,0.18092597903323457,2
6276,44422,20120413,20120415,576,4,164,Medium,Regular Air,11,201.5945,0.04,32.31,20.99,0.99,0.16027222964912238,2
6300,44609,20110618,20110623,404,4,93,Low,Regular Air,28,525.4,0.08,126.49,19.84,4.1,0.2407499048344119,5
6301,44609,20110618,20110622,404,4,476,Low,Express Air,37,61.77,0.04,12.65,1.48,0.7,0.20479197021207707,4
6339,44935,20101117,20101120,493,4,675,High,Regular Air,37,99.65,0.01,27.0,2.62,0.8,0.27094831911690914,3
6361,45127,20121230,20121230,475,4,476,Medium,Regular Air,10,14.15,0.1,-1.29,1.48,0.7,-0.0911660777385159,0
6398,45413,20100608,20100609,339,4,1211,High,Regular Air,18,85.74,0.03,-73.57,4.38,6.21,-0.858059248891999,1
6399,45413,20100608,20100609,339,4,352,High,Regular Air,17,2031.98,0.05,778.6,120.98,9.07,0.38317306272699536,1
6400,45413,20100608,20100608,339,4,14,High,Regular Air,24,131.94,0.04,2.32,5.28,2.99,0.017583750189480066,0
6412,45571,20120923,20120924,613,4,273,Medium,Regular Air,43,528.53,0.05,-7.24,12.21,4.81,-0.013698370953399052,1
6413,45571,20120923,20120925,613,4,20,Medium,Regular Air,47,5975.0495,0.06,1417.23,155.99,8.99,0.23719134042320486,2
6414,45571,20120923,20120925,613,4,169,Medium,Regular Air,44,720.52,0.1,-36.79,17.98,8.51,-0.051060345306167765,2
6416,45575,20120412,20120412,339,4,739,Critical,Regular Air,46,3849.17,0.06,1982.78,83.98,5.01,0.5151188438026899,0
6442,45794,20110924,20110926,613,4,435,Critical,Regular Air,28,1208.35,0.0,145.54,39.99,10.25,0.12044523523813465,2
6445,45860,20120812,20120812,326,4,444,Low,Regular Air,12,69.97,0.01,24.25,5.43,0.95,0.3465771044733457,0
6464,46021,20090302,20090304,475,4,748,High,Delivery Truck,1,199.48,0.08,-120.24,170.98,35.89,-0.6027671947062362,2
6483,46147,20110115,20110117,582,4,203,Critical,Regular Air,37,925.8,0.01,30.69,24.92,12.98,0.03314970836033701,2
6484,46147,20110115,20110117,582,4,311,Critical,Express Air,39,282.48,0.08,-87.01,7.1,6.05,-0.30802180685358255,2
6485,46147,20110115,20110117,582,4,481,Critical,Delivery Truck,12,6502.46,0.09,261.66,550.98,64.59,0.040240155264315354,2
6490,46211,20100611,20100618,595,4,502,Low,Regular Air,47,1243.52,0.08,360.94,26.48,6.93,0.2902566906845085,7
6493,46241,20090314,20090316,606,4,845,Not Specified,Regular Air,34,1932.58,0.1,356.48,62.18,10.84,0.1844580819422741,2
6497,46244,20090702,20090703,493,4,759,Medium,Delivery Truck,10,601.57,0.09,-247.25,60.98,30.0,-0.4110078627591136,1
6498,46244,20090702,20090704,493,4,814,Medium,Regular Air,9,157.42,0.05,-18.68,17.48,1.99,-0.11866344810062254,2
6501,46305,20110730,20110803,598,4,1197,Low,Regular Air,30,299.66,0.08,-18.25,10.44,5.75,-0.0609023560034706,4
6514,46372,20110226,20110226,152,4,843,High,Regular Air,7,375.57,0.02,12.71,52.4,16.11,0.03384189365497777,0
6515,46372,20110226,20110227,152,4,10,High,Regular Air,15,81.97,0.07,-81.33,4.98,8.33,-0.9921922654629742,1
6562,46656,20090716,20090717,607,4,203,High,Regular Air,27,636.7,0.1,-29.91,24.92,12.98,-0.046976598083869954,1
6567,46721,20090913,20090914,586,4,1140,Medium,Regular Air,17,142.94,0.03,-129.56,7.38,11.51,-0.9063942913110397,1
6568,46721,20090913,20090914,586,4,952,Medium,Regular Air,35,240.61,0.05,-133.12,6.48,7.91,-0.5532604629899006,1
6569,46721,20090913,20090914,586,4,96,Medium,Regular Air,17,1912.76,0.03,71.56,111.03,8.64,0.037411907400823945,1
6579,46852,20120128,20120130,573,4,874,Not Specified,Express Air,46,1591.89,0.02,-117.31,34.98,7.53,-0.07369227773275791,2
6580,46852,20120128,20120129,573,4,24,Not Specified,Regular Air,44,220.07,0.01,-158.42,4.89,4.93,-0.7198618621347752,1
6597,46949,20100307,20100308,582,4,919,High,Regular Air,37,319.39,0.03,-39.33,8.46,3.62,-0.12314098750743604,1
6598,46951,20111117,20111118,600,4,757,Critical,Regular Air,26,2379.3285,0.09,284.59,115.99,5.92,0.11960937718352047,1
6614,47075,20111017,20111019,582,4,550,Medium,Delivery Truck,42,4346.98,0.05,10.22,100.98,35.84,0.0023510575157925737,2
6661,47399,20120801,20120801,613,4,14,Low,Regular Air,26,145.76,0.0,5.67,5.28,2.99,0.03889956092206367,0
6673,47493,20090211,20090213,578,4,115,Critical,Delivery Truck,36,9757.48,0.07,-96.05,270.98,50.0,-0.009843730143438674,2
6708,47777,20121125,20121127,602,4,1192,Low,Regular Air,13,87.91,0.05,-27.91,6.68,5.41,-0.3174837902400182,2
6714,47844,20101212,20101214,152,4,567,Critical,Delivery Truck,41,5824.01,0.1,-288.68,150.98,30.0,-0.04956722258375243,2
6732,47941,20090808,20090808,592,4,936,High,Regular Air,15,1187.1525,0.03,33.19,95.99,4.9,0.02795765497693009,0
6795,48423,20121031,20121031,603,4,427,High,Regular Air,49,414.11,0.08,-172.32,8.74,8.29,-0.41612132042211003,0
6857,48837,20110718,20110720,152,4,150,Not Specified,Regular Air,39,4799.7885,0.09,1231.89,155.99,3.9,0.25665505886353124,2
6874,48993,20120531,20120531,594,4,731,Low,Express Air,17,122.42,0.08,-37.04,6.48,6.22,-0.3025649403692207,0
6889,49123,20090225,20090226,582,4,1197,High,Regular Air,31,305.76,0.1,-22.53,10.44,5.75,-0.07368524332810047,1
6890,49123,20090225,20090226,582,4,207,High,Regular Air,3,25.48,0.06,-26.8,8.33,1.99,-1.0518053375196232,1
6903,49220,20110813,20110814,592,4,1212,Critical,Regular Air,13,409.97,0.07,39.36,33.62,3.5,0.09600702490426127,1
6925,49409,20110816,20110817,338,4,1137,High,Regular Air,28,1457.78,0.04,68.23,49.99,19.99,0.04680404450602972,1
6934,49479,20110727,20110729,588,4,362,Medium,Delivery Truck,46,5615.4,0.07,1807.16,120.97,26.3,0.32182213199415893,2
6943,49600,20110307,20110312,538,4,230,Low,Regular Air,33,1692.03,0.1,574.44,54.96,10.75,0.33949752663959865,5
6998,49987,20110119,20110121,152,4,164,High,Regular Air,14,242.284,0.03,51.75,20.99,0.99,0.2135923131531591,2
7037,50242,20100719,20100721,580,4,1044,Not Specified,Regular Air,8,1391.7645,0.08,-426.07,205.99,8.99,-0.30613656261529876,2
7039,50275,20091205,20091206,595,4,108,Medium,Express Air,5,9704.37,0.03,-1565.91,1938.02,13.99,-0.16136132484643514,1
7040,50275,20091205,20091206,595,4,607,Medium,Regular Air,31,211.94,0.05,-56.39,6.48,5.84,-0.26606586769840523,1
7061,50403,20120512,20120513,600,4,646,Not Specified,Regular Air,22,142.88,0.08,35.37,6.98,1.6,0.24755039193729003,1
7065,50405,20110702,20110702,475,4,96,Medium,Regular Air,8,876.01,0.07,-108.0,111.03,8.64,-0.12328626385543544,0
7069,50464,20110927,20110930,338,4,853,Critical,Regular Air,7,105.94,0.07,-13.33,14.45,7.17,-0.1258259392108741,3
7070,50465,20110311,20110313,576,4,294,Medium,Regular Air,29,1337.08,0.1,-953.0,48.91,35.0,-0.7127471804230113,2
7072,50469,20100619,20100620,328,4,169,Not Specified,Regular Air,44,839.19,0.0,76.38,17.98,8.51,0.0910163371822829,1
7118,50789,20110312,20110314,604,4,244,Not Specified,Regular Air,23,8673.9,0.1,3440.05,387.99,19.99,0.39659783949549804,2
7153,51044,20120118,20120118,577,4,1132,Low,Regular Air,17,155.89,0.1,50.19,9.9,1.39,0.32195779074988773,0
7154,51044,20120118,20120122,577,4,307,Low,Delivery Truck,26,1333.18,0.07,120.01,50.98,14.19,0.0900178520529861,4
7155,51044,20120118,20120125,577,4,794,Low,Regular Air,19,117.27,0.01,35.45,5.84,0.83,0.302293851795003,7
7193,51302,20110824,20110826,604,4,1204,Not Specified,Regular Air,44,167.55,0.03,-223.5,3.75,7.5,-1.333930170098478,2
7203,51392,20091112,20091113,608,4,296,Medium,Regular Air,10,254.89,0.09,-106.58,26.31,5.89,-0.4181411589313037,1
7244,51650,20110601,20110603,609,4,72,High,Regular Air,25,470.11,0.08,91.09,19.98,5.97,0.19376316181319267,2
7245,51650,20110601,20110603,609,4,242,High,Delivery Truck,43,10854.83,0.08,2039.41,270.97,28.06,0.1878804182101424,2
7246,51650,20110601,20110603,609,4,361,High,Regular Air,19,51.23,0.1,-5.29,2.94,0.96,-0.10325980870583643,2
7247,51652,20110409,20110411,609,4,651,Not Specified,Express Air,37,195.51,0.03,95.56,4.98,0.49,0.48877295279013866,2
7248,51652,20110409,20110410,609,4,405,Not Specified,Express Air,38,4992.63,0.07,44.13,140.85,19.99,0.008839028728345582,1
7272,51876,20120306,20120307,588,4,141,Critical,Regular Air,2,95.0555,0.1,-298.17,55.99,5.0,-3.1367990279363114,1
7304,52070,20091201,20091203,338,4,1059,Not Specified,Regular Air,29,67.97,0.06,-109.94,2.28,5.2,-1.617478299249669,2
7313,52160,20110703,20110706,19,4,304,Critical,Express Air,5,15.6,0.09,1.67,2.18,0.78,0.10705128205128205,3
7314,52160,20110703,20110705,19,4,442,Critical,Regular Air,6,631.499,0.09,-403.02,125.99,8.08,-0.6381957849497781,2
7333,52258,20090210,20090217,576,4,138,Low,Regular Air,5,63.85,0.04,40.44,12.22,2.85,0.6333594361785434,7
7378,52608,20090121,20090125,606,4,1081,Low,Regular Air,36,147.71,0.05,40.04,3.98,0.7,0.27107169453659197,4
7382,52640,20110101,20110104,583,4,1213,Medium,Express Air,18,1163.75,0.05,222.17,63.98,19.99,0.19090870032223414,3
7482,53412,20090915,20090916,590,4,1193,Critical,Regular Air,45,2544.73,0.02,375.87,54.2,11.1,0.1477052575322333,1
7504,53568,20100628,20100629,595,4,302,Medium,Delivery Truck,34,4281.13,0.05,-1446.08,122.99,70.2,-0.33777997865049647,1
7546,53956,20110808,20110809,378,4,130,High,Regular Air,43,1779.87,0.01,311.72,40.99,17.48,0.17513638636529638,1
7601,54371,20120215,20120215,605,4,295,Not Specified,Regular Air,28,115.02,0.0,46.3,3.78,0.71,0.40253868892366546,0
7602,54371,20120215,20120217,605,4,1214,Not Specified,Regular Air,7,118.63,0.05,6.3,16.74,5.08,0.05310629688948833,2
7605,54436,20090919,20090919,605,4,65,High,Express Air,17,705.85,0.04,151.67,39.48,1.99,0.21487568180208258,0
7606,54436,20090919,20090920,605,4,483,High,Regular Air,37,321.3,0.0,-47.23,8.12,2.83,-0.1469965764083411,1
7608,54464,20090901,20090903,203,4,67,High,Regular Air,11,227.41,0.06,44.29,19.98,10.49,0.19475836594696802,2
7609,54464,20090901,20090902,203,4,1099,High,Regular Air,50,87.44,0.08,-184.6,1.76,4.86,-2.1111619396157364,1
7613,54468,20091214,20091215,571,4,282,High,Regular Air,15,40.75,0.03,12.76,2.61,0.5,0.3131288343558282,1
7614,54468,20091214,20091215,571,4,417,High,Regular Air,35,424.09,0.01,-114.18,11.66,7.95,-0.2692353038270179,1
7649,54819,20091010,20091015,470,4,1112,Low,Regular Air,10,53.32,0.07,-20.68,4.97,5.71,-0.3878469617404351,5
7650,54819,20091010,20091012,470,4,675,Low,Regular Air,26,64.03,0.09,11.42,2.62,0.8,0.1783538966109636,2
7651,54819,20091010,20091010,470,4,858,Low,Regular Air,46,2710.5055,0.03,624.12,65.99,8.8,0.23025963238222535,0
7654,54882,20110206,20110209,338,4,651,Critical,Regular Air,17,86.29,0.02,34.98,4.98,0.49,0.4053772163634256,3
7655,54882,20110206,20110208,338,4,177,Critical,Regular Air,2,86.92,0.03,-43.93,36.55,13.89,-0.5054072710538426,2
7680,55042,20111208,20111210,215,4,1085,High,Express Air,28,1717.88,0.05,513.93,60.97,4.5,0.29916525019209717,2
7681,55042,20111208,20111209,215,4,892,High,Regular Air,38,1978.4345,0.09,471.09,65.99,2.5,0.23811250764177433,1
7683,55046,20090413,20090414,576,4,517,Critical,Express Air,2,29.32,0.08,-12.93,7.28,11.15,-0.4409959072305593,1
7715,55297,20101019,20101021,608,4,471,Medium,Regular Air,29,566.66,0.1,60.59,19.98,8.68,0.10692478735043943,2
7724,55360,20090122,20090124,215,4,349,Medium,Regular Air,49,134.83,0.07,50.74,2.89,0.5,0.3763257435288882,2
7725,55360,20090122,20090123,215,4,905,Medium,Delivery Truck,39,8865.1,0.0,1517.12,217.85,29.1,0.17113399736043586,1
7772,55623,20121005,20121006,19,4,1110,Critical,Delivery Truck,47,10348.73,0.09,1094.57,227.55,32.48,0.10576853391672214,1
7774,55650,20111021,20111023,597,4,280,Low,Regular Air,41,1258.97,0.1,-112.58,32.98,5.5,-0.0894223055354774,2
7776,55651,20120307,20120310,191,4,266,Medium,Regular Air,41,830.53,0.01,120.69,20.24,8.99,0.14531684586950502,3
7777,55651,20120307,20120308,191,4,422,Medium,Regular Air,2,79.93,0.0,-52.73,27.75,19.99,-0.659702239459527,1
7876,56322,20110930,20111002,573,4,692,Medium,Regular Air,26,799.84,0.08,64.13,31.11,3.6,0.08017853570714142,2
7877,56322,20110930,20111002,573,4,442,Medium,Regular Air,16,1689.137,0.07,71.06,125.99,8.08,0.04206881975825525,2
7918,56608,20091118,20091120,577,4,79,Critical,Regular Air,23,42.23,0.1,-15.11,1.89,0.76,-0.3578025100639356,2
7920,56612,20090722,20090722,203,4,757,High,Regular Air,38,4008.7275,0.0,1219.34,115.99,5.92,0.30417133616590303,0
7956,56835,20100220,20100220,615,4,553,Not Specified,Regular Air,1,10.94,0.1,-5.16,9.11,2.25,-0.4716636197440585,0
7975,57058,20120509,20120509,19,4,578,Medium,Express Air,28,205.43,0.0,-24.3,6.54,5.27,-0.11828846809132064,0
7976,57058,20120509,20120510,19,4,1123,Medium,Regular Air,27,979.06,0.07,-131.9,35.77,9.02,-0.13472105897493517,1
8055,57506,20090213,20090213,576,4,1215,Medium,Regular Air,48,332.55,0.1,-66.87,7.28,5.47,-0.20108254397834913,0
8072,57574,20120723,20120724,594,4,1001,Critical,Delivery Truck,20,466.36,0.07,-192.7,23.99,15.68,-0.4132001029247791,1
8076,57602,20120517,20120526,609,4,1020,Low,Regular Air,43,130.36,0.02,58.52,2.88,0.5,0.4489107088063823,9
8112,57921,20100818,20100818,493,4,279,Medium,Regular Air,8,45.24,0.01,-42.12,4.98,4.62,-0.9310344827586206,0
8113,57921,20100818,20100820,493,4,312,Medium,Regular Air,7,148.05,0.08,-45.94,21.38,8.99,-0.31030057413036133,2
8115,57958,20090228,20090301,583,4,720,Critical,Express Air,46,1419.83,0.07,385.8,30.98,8.74,0.27172267102399583,1
8127,58086,20110310,20110311,493,4,518,Medium,Regular Air,27,154.62,0.04,-118.6,5.53,6.98,-0.7670417798473677,1
8128,58086,20110310,20110311,493,4,297,Medium,Regular Air,31,1638.2,0.1,471.22,55.98,13.88,0.287644976193383,1
8141,58182,20090220,20090222,604,4,392,High,Express Air,24,479.13,0.05,166.92,19.23,6.15,0.34838144136246946,2
8160,58342,20110401,20110401,613,4,559,High,Regular Air,40,1718.87,0.02,754.1,40.98,1.99,0.43871846038385687,0
8279,59174,20100101,20100103,596,4,345,Medium,Express Air,6,1193.1,0.09,-139.5,204.1,13.99,-0.11692230324365101,2
8308,59361,20120829,20120831,606,4,450,High,Regular Air,45,1008.34,0.09,218.65,23.99,6.3,0.21684154154352697,2
8310,59365,20091207,20091209,599,4,1184,Medium,Delivery Truck,1,534.3,0.05,-1220.91,535.64,14.7,-2.2850645704660306,2
8326,59492,20121031,20121101,612,4,680,Not Specified,Regular Air,25,170.4,0.02,-153.75,6.48,10.05,-0.9022887323943661,1
8350,59684,20101229,20110115,575,4,414,Medium,Delivery Truck,50,9059.9,0.07,778.01,180.98,55.24,0.08587401626949526,17
8351,59684,20101229,20110116,575,4,1090,Medium,Express Air,41,368.17,0.0,-15.12,8.32,2.38,-0.04106798489828068,18
8352,59684,20101229,20110117,575,4,1028,Medium,Regular Air,3,14.46,0.06,-5.26,4.2,2.26,-0.36376210235131395,19
8353,59684,20101229,20101230,575,4,597,Medium,Regular Air,25,168.39,0.03,-144.89,6.48,9.68,-0.8604430191816617,1
38,229,20101228,20101229,616,11,203,Critical,Regular Air,24,599.1,0.02,3.82,24.92,12.98,0.006376231013186445,1
82,512,20110519,20110519,617,11,87,Low,Regular Air,6,1309.53,0.06,19.18,218.08,18.06,0.014646476216657885,0
83,512,20110519,20110521,617,11,1119,Low,Express Air,48,806.37,0.01,-166.4,15.42,10.68,-0.20635688331659163,2
197,1287,20090704,20090706,618,11,1064,High,Regular Air,39,3908.65,0.06,480.57,105.29,10.12,0.12295037928696609,2
277,1895,20090529,20090531,618,11,952,Medium,Regular Air,5,41.25,0.02,-23.25,6.48,7.91,-0.5636363636363636,2
290,2023,20120505,20120505,617,11,633,Low,Regular Air,4,294.89,0.09,-321.84,73.98,12.14,-1.0913900098341753,0
291,2023,20120505,20120507,617,11,921,Low,Regular Air,50,246.57,0.06,-132.51,4.98,5.49,-0.5374133106217301,2
372,2593,20100903,20100905,619,11,461,High,Express Air,5,2004.12,0.1,276.68,420.98,19.99,0.13805560545276732,2
373,2593,20100903,20100904,619,11,131,High,Delivery Truck,15,3841.72,0.03,691.13,243.98,43.32,0.179901190091938,1
501,3461,20100130,20100201,620,11,733,Critical,Regular Air,47,2053.379,0.1,1040.4,55.99,1.25,0.5066770430592696,2
502,3461,20100130,20100201,620,11,1154,Critical,Regular Air,35,3206.3955,0.08,784.77,115.99,2.5,0.2447514662492509,2
517,3554,20110616,20110625,172,11,47,Low,Regular Air,25,288.91,0.08,-14.06,12.28,6.47,-0.04866567443148385,9
610,4166,20100227,20100227,579,11,311,Low,Regular Air,19,138.85,0.08,-49.35,7.1,6.05,-0.3554195174648902,0
712,5059,20101109,20101111,621,11,1216,High,Express Air,5,41.18,0.1,-19.31,5.44,7.46,-0.4689169499757163,2
730,5254,20120725,20120727,622,11,893,Not Specified,Regular Air,31,1735.3515,0.08,258.62,65.99,8.99,0.14903032613277484,2
784,5575,20110723,20110723,623,11,1037,Low,Regular Air,41,254.69,0.06,-269.37,5.98,10.39,-1.05763869802505,0
823,5954,20121202,20121204,172,11,1217,Critical,Delivery Truck,32,18316.3,0.06,4569.06,596.98,14.7,0.24945321926371597,2
840,6018,20120818,20120820,624,11,708,Low,Regular Air,39,206.09,0.0,36.04,5.08,2.03,0.17487505458780145,2
841,6018,20120818,20120823,624,11,297,Low,Regular Air,2,124.25,0.07,-55.78,55.98,13.88,-0.44893360160965795,5
881,6336,20110828,20110830,625,11,311,High,Express Air,43,320.26,0.01,-84.13,7.1,6.05,-0.2626928120901767,2
1037,7559,20101012,20101014,579,11,44,Critical,Regular Air,9,90.37,0.05,-374.82,4.48,49.0,-4.1476153590793405,2
1038,7559,20101012,20101013,579,11,125,Critical,Regular Air,39,806.05,0.04,-63.39,20.95,5.99,-0.07864276409652007,1
1091,8007,20120211,20120211,169,11,285,Low,Regular Air,35,3332.06,0.09,412.63,99.99,19.99,0.12383630546868904,0
1100,8070,20120128,20120129,623,11,608,Medium,Regular Air,14,622.72,0.0,76.51,40.97,8.99,0.12286420863309352,1
1131,8259,20090418,20090418,616,11,668,Medium,Delivery Truck,25,2130.22,0.09,-584.6,89.99,42.0,-0.27443174883345384,0
1180,8642,20100116,20100117,579,11,770,High,Regular Air,26,151.05,0.09,-76.14,5.8,5.59,-0.5040714995034756,1
1181,8642,20100116,20100117,579,11,993,High,Regular Air,13,133.04,0.04,49.69,10.35,0.99,0.3734966927239928,1
1200,8803,20121220,20121221,622,11,220,Not Specified,Regular Air,6,1184.11,0.07,-145.07,193.17,19.99,-0.1225139556291223,1
1201,8803,20121220,20121223,622,11,143,Not Specified,Regular Air,17,514.22,0.02,187.37,30.56,2.99,0.3643771148535646,3
1287,9383,20090316,20090318,619,11,378,Not Specified,Regular Air,11,82.42,0.07,18.53,7.59,4.0,0.2248240718272264,2
1418,10278,20110912,20110919,623,11,523,Low,Delivery Truck,25,1907.71,0.0,32.55,70.98,26.74,0.017062341760540122,7
1515,10949,20090330,20090331,626,11,792,Medium,Delivery Truck,46,3449.26,0.1,252.77,80.97,30.06,0.07328238520726185,1
1569,11335,20091021,20091022,169,11,651,High,Regular Air,3,14.84,0.08,-2.42,4.98,0.49,-0.16307277628032343,1
1570,11335,20091021,20091023,169,11,835,High,Delivery Truck,8,922.47,0.09,-13.1,119.99,14.0,-0.01420100382668271,2
1719,12355,20110528,20110529,172,11,443,Not Specified,Regular Air,36,209.53,0.03,-81.06,5.78,5.67,-0.386865842600105,1
1720,12355,20110528,20110529,172,11,271,Not Specified,Regular Air,14,225.47,0.0,-29.07,14.97,7.51,-0.12893067813899853,1
1834,13127,20100731,20100803,617,11,459,Medium,Delivery Truck,13,951.31,0.06,-333.07,68.81,60.0,-0.35011720679904557,3
2092,14978,20100527,20100528,621,11,186,Critical,Delivery Truck,14,12043.88,0.07,2011.31,880.98,44.55,0.16699850878620512,1
2093,14978,20100527,20100528,621,11,28,Critical,Regular Air,14,195.12,0.0,-6.32,13.48,4.51,-0.03239032390323903,1
2187,15751,20090815,20090816,169,11,651,Critical,Regular Air,37,189.6,0.02,89.65,4.98,0.49,0.4728375527426161,1
2188,15751,20090815,20090816,169,11,924,Critical,Regular Air,21,397.732,0.01,-26.05,20.99,0.99,-0.06549636438606901,1
2197,15815,20090501,20090503,618,11,972,Critical,Regular Air,43,528.6,0.01,52.59,11.7,5.63,0.09948921679909194,2
2198,15815,20090501,20090501,618,11,394,Critical,Regular Air,24,107.41,0.03,20.68,4.55,1.49,0.19253328367935946,0
2322,16737,20110620,20110621,624,11,881,Not Specified,Regular Air,15,1390.49,0.01,366.8,90.48,19.99,0.26379190069687664,1
2366,17124,20091025,20091026,622,11,546,Critical,Express Air,39,128.31,0.05,-55.72,3.14,1.92,-0.4342607746863066,1
2429,17666,20100908,20100910,617,11,910,Medium,Regular Air,19,82.56,0.01,21.74,4.0,1.3,0.2633236434108527,2
2430,17666,20100908,20100908,617,11,235,Medium,Regular Air,11,141.07,0.08,-5.1,12.98,3.14,-0.0361522648330616,0
2636,19075,20090926,20090927,625,11,88,Critical,Regular Air,36,1841.6,0.01,12.95,50.98,6.5,0.007031928757602085,1
2927,21220,20121222,20121225,623,11,362,Not Specified,Delivery Truck,4,476.31,0.07,-258.08,120.97,26.3,-0.5418320001679579,3
2991,21600,20100404,20100411,626,11,89,Low,Regular Air,17,169.48,0.03,48.55,10.14,2.27,0.28646447958461174,7
3082,22117,20100812,20100813,623,11,119,Critical,Express Air,16,581.52,0.03,175.16,35.44,7.5,0.30121062044297703,1
3083,22117,20100812,20100815,623,11,429,Critical,Regular Air,5,19.17,0.1,-16.42,3.28,3.97,-0.856546687532603,3
3099,22211,20111003,20111005,616,11,1218,Not Specified,Regular Air,30,943.44,0.08,-89.98,30.98,19.99,-0.09537437462901721,2
3100,22211,20111003,20111004,616,11,564,Not Specified,Delivery Truck,47,14493.84,0.0,634.76,376.13,85.63,0.04379515711502266,1
3119,22404,20101116,20101123,625,11,87,Low,Regular Air,35,7264.64,0.06,1845.68,218.08,18.06,0.2540635186327196,7
3266,23362,20100827,20100829,621,11,67,Medium,Regular Air,45,852.05,0.1,-20.6,19.98,10.49,-0.02417698491872543,2
3275,23399,20101229,20101229,621,11,28,High,Express Air,14,209.3,0.01,7.86,13.48,4.51,0.03755375059722886,0
3326,23781,20111031,20111102,626,11,607,Critical,Regular Air,30,200.24,0.0,-59.85,6.48,5.84,-0.2988913304035158,2
3332,23812,20120727,20120727,624,11,187,Critical,Delivery Truck,32,5845.82,0.1,2227.89,200.97,15.59,0.38110821065308204,0
3399,24199,20090616,20090617,621,11,413,Critical,Regular Air,16,706.53,0.0,-314.42,40.48,19.99,-0.4450200274581405,1
3534,25155,20100120,20100127,619,11,253,Low,Regular Air,48,1038.99,0.0,-180.45,19.94,14.87,-0.17367828371784136,7
3535,25155,20100120,20100127,619,11,898,Low,Regular Air,17,114.01,0.08,6.99,6.69,3.1,0.061310411367423906,7
3536,25155,20100120,20100125,619,11,921,Low,Express Air,3,30.37,0.01,-1.74,4.98,5.49,-0.0572933816266052,5
3648,26084,20121016,20121021,579,11,962,Low,Express Air,33,228.82,0.03,-107.0,6.68,7.3,-0.4676164670920374,5
3654,26146,20091011,20091018,619,11,1219,Low,Regular Air,13,1351.76,0.03,107.31,104.65,18.93,0.07938539385689768,7
3655,26146,20091011,20091020,619,11,417,Low,Regular Air,49,595.4,0.03,-148.85,11.66,7.95,-0.25,9
3715,26529,20110128,20110201,627,11,589,Low,Delivery Truck,41,12125.14,0.08,3376.03,297.64,14.7,0.27843224902970193,4
3736,26693,20100821,20100823,622,11,512,Medium,Express Air,44,2094.978,0.06,697.29,55.99,1.25,0.3328388174004691,2
3775,26948,20111122,20111123,308,11,7,High,Regular Air,38,273.89,0.05,-160.4,7.3,7.72,-0.5856365694256819,1
3777,26951,20100408,20100409,628,11,222,Not Specified,Regular Air,3,451.81,0.05,-318.59,150.98,13.99,-0.7051415417985436,1
3812,27141,20100204,20100205,579,11,1175,Not Specified,Regular Air,25,495.8,0.03,107.82,19.04,6.38,0.21746672045179505,1
3813,27141,20100204,20100205,579,11,1102,Not Specified,Regular Air,28,1645.51,0.06,300.34,59.76,9.71,0.1825209205656605,1
3832,27302,20120912,20120912,169,11,494,Low,Regular Air,16,237.54,0.04,29.76,13.79,8.78,0.12528416266734024,0
3833,27302,20120912,20120912,169,11,84,Low,Regular Air,3,143.5,0.08,-27.51,48.91,5.81,-0.19170731707317074,0
3843,27426,20100223,20100225,622,11,756,Low,Regular Air,41,438.66,0.01,58.86,9.99,4.78,0.13418137053754614,2
3844,27426,20100223,20100302,622,11,418,Low,Express Air,32,416.99,0.02,-93.62,12.88,4.59,-0.22451377730880837,7
3898,27810,20100128,20100130,192,11,337,High,Express Air,32,216.51,0.02,109.29,6.3,0.5,0.5047803796591382,2
4016,28674,20110815,20110816,620,11,443,High,Regular Air,26,161.96,0.0,-51.12,5.78,5.67,-0.31563348975055566,1
4025,28742,20120429,20120429,623,11,624,Low,Regular Air,35,587.92,0.09,-7.92,16.91,6.25,-0.013471220574227788,0
4026,28742,20120429,20120506,623,11,564,Low,Delivery Truck,7,2171.464,0.04,-209.56,376.13,85.63,-0.0965063201600395,7
4028,28772,20090206,20090207,629,11,18,High,Regular Air,16,950.464,0.02,-763.8,71.37,69.0,-0.8036075011783718,1
4029,28772,20090206,20090208,629,11,783,High,Express Air,4,705.687,0.03,-803.08,205.99,8.99,-1.1380116113801162,2
4087,29152,20110723,20110727,626,11,814,Low,Regular Air,3,58.63,0.0,-40.86,17.48,1.99,-0.6969128432543066,4
4088,29152,20110723,20110723,626,11,959,Low,Regular Air,13,94.99,0.06,-106.29,6.98,9.69,-1.118959890514791,0
4177,29639,20110417,20110419,579,11,270,Critical,Regular Air,8,22.37,0.04,-14.09,2.6,2.4,-0.6298614215467143,2
4275,30407,20090417,20090417,579,11,1127,Low,Regular Air,41,17853.64,0.02,6227.33,419.19,19.99,0.34879890039230094,0
4378,31175,20090926,20090929,622,11,72,Critical,Express Air,26,539.66,0.0,147.08,19.98,5.97,0.27254197087054816,3
4565,32455,20100923,20100924,616,11,219,High,Regular Air,43,4620.53,0.0,1025.23,99.99,19.99,0.22188580097954133,1
4566,32484,20110204,20110205,622,11,71,Not Specified,Delivery Truck,9,2502.67,0.1,-198.8,300.98,64.73,-0.07943516324565364,1
4835,34402,20100502,20100504,618,11,74,High,Regular Air,38,3016.85,0.05,-967.67,80.98,35.0,-0.3207550922319638,2
4836,34402,20100502,20100505,618,11,605,High,Express Air,11,48.5,0.07,23.88,3.15,0.5,0.49237113402061855,3
4880,34723,20121209,20121211,630,11,201,Medium,Delivery Truck,4,6095.14,0.06,-3001.28,1500.97,29.7,-0.49240542464980297,2
4881,34723,20121209,20121212,630,11,792,Medium,Delivery Truck,46,3776.28,0.06,579.79,80.97,30.06,0.15353469552045926,3
4882,34723,20121209,20121211,630,11,893,Medium,Regular Air,29,1487.8995,0.09,79.32,65.99,8.99,0.05331005219102499,2
4887,34757,20120528,20120530,630,11,731,High,Express Air,40,250.6,0.1,-107.06,6.48,6.22,-0.4272146847565842,2
4905,34913,20111122,20111124,622,11,964,Medium,Regular Air,15,107.63,0.0,-29.89,6.81,5.48,-0.2777106754622317,2
4938,35136,20091008,20091009,616,11,857,Critical,Regular Air,23,68.73,0.07,17.17,2.94,0.81,0.24981812891022845,1
4961,35299,20120810,20120812,621,11,219,Not Specified,Regular Air,41,4359.0,0.02,907.67,99.99,19.99,0.20822895159440238,2
5145,36676,20110825,20110827,618,11,704,Not Specified,Delivery Truck,32,3046.01,0.08,998.65,100.97,14.0,0.32785512851238174,2
5146,36676,20110825,20110826,618,11,1073,Not Specified,Regular Air,15,353.52,0.04,51.53,22.84,8.18,0.14576261597646528,1
5155,36708,20110919,20110921,622,11,1220,Not Specified,Regular Air,46,636.5,0.01,-71.98,12.99,9.44,-0.11308719560094266,2
5156,36708,20110919,20110921,622,11,45,Not Specified,Regular Air,25,2614.3705,0.07,384.01,125.99,7.69,0.1468843073313442,2
5181,36835,20091020,20091022,622,11,689,Critical,Regular Air,39,12073.06,0.03,5081.87,315.98,19.99,0.42092642627469756,2
5182,36835,20091020,20091021,622,11,68,Critical,Regular Air,25,6685.05,0.09,1653.6,276.2,24.49,0.2473579105616263,1
5183,36835,20091020,20091021,622,11,309,Critical,Regular Air,18,1175.53,0.03,257.59,63.94,14.48,0.21912669179008615,1
5218,37127,20101002,20101003,619,11,1024,High,Regular Air,19,178.44,0.03,50.13,9.11,2.15,0.2809347679892401,1
5288,37667,20111202,20111203,616,11,637,High,Regular Air,31,472.35,0.03,61.68,14.48,6.46,0.13058113686884726,1
5316,37825,20090722,20090724,308,11,166,Low,Regular Air,44,505.01,0.06,-43.52,11.97,4.98,-0.08617651135621078,2
5317,37825,20090722,20090729,308,11,646,Low,Regular Air,41,286.75,0.06,98.44,6.98,1.6,0.34329555361813424,7
5326,37861,20111228,20111230,579,11,38,Not Specified,Regular Air,32,980.07,0.09,337.25,30.98,5.76,0.34410807391308784,2
5342,37926,20090908,20090910,623,11,769,Critical,Regular Air,31,353.25,0.02,60.06,11.55,2.36,0.1700212314225053,2
5385,38304,20110322,20110324,627,11,338,High,Regular Air,7,30.1,0.09,-28.31,3.58,5.47,-0.940531561461794,2
5495,38978,20090803,20090805,629,11,741,Low,Delivery Truck,24,4547.26,0.0,468.27,180.98,30.0,0.10297849694101502,2
5543,39267,20100118,20100120,617,11,562,High,Regular Air,26,430.33,0.08,85.48,17.78,5.03,0.19863825436293078,2
5544,39267,20100118,20100119,617,11,159,High,Regular Air,46,1221.47,0.09,-233.14,28.28,13.99,-0.19086837990290387,1
5738,40772,20120213,20120214,627,11,623,Critical,Regular Air,15,128.27,0.0,22.85,7.89,2.82,0.1781398612302175,1
5765,40928,20090912,20090917,579,11,56,Low,Regular Air,4,292.3405,0.01,-420.59,85.99,0.99,-1.4386990512775342,5
5812,41216,20090701,20090702,628,11,837,Not Specified,Regular Air,8,253.26,0.02,49.66,29.17,6.27,0.1960830766800916,1
5813,41216,20090701,20090703,628,11,103,Not Specified,Delivery Truck,45,6865.072,0.0,1117.24,179.29,29.21,0.16274264858402068,2
5966,42310,20090721,20090722,192,11,1044,Critical,Regular Air,20,3361.7585,0.04,394.35,205.99,8.99,0.11730467848895156,1
5983,42403,20090620,20090621,629,11,246,Not Specified,Regular Air,38,117.84,0.04,30.76,3.08,0.99,0.2610319076714189,1
5984,42403,20090620,20090621,629,11,365,Not Specified,Regular Air,47,121.2,0.1,-20.2,2.78,1.25,-0.16666666666666666,1
6089,43138,20120314,20120318,308,11,143,Low,Regular Air,43,1334.05,0.06,581.77,30.56,2.99,0.43609309995877216,4
6090,43138,20120314,20120316,308,11,1158,Low,Delivery Truck,50,6552.86,0.07,-692.82,137.48,32.18,-0.10572788065058616,2
6098,43206,20090823,20090824,619,11,753,Medium,Express Air,16,587.88,0.0,135.37,35.41,1.99,0.23026808192148057,1
6099,43207,20100609,20100613,192,11,945,Low,Regular Air,45,2207.9,0.02,579.76,49.34,10.25,0.2625843561755514,4
6100,43207,20100609,20100616,192,11,1221,Low,Regular Air,41,139.93,0.05,-3.06,3.28,1.95,-0.02186807689559065,7
6101,43207,20100609,20100611,192,11,817,Low,Regular Air,8,15.45,0.05,-7.75,1.81,1.56,-0.5016181229773463,2
6160,43650,20090323,20090324,622,11,984,Not Specified,Regular Air,3,1759.65,0.06,-2213.75,599.99,24.49,-1.2580626829198989,1
6161,43650,20090323,20090325,622,11,393,Not Specified,Regular Air,7,88.59,0.05,-26.29,11.97,5.81,-0.2967603566994017,2
6253,44290,20100321,20100323,616,11,592,Medium,Regular Air,49,508.38,0.06,4.68,10.4,5.4,0.009205712262480821,2
6254,44290,20100321,20100323,616,11,718,Medium,Regular Air,28,281.09,0.01,-114.58,9.06,9.86,-0.4076274502828276,2
6255,44290,20100321,20100323,616,11,977,Medium,Regular Air,41,276.65,0.02,-75.28,6.48,5.87,-0.27211277787818544,2
6304,44613,20100830,20100831,630,11,883,High,Regular Air,34,1911.69,0.07,939.43,55.98,5.15,0.4914133567680952,1
6305,44613,20100830,20100831,630,11,52,High,Regular Air,17,120.751,0.03,-71.39,7.99,5.03,-0.5912166358870734,1
6306,44613,20100830,20100831,630,11,1115,High,Regular Air,45,245.55,0.03,-227.25,5.28,8.16,-0.9254734270006109,1
6344,44965,20111002,20111006,616,11,476,Low,Regular Air,19,28.82,0.0,2.16,1.48,0.7,0.07494795281054824,4
6345,44965,20111002,20111006,616,11,1222,Low,Regular Air,45,75.39,0.05,-4.83,1.68,0.7,-0.06406685236768803,4
6435,45733,20101206,20101207,169,11,291,Critical,Regular Air,39,851.17,0.07,-131.28,22.38,15.1,-0.1542347592137881,1
6448,45893,20110526,20110527,579,11,766,High,Regular Air,15,68.03,0.05,8.87,4.49,1.49,0.1303836542701749,1
6476,46113,20091202,20091203,629,11,355,Not Specified,Express Air,18,2567.13,0.02,945.54,136.98,24.49,0.36832571782496404,1
6507,46311,20110725,20110725,616,11,395,High,Regular Air,42,1244.01,0.0,539.57,28.48,1.99,0.43373445551080786,0
6508,46311,20110725,20110726,616,11,485,High,Regular Air,42,981.73,0.03,388.23,22.23,3.63,0.39545496215863835,1
6509,46311,20110725,20110727,616,11,836,High,Regular Air,44,302.07,0.0,-185.98,6.48,8.4,-0.6156851061012348,2
6660,47398,20110617,20110619,616,11,90,Medium,Delivery Truck,6,1307.184,0.03,-184.06,262.11,62.74,-0.14080649701954737,2
6685,47554,20100313,20100313,619,11,307,Low,Delivery Truck,9,436.3,0.08,-50.31,50.98,14.19,-0.11531056612422645,0
6686,47554,20100313,20100320,619,11,378,Low,Regular Air,47,364.23,0.01,41.58,7.59,4.0,0.11415863602668642,7
6757,48135,20090419,20090419,308,11,594,High,Regular Air,40,750.14,0.02,93.68,17.67,8.99,0.12488335510704669,0
6917,49346,20110505,20110508,623,11,138,Not Specified,Regular Air,8,94.35,0.1,42.22,12.22,2.85,0.44748277689454163,3
6918,49346,20110505,20110506,623,11,1124,Not Specified,Regular Air,50,276.75,0.04,-117.91,5.28,5.57,-0.4260523938572719,1
6954,49735,20090923,20090924,618,11,1085,Not Specified,Regular Air,32,1929.19,0.04,570.67,60.97,4.5,0.29580808525858,1
7020,50087,20100515,20100517,579,11,340,Not Specified,Regular Air,17,58.86,0.03,6.96,3.29,1.35,0.11824668705402651,2
7071,50466,20120628,20120630,624,11,228,Critical,Express Air,32,6892.07,0.05,2754.16,223.98,15.01,0.3996128884355498,2
7078,50501,20090529,20090531,619,11,450,High,Regular Air,31,801.45,0.01,227.59,23.99,6.3,0.28397279930126645,2
7123,50818,20121006,20121008,630,11,1044,Medium,Regular Air,34,5518.5315,0.1,1111.26,205.99,8.99,0.2013687880553006,2
7130,50852,20110612,20110613,629,11,1140,Medium,Regular Air,24,188.47,0.03,-191.23,7.38,11.51,-1.014644240462673,1
7300,52068,20120113,20120113,616,11,14,Not Specified,Regular Air,31,163.27,0.04,-0.62,5.28,2.99,-0.0037973908250137807,0
7301,52068,20120113,20120113,616,11,666,Not Specified,Delivery Truck,47,24559.91,0.01,7358.66,517.48,16.63,0.2996208047993661,0
7302,52068,20120113,20120114,616,11,127,Not Specified,Delivery Truck,21,1217.5,0.07,-412.36,58.14,36.61,-0.338694045174538,1
7303,52068,20120113,20120115,616,11,171,Not Specified,Delivery Truck,17,441.53,0.07,-119.55,25.98,14.36,-0.2707630285597808,2
7383,52641,20101008,20101010,192,11,216,Not Specified,Regular Air,6,834.2155,0.02,-449.42,155.99,8.08,-0.5387336965088757,2
7474,53378,20120713,20120714,618,11,1035,Medium,Express Air,50,13934.53,0.1,4352.83,299.99,11.64,0.3123772384142127,1
7475,53378,20120713,20120714,618,11,91,Medium,Regular Air,38,1233.76,0.06,-168.08,33.98,19.99,-0.13623395149786022,1
7476,53378,20120713,20120714,618,11,141,Medium,Regular Air,49,2377.28,0.04,-5.79,55.99,5.0,-0.0024355566025037016,1
7689,55136,20101009,20101011,622,11,725,Critical,Regular Air,29,134.68,0.1,-66.46,4.98,4.7,-0.4934659934659934,2
7780,55655,20120924,20120926,624,11,664,Low,Regular Air,33,3671.1415,0.02,995.09,125.99,8.99,0.2710573809263413,2
7794,55750,20100827,20100829,629,11,147,Critical,Delivery Truck,31,5445.992,0.08,-791.66,218.75,69.64,-0.14536561933987416,2
7841,56064,20091029,20091029,622,11,258,Medium,Regular Air,41,1169.26,0.02,515.62,28.53,1.49,0.4409797649795597,0
7950,56804,20110327,20110329,623,11,286,Critical,Regular Air,41,136.45,0.1,-202.08,3.36,6.27,-1.4809820447050204,2
7951,56804,20110327,20110328,623,11,192,Critical,Regular Air,24,121.81,0.05,-50.21,4.98,4.86,-0.41219932682045807,1
8000,57157,20120226,20120229,169,11,1161,Critical,Regular Air,18,203.57,0.01,-4.84,10.98,3.99,-0.023775605442845214,3
8122,58053,20100108,20100110,620,11,962,Medium,Regular Air,42,287.75,0.02,-136.02,6.68,7.3,-0.4727019982623806,2
8131,58116,20090328,20090329,629,11,171,Critical,Delivery Truck,6,171.77,0.01,-59.88,25.98,14.36,-0.3486056936601269,1
8140,58181,20121007,20121009,622,11,1034,Not Specified,Regular Air,5,36.43,0.04,-22.04,5.98,7.15,-0.6049958825144112,2
8152,58308,20100521,20100521,622,11,127,Not Specified,Delivery Truck,35,2173.26,0.0,-465.66,58.14,36.61,-0.21426796609701554,0
8153,58308,20100521,20100522,622,11,890,Not Specified,Regular Air,20,623.29,0.0,57.44,29.99,5.5,0.09215613919684257,1
8154,58308,20100521,20100523,622,11,1207,Not Specified,Regular Air,2,40.34,0.03,-23.62,16.16,7.74,-0.5855230540406544,2
8157,58339,20090613,20090613,623,11,265,High,Regular Air,9,1608.87,0.07,346.98,177.98,0.99,0.21566689664174238,0
8158,58339,20090613,20090614,623,11,579,High,Express Air,11,37.64,0.01,7.52,2.08,1.49,0.19978746014877788,1
8237,58883,20120812,20120817,169,11,367,Low,Regular Air,36,161.56,0.0,59.67,4.13,0.99,0.36933646942312454,5
8363,59777,20101212,20101213,617,11,1137,High,Express Air,19,917.31,0.05,-139.86,49.99,19.99,-0.1524675409621611,1
87,548,20090920,20090921,631,11,246,Critical,Regular Air,41,129.49,0.04,36.02,3.08,0.99,0.2781681983164723,1
88,548,20090920,20090921,631,11,543,Critical,Regular Air,29,202.95,0.02,-50.64,6.48,5.9,-0.24951958610495198,1
89,548,20090920,20090922,631,11,1087,Critical,Regular Air,26,2753.1925,0.04,510.49,125.99,4.2,0.18541747444103526,2
116,771,20110616,20110617,632,11,751,Critical,Regular Air,18,88.84,0.08,-38.35,4.98,4.72,-0.4316749212066637,1
279,1925,20120304,20120306,87,11,375,Critical,Regular Air,40,909.82,0.02,292.49,22.98,1.99,0.3214811720999758,2
303,2086,20091018,20091020,87,11,938,Critical,Express Air,24,1411.58,0.01,699.31,55.98,4.86,0.49540939939642104,2
304,2086,20091018,20091019,87,11,403,Critical,Regular Air,38,2115.242,0.04,371.41,65.99,8.99,0.17558747415189374,1
305,2086,20091018,20091021,87,11,410,Critical,Regular Air,9,1246.68,0.01,218.48,128.24,12.65,0.1752494625725928,3
912,6560,20110104,20110108,633,11,855,Low,Regular Air,20,169.18,0.09,-18.73,8.67,3.5,-0.11071048587303464,4
913,6560,20110104,20110109,633,11,398,Low,Delivery Truck,37,8252.392,0.04,1853.19,280.98,35.67,0.22456398096454944,5
981,7105,20100621,20100628,87,11,284,Low,Regular Air,17,77.19,0.03,-81.35,4.06,6.89,-1.0538929913201192,7
1052,7776,20090314,20090315,634,11,317,Medium,Delivery Truck,36,7223.59,0.07,1769.81,200.98,23.76,0.24500421535552266,1
1053,7776,20090314,20090314,634,11,103,Medium,Delivery Truck,6,934.216,0.02,-4.34,179.29,29.21,-0.004645606583488187,0
1160,8450,20120413,20120415,235,11,859,Not Specified,Regular Air,24,1307.0,0.02,428.99,54.48,0.99,0.32822494261667945,2
1161,8450,20120413,20120414,235,11,75,Not Specified,Regular Air,22,41.39,0.09,-12.02,1.88,1.49,-0.29040831118627686,1
2241,16164,20120103,20120107,235,11,603,Low,Delivery Truck,26,2354.15,0.03,774.79,90.97,14.0,0.3291166663126818,4
2601,18789,20110316,20110318,635,11,1089,High,Regular Air,50,1558.18,0.0,417.62,30.98,9.18,0.2680178156567277,2
2639,19105,20091028,20091030,633,11,961,High,Regular Air,31,1370.56,0.1,511.51,48.91,5.97,0.3732124095260332,2
2640,19105,20091028,20091028,633,11,584,High,Regular Air,29,172.98,0.08,-59.75,5.98,5.46,-0.3454156549890161,0
2642,19136,20100804,20100806,634,11,542,Not Specified,Regular Air,44,1372.9455,0.0,429.89,35.99,1.25,0.3131151236520313,2
2657,19206,20100330,20100403,634,11,579,Low,Regular Air,40,88.02,0.0,-6.54,2.08,1.49,-0.07430129516019086,4
2658,19206,20100330,20100401,634,11,171,Low,Delivery Truck,32,800.0,0.1,-210.3,25.98,14.36,-0.262875,2
2725,19654,20110109,20110109,636,11,852,High,Regular Air,8,381.69,0.04,256.18,46.94,6.77,0.6711729413922293,0
2775,20037,20090110,20090115,634,11,462,Low,Regular Air,35,1009.42,0.02,339.58,29.18,8.55,0.33641100830179704,5
2776,20037,20090110,20090115,634,11,589,Low,Delivery Truck,49,15137.11,0.03,4913.16,297.64,14.7,0.32457714847814406,5
2855,20549,20090112,20090113,61,11,422,Not Specified,Regular Air,40,1030.09,0.09,-568.71,27.75,19.99,-0.5520973895484861,1
2888,20832,20100730,20100730,637,11,75,Not Specified,Regular Air,47,88.7,0.06,-20.45,1.88,1.49,-0.23055242390078917,0
2889,20832,20100730,20100801,637,11,26,Not Specified,Regular Air,39,105.89,0.08,4.13,2.84,0.93,0.03900273869109453,2
3191,22887,20101118,20101119,637,11,68,Not Specified,Regular Air,34,9107.27,0.07,2463.36,276.2,24.49,0.27048281208309405,1
3345,23936,20091217,20091219,632,11,270,Medium,Regular Air,27,71.39,0.09,-39.33,2.6,2.4,-0.5509174954475416,2
3407,24326,20110929,20111001,61,11,1122,Critical,Regular Air,37,1596.86,0.05,418.6,44.01,3.5,0.262139448668011,2
3408,24326,20110929,20110930,61,11,463,Critical,Regular Air,12,78.36,0.06,8.52,6.68,1.5,0.10872894333843798,1
3627,25926,20091120,20091121,634,11,147,High,Delivery Truck,20,3300.216,0.1,-855.03,218.75,69.64,-0.25908304183726155,1
3628,25926,20091120,20091122,634,11,509,High,Regular Air,23,331.54,0.05,9.41,14.27,7.27,0.028382698920190623,2
3878,27687,20100422,20100424,636,11,311,Medium,Regular Air,38,251.3,0.1,-112.72,7.1,6.05,-0.4485475527258257,2
3889,27776,20100504,20100508,127,11,1202,Low,Express Air,41,226.68,0.04,-159.35,4.98,7.28,-0.7029733545085582,4
3901,27813,20090112,20090114,127,11,850,Medium,Regular Air,10,401.14,0.1,-131.03,40.98,6.5,-0.32664406441641325,2
3958,28256,20090223,20090223,87,11,112,High,Delivery Truck,19,467.4,0.01,-851.09,20.98,53.03,-1.8209028669234062,0
4001,28550,20110320,20110323,61,11,281,Not Specified,Delivery Truck,44,21532.26,0.09,8323.39,500.97,69.3,0.38655440720110196,3
4002,28550,20110320,20110321,61,11,697,Not Specified,Regular Air,1,7.64,0.1,-6.6,4.76,3.01,-0.8638743455497382,1
4049,28870,20111110,20111111,61,11,1120,High,Regular Air,27,1154.89,0.03,66.36,40.98,6.5,0.05746001783719661,1
4268,30374,20100321,20100322,634,11,324,Critical,Regular Air,12,709.54,0.07,131.44,59.98,3.99,0.1852467796036869,1
4269,30374,20100321,20100322,634,11,395,Critical,Regular Air,42,1220.08,0.0,515.64,28.48,1.99,0.42262802439184316,1
4288,30564,20090226,20090227,632,11,702,Critical,Regular Air,20,606.3985,0.09,126.13,35.99,5.99,0.20799853561643045,1
4440,31620,20110811,20110813,636,11,892,Critical,Regular Air,20,1108.366,0.05,178.31,65.99,2.5,0.16087646138549902,2
4458,31780,20100129,20100131,633,11,667,Medium,Express Air,17,734.25,0.08,160.58,42.98,4.62,0.21869935308137556,2
4479,31876,20110507,20110508,87,11,1029,High,Regular Air,8,741.49,0.08,-360.18,95.99,35.0,-0.4857516621936911,1
4549,32356,20121010,20121011,636,11,490,Not Specified,Regular Air,12,768.41,0.1,60.38,67.28,19.99,0.0785778425580094,1
4550,32356,20121010,20121012,636,11,726,Not Specified,Delivery Truck,47,5238.192,0.08,-503.77,145.98,46.2,-0.09617249615898005,2
4696,33473,20110104,20110104,634,11,235,Low,Regular Air,50,600.22,0.08,27.86,12.98,3.14,0.04641631401819333,0
4923,35043,20100719,20100720,636,11,675,Not Specified,Express Air,45,125.21,0.01,37.99,2.62,0.8,0.3034102707451482,1
4924,35043,20100719,20100720,636,11,442,Not Specified,Regular Air,9,924.1115,0.06,-287.99,125.99,8.08,-0.3116398832824827,1
5281,37603,20101124,20101126,127,11,257,Medium,Regular Air,50,2440.26,0.0,917.28,45.19,1.99,0.37589437191118974,2
5282,37603,20101124,20101126,127,11,257,Medium,Regular Air,23,1008.19,0.03,210.01,45.19,1.99,0.20830399031928504,2
5426,38561,20110830,20110901,638,11,722,Critical,Regular Air,19,169.4,0.1,-59.64,9.48,7.29,-0.3520661157024793,2
5629,39846,20090227,20090306,61,11,631,Low,Delivery Truck,10,1372.14,0.06,-340.98,130.98,54.74,-0.24850233941143032,7
5722,40547,20090709,20090711,635,11,224,Critical,Express Air,45,6944.092,0.06,1820.95,179.99,13.99,0.26223010870247687,2
5725,40611,20120328,20120330,632,11,158,Not Specified,Express Air,12,66.83,0.02,-24.31,4.28,5.17,-0.36375879096214275,2
5726,40611,20120328,20120330,632,11,293,Not Specified,Regular Air,43,1407.515,0.0,657.45,35.99,3.3,0.46709981776393145,2
5762,40901,20120729,20120731,632,11,882,Medium,Regular Air,40,273.14,0.02,-96.9,6.6,4.07,-0.35476312513729225,2
5763,40901,20120729,20120731,632,11,216,Medium,Express Air,22,3100.1115,0.02,567.37,155.99,8.08,0.18301599797297613,2
5867,41634,20121208,20121209,632,11,207,Not Specified,Regular Air,7,57.35,0.06,-28.55,8.33,1.99,-0.4978204010462075,1
5868,41634,20121208,20121210,632,11,989,Not Specified,Regular Air,10,371.45,0.01,17.73,34.99,7.73,0.047731861623367886,2
5889,41766,20120911,20120912,382,11,780,Critical,Delivery Truck,10,5158.09,0.01,969.05,500.98,28.14,0.18786992859760104,1
5916,41956,20111212,20111213,639,11,624,Medium,Express Air,22,364.69,0.06,-22.4,16.91,6.25,-0.06142202966903397,1
5917,41956,20111212,20111214,639,11,24,Medium,Regular Air,16,86.3,0.0,-68.67,4.89,4.93,-0.7957126303592121,2
6310,44646,20120104,20120108,638,11,81,Low,Regular Air,47,12723.95,0.08,11.54,279.48,35.0,0.0009069510647243975,4
6444,45825,20121007,20121007,127,11,896,Medium,Regular Air,43,272.63,0.04,-64.45,6.48,5.14,-0.2364009830172762,0
6641,47232,20100817,20100819,87,11,560,Not Specified,Express Air,39,546.4,0.1,-138.82,15.14,4.53,-0.25406295754026353,2
6915,49344,20121230,20121230,636,11,507,Low,Regular Air,31,672.93,0.0,27.85,19.98,4.0,0.04138617686832212,0
6916,49344,20121230,20121230,636,11,1223,Low,Regular Air,1,803.33,0.09,-745.2,832.81,24.49,-0.9276387038950369,0
6922,49351,20120330,20120403,634,11,914,Low,Regular Air,27,109.92,0.06,24.75,3.98,0.83,0.22516375545851527,4
6939,49511,20090420,20090420,637,11,500,High,Express Air,35,150.29,0.03,5.04,3.69,2.5,0.03353516534699581,0
7358,52419,20120918,20120919,81,11,96,High,Regular Air,32,3500.49,0.09,230.64,111.03,8.64,0.06588791854854606,1
7440,53029,20090727,20090801,633,11,698,Low,Regular Air,39,223.34,0.1,95.42,6.3,0.5,0.42724097788125726,5
7644,54786,20120111,20120113,636,11,28,Not Specified,Regular Air,30,380.28,0.08,-20.58,13.48,4.51,-0.05411801830230357,2
7728,55362,20110420,20110422,61,11,185,High,Regular Air,24,67.84,0.07,13.44,2.88,0.99,0.1981132075471698,2
7844,56099,20101005,20101012,634,11,1161,Low,Regular Air,11,122.35,0.02,-13.55,10.98,3.99,-0.11074785451573356,7
7903,56516,20090803,20090804,382,11,983,Medium,Regular Air,6,27.89,0.08,-23.81,3.98,5.26,-0.8537110075295804,1
7904,56516,20090803,20090805,382,11,738,Medium,Regular Air,24,2560.9395,0.06,457.79,125.99,2.5,0.1787586157345771,2
8331,59556,20091215,20091217,638,11,476,Not Specified,Regular Air,27,43.46,0.0,6.81,1.48,0.7,0.15669581224114126,2
8332,59556,20091215,20091216,638,11,1044,Not Specified,Regular Air,5,927.9875,0.0,-615.91,205.99,8.99,-0.6637050606823907,1
8364,59779,20090517,20090524,382,11,655,Low,Delivery Truck,30,3575.23,0.04,87.88,113.98,30.0,0.024580236795954384,7
183,1217,20120425,20120426,640,11,395,Not Specified,Regular Air,25,662.16,0.07,185.21,28.48,1.99,0.2797058112842818,1
245,1666,20111017,20111019,557,11,689,Critical,Express Air,19,5642.18,0.09,1996.68,315.98,19.99,0.35388449145543033,2
265,1829,20090507,20090508,449,11,1224,High,Regular Air,48,133.04,0.07,6.73,2.78,1.49,0.05058628983764282,1
468,3202,20121223,20121227,641,11,742,Low,Regular Air,10,554.21,0.05,-105.37,53.98,5.5,-0.19012648634993956,4
697,4871,20110611,20110613,642,11,668,Critical,Delivery Truck,8,775.74,0.02,-215.39,89.99,42.0,-0.27765746255188595,2
698,4871,20110611,20110614,642,11,935,Critical,Regular Air,26,238.34,0.06,-19.31,9.31,3.98,-0.08101871276327935,3
866,6211,20091123,20091125,557,11,388,Critical,Regular Air,28,67.72,0.01,-142.67,2.16,6.05,-2.1067631423508564,2
867,6211,20091123,20091125,557,11,312,Critical,Regular Air,3,68.64,0.07,-38.93,21.38,8.99,-0.5671620046620046,2
1007,7363,20101109,20101111,640,11,1014,Medium,Regular Air,24,875.52,0.09,5.71,37.93,13.99,0.006521838450292397,2
1109,8133,20110226,20110227,642,11,121,Medium,Regular Air,11,405.53,0.04,130.52,35.44,5.09,0.32185041797154346,1
1155,8416,20100806,20100810,643,11,1037,Low,Regular Air,2,22.07,0.07,-15.45,5.98,10.39,-0.7000453103760761,4
1199,8802,20110131,20110202,644,11,1225,Medium,Regular Air,15,1866.12,0.07,400.69,123.38,24.49,0.2147182389128245,2
1315,9637,20090103,20090105,291,11,710,Low,Regular Air,12,522.49,0.08,-236.43,43.22,16.71,-0.4525062680625467,2
1316,9637,20090103,20090110,291,11,176,Low,Regular Air,49,28359.4,0.05,14440.39,574.74,24.49,0.5091923665521837,7
1317,9637,20090103,20090107,291,11,89,Low,Regular Air,12,123.76,0.04,32.44,10.14,2.27,0.26212023270846796,4
1327,9671,20110912,20110914,640,11,75,High,Regular Air,6,12.61,0.07,-4.9,1.88,1.49,-0.38858049167327524,2
1378,9957,20101130,20101201,644,11,1059,Not Specified,Express Air,31,74.75,0.06,-115.43,2.28,5.2,-1.5442140468227425,1
1467,10567,20120329,20120330,645,11,100,High,Delivery Truck,10,1111.008,0.09,-146.29,146.34,43.75,-0.13167321927474868,1
1760,12613,20100410,20100413,641,11,286,Medium,Regular Air,3,15.64,0.08,-16.01,3.36,6.27,-1.0236572890025577,3
1761,12613,20100410,20100411,641,11,173,Medium,Regular Air,28,1751.08,0.0,587.01,59.78,10.29,0.3352274025173036,1
1762,12613,20100410,20100411,641,11,138,Medium,Express Air,18,225.37,0.04,77.53,12.22,2.85,0.3440120690420198,1
1776,12711,20120219,20120220,640,11,672,Critical,Regular Air,32,1486.72,0.0,294.81,43.98,8.99,0.19829557684029273,1
1777,12711,20120219,20120220,640,11,235,Critical,Regular Air,45,558.04,0.05,40.32,12.98,3.14,0.07225288509784246,1
1886,13543,20120808,20120808,291,11,716,Medium,Regular Air,2,27.83,0.09,-22.14,9.71,9.45,-0.7955443765720446,0
1924,13767,20100826,20100828,557,11,117,High,Regular Air,29,597.66,0.08,-178.0,21.66,13.99,-0.2978281966335375,2
1925,13767,20100826,20100828,557,11,293,High,Regular Air,45,1403.741,0.01,622.25,35.99,3.3,0.44327977881959707,2
1926,13767,20100826,20100827,557,11,20,High,Regular Air,10,1246.3635,0.06,-339.11,155.99,8.99,-0.27207953377967187,1
2462,17924,20110826,20110826,641,11,1085,Critical,Regular Air,42,2507.48,0.04,762.53,60.97,4.5,0.3041021264376984,0
2533,18374,20120930,20121002,646,11,1215,Low,Regular Air,21,150.16,0.09,-32.78,7.28,5.47,-0.21830047948854556,2
2750,19841,20101226,20110114,449,11,442,Low,Express Air,43,4687.6735,0.06,1304.56,125.99,8.08,0.27829583267691316,19
2953,21382,20120112,20120114,291,11,71,Critical,Delivery Truck,21,6435.87,0.04,935.06,300.98,64.73,0.1452888265300573,2
2954,21382,20120112,20120114,291,11,890,Critical,Regular Air,11,312.03,0.08,-66.66,29.99,5.5,-0.2136333044899529,2
3007,21638,20120416,20120417,644,11,720,High,Regular Air,13,418.93,0.03,82.25,30.98,8.74,0.19633351633924523,1
3120,22407,20091117,20091118,640,11,123,Not Specified,Regular Air,20,676.44,0.07,48.76,34.54,14.72,0.07208325941694754,1
3121,22407,20091117,20091117,640,11,47,Not Specified,Regular Air,10,128.02,0.02,-7.9,12.28,6.47,-0.061709107951882516,0
3122,22407,20091117,20091119,640,11,555,Not Specified,Express Air,15,526.82,0.06,32.34,34.58,8.99,0.06138719107095403,2
3548,25314,20120224,20120226,646,11,963,High,Regular Air,43,7679.512,0.0,2307.42,205.99,5.0,0.30046440450903655,2
3586,25574,20090312,20090312,209,11,66,Not Specified,Delivery Truck,46,5074.07,0.0,-1390.53,100.98,57.38,-0.27404627843131846,0
3587,25574,20090312,20090313,209,11,13,Not Specified,Express Air,31,1526.67,0.01,118.82,47.98,3.61,0.07782952438968473,1
3678,26310,20120729,20120731,642,11,69,Not Specified,Regular Air,5,77.41,0.05,9.35,15.67,1.39,0.12078542823924558,2
3679,26310,20120729,20120730,642,11,754,Not Specified,Regular Air,19,112.67,0.09,-37.85,5.98,5.14,-0.33593680660335495,1
3870,27616,20120730,20120801,645,11,473,Low,Regular Air,3,614.14,0.09,-735.27,199.99,24.49,-1.197235158107272,2
4169,29539,20110423,20110424,642,11,430,High,Regular Air,24,223.2,0.1,78.74,9.78,1.39,0.35277777777777775,1
4364,31106,20120216,20120216,646,11,282,Low,Regular Air,37,101.9,0.0,40.52,2.61,0.5,0.39764474975466146,0
4365,31106,20120216,20120221,646,11,1226,Low,Regular Air,7,187.33,0.03,66.47,25.13,9.87,0.35482837772914105,5
4366,31106,20120216,20120218,646,11,1153,Low,Regular Air,45,259.17,0.01,-57.33,5.68,3.6,-0.22120615812015276,2
4367,31106,20120216,20120223,646,11,356,Low,Regular Air,43,4697.032,0.0,1263.01,125.99,5.63,0.26889533645927893,7
4371,31140,20110201,20110202,645,11,246,Critical,Regular Air,4,13.42,0.03,-1.26,3.08,0.99,-0.09388971684053651,1
4373,31170,20120127,20120129,644,11,1227,Medium,Regular Air,32,320.57,0.09,27.95,10.13,1.99,0.0871884455813083,2
4417,31520,20111128,20111129,209,11,110,High,Regular Air,23,138.71,0.09,-33.16,5.89,5.57,-0.2390599091630019,1
4873,34663,20110706,20110708,646,11,1072,Not Specified,Delivery Truck,38,29186.49,0.05,11562.08,808.49,55.3,0.3961449286981751,2
5029,35842,20120524,20120526,645,11,185,High,Regular Air,18,53.79,0.03,11.55,2.88,0.99,0.2147239263803681,2
5069,36131,20090517,20090519,647,11,909,High,Regular Air,43,354.96,0.07,151.27,8.34,1.43,0.4261606941627226,2
5070,36131,20090517,20090518,647,11,232,High,Regular Air,26,130.97,0.09,-83.42,4.98,6.07,-0.6369397571963045,1
5203,36992,20091207,20091209,647,11,235,Medium,Express Air,34,459.08,0.04,61.57,12.98,3.14,0.13411605820336325,2
5432,38596,20100402,20100403,647,11,1106,Medium,Regular Air,20,193.7,0.06,-14.99,9.85,4.82,-0.07738771295818277,1
5526,39143,20120406,20120406,641,11,208,Not Specified,Delivery Truck,46,6730.07,0.05,-1134.61,150.98,66.27,-0.16858814247102927,0
5807,41186,20101122,20101123,647,11,924,High,Regular Air,33,553.3415,0.08,-67.71,20.99,0.99,-0.122365663880262,1
6143,43493,20120510,20120511,646,11,772,High,Regular Air,22,152.52,0.03,-43.87,6.48,5.94,-0.2876344086021505,1
6144,43493,20120510,20120512,646,11,725,High,Regular Air,14,71.6,0.05,-30.65,4.98,4.7,-0.42807262569832405,2
6145,43493,20120510,20120513,646,11,141,High,Regular Air,37,1699.983,0.1,-202.86,55.99,5.0,-0.1193306050707566,3
6152,43555,20120703,20120705,640,11,231,Medium,Regular Air,34,43.54,0.0,-17.48,1.26,0.7,-0.401469912723932,2
6283,44452,20111209,20111211,645,11,60,Not Specified,Regular Air,50,330.27,0.07,-195.57,6.48,7.86,-0.5921518757380325,2
6404,45506,20111226,20111231,642,11,484,Low,Regular Air,3,448.3665,0.03,-748.41,175.99,8.99,-1.6691925021160146,5
6441,45767,20120710,20120712,646,11,624,High,Express Air,49,841.51,0.05,20.86,16.91,6.25,0.0247887725636059,2
6457,45986,20091225,20091230,644,11,500,Low,Regular Air,20,71.07,0.08,-15.09,3.69,2.5,-0.21232587589700297,5
6584,46881,20091006,20091008,646,11,460,Critical,Express Air,31,176.28,0.07,-80.3,5.18,5.74,-0.455525300658044,2
6601,46979,20120716,20120718,642,11,831,Low,Delivery Truck,30,8718.46,0.09,1554.85,306.14,26.53,0.17833998206105206,2
6602,46979,20120716,20120725,642,11,921,Low,Regular Air,26,135.88,0.05,-66.02,4.98,5.49,-0.48586988519281715,9
6611,47040,20100816,20100817,209,11,1030,High,Regular Air,38,487.98,0.01,8.1,12.53,7.17,0.016599040944300994,1
6792,48391,20101029,20101030,646,11,584,Not Specified,Regular Air,45,254.92,0.1,-99.62,5.98,5.46,-0.39078926722108903,1
7255,51780,20100724,20100726,209,11,459,Low,Delivery Truck,26,1846.2,0.04,-584.93,68.81,60.0,-0.3168291626042682,2
7256,51780,20100724,20100731,209,11,605,Low,Regular Air,11,32.03,0.09,7.41,3.15,0.5,0.2313456134873556,7
7257,51780,20100724,20100724,209,11,1028,Low,Express Air,44,185.82,0.05,11.45,4.2,2.26,0.06161877085351415,0
7473,53350,20090614,20090614,645,11,689,Not Specified,Regular Air,24,7046.61,0.08,2595.18,315.98,19.99,0.36828772984456354,0
7773,55648,20090909,20090912,640,11,705,Critical,Regular Air,5,14.74,0.08,-2.58,2.88,0.7,-0.17503392130257803,3
7783,55686,20110325,20110327,644,11,404,Critical,Regular Air,26,423.14,0.03,85.51,15.98,4.0,0.2020844165051756,2
7784,55686,20110325,20110327,644,11,1139,Critical,Express Air,22,628.39,0.1,181.83,30.98,5.09,0.2893585193908242,2
7785,55686,20110325,20110328,644,11,1228,Critical,Regular Air,2,162.49,0.03,-94.83,81.32,0.99,-0.5836051449319958,3
7807,55847,20090720,20090723,642,11,907,Not Specified,Regular Air,21,133.15,0.05,-51.43,6.28,5.36,-0.3862561021404431,3
7808,55847,20090720,20090721,642,11,246,Not Specified,Regular Air,45,136.71,0.04,34.72,3.08,0.99,0.25396825396825395,1
7843,56099,20101005,20101012,634,11,102,Low,Regular Air,6,96.03,0.1,-59.39,15.7,11.25,-0.6184525669061751,7
7859,56197,20090511,20090513,642,11,332,High,Express Air,11,28.63,0.09,-21.17,1.74,4.08,-0.7394341599720574,2
7860,56197,20090511,20090511,642,11,1110,High,Delivery Truck,45,8014.624,0.08,1366.1,227.55,32.48,0.17045091572605278,0
7905,56548,20120905,20120907,644,11,147,Medium,Delivery Truck,7,1339.024,0.03,-211.51,218.75,69.64,-0.15795833383120841,2
8291,59232,20090105,20090107,190,11,38,High,Regular Air,23,725.43,0.0,245.97,30.98,5.76,0.3390678631983789,2
8390,59939,20100901,20100901,643,11,546,Medium,Regular Air,42,130.96,0.05,-66.74,3.14,1.92,-0.5096212583995112,0
8398,59973,20111115,20111115,644,11,1196,Low,Delivery Truck,29,11039.75,0.06,2148.97,400.97,14.7,0.1946574877148486,0
8399,59973,20111115,20111119,644,11,905,Low,Delivery Truck,30,4982.944,0.07,693.69,217.85,29.1,0.13921288298644335,4
370,2563,20101118,20101119,473,11,282,Not Specified,Regular Air,12,31.77,0.04,8.34,2.61,0.5,0.26251180358829085,1
371,2563,20101118,20101119,473,11,582,Not Specified,Regular Air,33,208.05,0.01,46.01,5.98,0.96,0.22114876231675076,1
408,2759,20101124,20101126,473,11,455,Not Specified,Regular Air,25,827.47,0.0,45.37,30.98,6.5,0.05482978234860478,2
748,5350,20101009,20101016,648,11,405,Low,Regular Air,50,7017.42,0.08,595.2,140.85,19.99,0.08481749702882256,7
1361,9922,20110403,20110404,159,11,830,Not Specified,Regular Air,26,1075.91,0.03,34.42,39.98,7.12,0.03199152345456404,1
1362,9922,20110403,20110404,159,11,440,Not Specified,Regular Air,21,1176.859,0.03,137.86,65.99,3.99,0.11714232546124899,1
1627,11777,20091225,20100101,159,11,1046,Low,Regular Air,39,651.45,0.07,-160.56,17.7,9.47,-0.24646557679023715,7
1728,12420,20101226,20101226,649,11,23,Medium,Express Air,34,536.25,0.06,-166.75,15.99,13.18,-0.31095571095571095,0
1729,12420,20101226,20101227,649,11,657,Medium,Regular Air,1,5.73,0.01,-1.84,4.98,0.8,-0.32111692844677137,1
1757,12611,20111015,20111017,650,11,941,Medium,Express Air,13,189.99,0.03,72.82,12.97,1.49,0.3832833307016158,2
1769,12676,20090115,20090116,651,11,1172,High,Express Air,25,201.06,0.08,-80.86,8.09,7.96,-0.4021685069133592,1
1798,12871,20111004,20111006,404,11,804,Not Specified,Regular Air,46,459.26,0.08,-54.12,10.23,4.68,-0.11784174541653965,2
2103,15040,20091204,20091208,648,11,1024,Low,Express Air,48,410.35,0.1,114.02,9.11,2.15,0.2778603631046667,4
2159,15491,20120118,20120118,404,11,1038,Medium,Regular Air,5,901.374,0.01,-648.65,205.99,2.5,-0.7196235968643426,0
2359,17028,20091015,20091017,651,11,1076,High,Regular Air,19,513.5,0.02,82.96,25.99,5.37,0.16155793573515093,2
2458,17859,20100526,20100528,159,11,593,Critical,Regular Air,7,182.89,0.07,-99.3,27.48,4.0,-0.5429493137951774,2
2524,18340,20110617,20110618,159,11,517,Medium,Express Air,20,148.65,0.1,-142.78,7.28,11.15,-0.960511268079381,1
2525,18340,20110617,20110618,159,11,680,Medium,Express Air,28,198.21,0.01,-163.28,6.48,10.05,-0.8237727662580091,1
2866,20704,20100210,20100210,650,11,22,Low,Regular Air,1,5.63,0.03,-3.55,4.71,0.7,-0.6305506216696269,0
2867,20704,20100210,20100215,650,11,246,Low,Regular Air,5,16.48,0.06,-0.33,3.08,0.99,-0.020024271844660196,5
2868,20704,20100210,20100215,650,11,1127,Low,Regular Air,38,15655.24,0.09,4818.29,419.19,19.99,0.30777490476032304,5
2972,21477,20110521,20110521,651,11,1013,Low,Regular Air,7,189.73,0.01,43.17,24.95,2.99,0.2275338639118748,0
2973,21477,20110521,20110523,651,11,810,Low,Regular Air,40,278.8,0.06,77.71,6.88,2.0,0.2787302725968436,2
2993,21602,20090701,20090704,159,11,453,Critical,Delivery Truck,6,2170.61,0.01,-62.29,348.21,40.19,-0.02869700222518094,3
3616,25828,20101123,20101124,404,11,867,Not Specified,Regular Air,29,163.04,0.08,58.0,5.84,1.0,0.35574092247301276,1
3617,25828,20101123,20101123,404,11,832,Not Specified,Delivery Truck,31,9041.26,0.01,-383.03,286.85,61.76,-0.04236467041098253,0
3746,26758,20090523,20090525,650,11,851,Not Specified,Express Air,46,3519.12,0.09,315.33,77.51,4.0,0.08960478756052649,2
3747,26758,20090523,20090525,650,11,808,Not Specified,Regular Air,37,108.33,0.0,17.0,2.88,0.7,0.15692790547401458,2
3966,28291,20090304,20090305,648,11,544,Critical,Delivery Truck,14,3950.6,0.02,-477.66,280.98,57.0,-0.12090821647344709,1
3986,28455,20100530,20100601,159,11,125,Medium,Regular Air,12,254.12,0.06,-64.97,20.95,5.99,-0.2556666141980167,2
3987,28455,20100530,20100531,159,11,188,Medium,Regular Air,37,767.04,0.02,238.84,20.89,1.99,0.31137880684188574,1
4069,28963,20111204,20111206,649,11,1038,Not Specified,Regular Air,37,6072.1875,0.09,1372.09,205.99,2.5,0.22596304873655498,2
4100,29216,20121229,20121230,651,11,710,Critical,Regular Air,46,1936.45,0.1,307.17,43.22,4.0,0.15862531952800227,1
4101,29216,20121229,20121230,651,11,147,Critical,Delivery Truck,17,3711.04,0.04,-773.78,218.75,69.64,-0.20850758816935414,1
4274,30405,20120428,20120503,650,11,861,Low,Delivery Truck,7,2789.03,0.05,-303.44,400.98,42.52,-0.10879768234834332,5
4348,30976,20121024,20121024,159,11,1066,High,Regular Air,10,403.88,0.07,48.03,40.97,1.99,0.11892146182034267,0
4667,33220,20090415,20090415,648,11,1023,Not Specified,Regular Air,49,3291.13,0.09,925.95,70.97,3.5,0.281347136090036,0
4668,33220,20090415,20090418,648,11,67,Not Specified,Regular Air,40,736.96,0.1,-34.29,19.98,10.49,-0.04652898393399913,3
4736,33701,20091001,20091003,648,11,490,Medium,Express Air,35,2333.06,0.08,473.39,67.28,19.99,0.20290519746598887,2
4752,33793,20120627,20120628,649,11,1142,Critical,Regular Air,17,267.58,0.03,-137.75,15.16,15.09,-0.5147993123551835,1
4850,34499,20100718,20100719,649,11,1152,Medium,Delivery Truck,2,555.68,0.01,-336.3,243.98,62.94,-0.6052044342067378,1
4920,35040,20120418,20120421,159,11,64,Not Specified,Regular Air,44,486.63,0.03,-146.37,10.9,7.46,-0.30078293570063497,3
4951,35238,20110428,20110428,159,11,1032,Low,Express Air,27,1403.027,0.1,153.8,65.99,5.63,0.10962012847935215,0
4976,35399,20110121,20110123,652,11,980,Low,Regular Air,38,188.38,0.04,-120.12,4.91,5.68,-0.6376473086314896,2
5039,35910,20101124,20101125,543,11,293,High,Express Air,28,881.501,0.02,334.53,35.99,3.3,0.37950042030581926,1
5040,35910,20101124,20101126,543,11,836,High,Regular Air,25,161.72,0.09,-121.18,6.48,8.4,-0.7493198120207767,2
5041,35910,20101124,20101126,543,11,174,High,Regular Air,36,660.059,0.05,-0.65,20.99,1.25,-0.0009847604532322112,2
5363,38118,20110418,20110420,159,11,507,Not Specified,Regular Air,7,138.91,0.09,-64.11,19.98,4.0,-0.4615218486790008,2
6050,42886,20120108,20120110,543,11,46,Medium,Regular Air,42,162.57,0.02,75.8,3.75,0.5,0.4662606877037584,2
6158,43620,20090117,20090120,649,11,531,Medium,Regular Air,13,196.22,0.05,-89.35,14.81,13.32,-0.45535623279991844,3
6159,43620,20090117,20090119,649,11,1028,Medium,Express Air,11,49.76,0.05,-0.13,4.2,2.26,-0.0026125401929260454,2
6203,43936,20100313,20100314,648,11,344,Critical,Regular Air,42,670.65,0.08,41.66,15.94,5.45,0.062118839931409826,1
6463,46018,20090811,20090812,650,11,603,Medium,Delivery Truck,31,2797.41,0.06,984.3,90.97,14.0,0.35186118588265575,1
6786,48327,20090810,20090812,651,11,1143,Not Specified,Regular Air,14,89.93,0.03,-44.82,5.98,3.85,-0.4983876348270877,2
6796,48448,20121116,20121116,649,11,164,Low,Regular Air,20,340.952,0.09,108.94,20.99,0.99,0.31951711677890143,0
6818,48544,20110516,20110518,159,11,652,High,Regular Air,44,831.5805,0.01,273.05,20.99,0.99,0.3283506527630217,2
6862,48900,20090322,20090324,159,11,522,Not Specified,Regular Air,27,337.61,0.03,15.61,12.28,6.35,0.04623678208583869,2
6863,48900,20090322,20090323,159,11,560,Not Specified,Regular Air,42,636.34,0.08,-99.26,15.14,4.53,-0.15598579375805388,1
6913,49319,20110825,20110827,652,11,827,Low,Regular Air,13,98.82,0.09,-68.66,7.37,5.53,-0.6947986237603724,2
6914,49319,20110825,20110827,652,11,1151,Low,Regular Air,40,289.19,0.01,-69.03,6.68,6.15,-0.23870119990317784,2
6950,49638,20100807,20100808,159,11,218,Medium,Regular Air,17,196.07,0.05,-77.66,10.97,6.5,-0.3960830315703575,1
7016,50055,20121018,20121020,159,11,213,Medium,Regular Air,1,13.45,0.0,-8.2,5.4,7.78,-0.6096654275092936,2
7017,50055,20121018,20121020,159,11,729,Medium,Regular Air,11,75.79,0.09,-18.77,6.68,4.91,-0.24765800237498348,2
7197,51360,20110620,20110622,159,11,1045,Medium,Regular Air,12,46.55,0.0,16.34,3.69,0.5,0.35102040816326535,2
7389,52672,20110108,20110113,159,11,267,Low,Regular Air,29,1499.5275,0.09,188.98,65.99,5.26,0.12602636497163272,5
7409,52867,20090813,20090814,159,11,308,High,Delivery Truck,15,1917.61,0.03,-286.9,124.49,51.94,-0.14961332074822303,1
7572,54176,20110627,20110628,159,11,640,Not Specified,Regular Air,33,2492.97,0.06,131.02,73.98,14.52,0.052555786872686,1
7695,55171,20121026,20121027,651,11,507,High,Regular Air,29,575.89,0.06,-14.04,19.98,4.0,-0.024379655837052212,1
7696,55171,20121026,20121026,651,11,586,High,Regular Air,43,260.6,0.05,-182.71,5.78,7.96,-0.7011128165771296,0
7781,55683,20120715,20120717,593,11,340,High,Regular Air,50,172.23,0.02,32.35,3.29,1.35,0.18783022702200547,2
8135,58147,20090518,20090518,159,11,1161,High,Regular Air,41,470.74,0.04,24.09,10.98,3.99,0.05117474614436844,0
8220,58784,20090118,20090119,543,11,189,Medium,Regular Air,12,141.9,0.02,1.46,11.58,5.72,0.01028893587033122,1
8221,58784,20090118,20090118,543,11,84,Medium,Regular Air,29,1379.1,0.06,573.8,48.91,5.81,0.4160684504386919,0
8222,58784,20090118,20090119,543,11,260,Medium,Regular Air,17,278.76,0.02,-210.09,15.51,17.78,-0.7536590615583297,1
8320,59456,20120108,20120108,650,11,44,Low,Regular Air,30,182.92,0.06,-1367.72,4.48,49.0,-7.477148480209928,0
8340,59591,20091009,20091010,651,11,704,Not Specified,Delivery Truck,34,3361.84,0.08,1211.76,100.97,14.0,0.3604454703376722,1
8341,59591,20091009,20091011,651,11,1229,Not Specified,Regular Air,29,195.82,0.07,-91.7,6.48,7.07,-0.46828720253293843,2
8381,59879,20090309,20090311,652,11,293,Not Specified,Express Air,33,987.3175,0.04,368.56,35.99,3.3,0.37329430502346006,2
6,32,20110715,20110716,653,11,214,High,Regular Air,15,140.56,0.04,-128.38,8.46,8.99,-0.9133466135458167,1
12,69,20090603,20090605,654,11,616,Not Specified,Regular Air,42,1186.06,0.09,511.69,30.93,3.92,0.43141999561573613,2
13,69,20090603,20090605,654,11,1222,Not Specified,Express Air,28,51.53,0.03,0.35,1.68,0.7,0.006792159906850378,2
56,324,20120319,20120321,655,11,224,Critical,Regular Air,25,3872.634,0.02,667.33,179.99,13.99,0.17231940844396865,2
200,1317,20110518,20110520,656,11,972,High,Regular Air,44,523.42,0.06,39.42,11.7,5.63,0.0753123686523251,2
201,1317,20110518,20110519,656,11,877,High,Regular Air,40,192.54,0.08,-186.73,4.98,7.44,-0.9698244520619091,1
202,1317,20110518,20110520,656,11,1124,High,Regular Air,29,156.7,0.06,-76.64,5.28,5.57,-0.48908742820676454,2
239,1604,20100716,20100716,224,11,774,Low,Regular Air,47,622.82,0.0,128.88,12.64,4.98,0.20692977104139235,0
306,2144,20090328,20090328,654,11,602,Medium,Regular Air,40,5945.3675,0.08,1585.48,175.99,4.99,0.2666748523114845,0
407,2757,20110719,20110720,204,11,235,High,Express Air,42,569.32,0.05,84.38,12.98,3.14,0.14821190191807768,1
445,3012,20100504,20100506,657,11,1224,Critical,Regular Air,41,120.03,0.0,10.5,2.78,1.49,0.08747813046738315,2
465,3169,20101220,20101221,658,11,1133,Medium,Regular Air,7,35.58,0.04,-19.95,4.42,4.99,-0.56070826306914,1
479,3331,20100520,20100521,147,11,999,High,Regular Air,31,153.28,0.05,73.16,4.91,0.5,0.47729645093945716,1
538,3650,20120527,20120529,569,11,338,Not Specified,Express Air,36,139.95,0.04,-128.59,3.58,5.47,-0.9188281529117543,2
539,3650,20120527,20120529,569,11,198,Not Specified,Delivery Truck,24,5207.5,0.03,166.44,216.6,64.2,0.031961593855016804,2
560,3783,20101205,20101205,654,11,483,Not Specified,Regular Air,11,92.14,0.01,-40.25,8.12,2.83,-0.4368352507054482,0
561,3783,20101205,20101207,654,11,645,Not Specified,Regular Air,40,257.43,0.05,-200.63,6.48,8.73,-0.7793574952414248,2
652,4583,20090924,20090926,657,11,665,Medium,Delivery Truck,44,3021.64,0.07,-720.2,70.98,30.0,-0.23834738751141765,2
668,4675,20101124,20101126,224,11,1081,Not Specified,Regular Air,4,17.89,0.0,-1.15,3.98,0.7,-0.06428172163219675,2
684,4772,20090913,20090914,147,11,1199,Critical,Regular Air,28,1560.617,0.04,214.29,65.99,8.99,0.13731107632429995,1
725,5217,20111012,20111012,204,11,530,High,Express Air,8,339.35,0.03,27.88,40.98,5.33,0.08215706497716221,0
726,5217,20111012,20111014,204,11,246,High,Regular Air,11,33.67,0.09,4.08,3.08,0.99,0.12117612117612117,2
804,5765,20091214,20091221,654,11,1063,Low,Regular Air,23,849.46,0.04,9.06,35.44,19.99,0.010665599321922162,7
884,6339,20121211,20121212,654,11,932,Critical,Regular Air,20,303.69,0.05,-50.84,14.98,7.69,-0.16740755375547434,1
942,6848,20100913,20100914,659,11,213,High,Regular Air,22,116.84,0.1,-125.44,5.4,7.78,-1.0736049298185553,1
1054,7782,20090702,20090704,657,11,1085,Critical,Express Air,20,1205.73,0.07,310.93,60.97,4.5,0.25787697079777394,2
1082,7941,20120323,20120330,147,11,180,Low,Regular Air,50,2796.67,0.01,801.04,55.29,5.08,0.28642635706036107,7
1093,8034,20120119,20120119,660,11,1161,High,Regular Air,31,354.45,0.01,11.38,10.98,3.99,0.03210607984200875,0
1094,8034,20120119,20120120,660,11,644,High,Regular Air,13,238.43,0.02,-36.11,16.99,8.99,-0.15144906261795915,1
1095,8034,20120119,20120121,660,11,1069,High,Delivery Truck,36,1606.4,0.08,-1231.35,44.43,46.59,-0.766527639442231,2
1110,8135,20110626,20110627,224,11,160,Not Specified,Regular Air,16,772.412,0.03,-184.69,55.99,5.0,-0.23910814435819225,1
1290,9473,20121011,20121013,654,11,401,Not Specified,Regular Air,3,31.95,0.1,-23.69,8.04,8.94,-0.7414710485133021,2
1291,9473,20121011,20121012,654,11,1201,Not Specified,Regular Air,34,563.82,0.03,188.22,16.51,2.99,0.33382994572735974,1
1292,9473,20121011,20121013,654,11,260,Not Specified,Regular Air,31,502.44,0.04,-363.44,15.51,17.78,-0.7233500517474724,2
1404,10210,20110623,20110624,658,11,640,Not Specified,Regular Air,10,767.34,0.04,-154.65,73.98,14.52,-0.2015403862694503,1
1421,10308,20110420,20110422,660,11,484,High,Regular Air,40,5554.036,0.09,1153.84,175.99,8.99,0.2077480232393164,2
1516,10951,20121106,20121106,147,11,950,Not Specified,Regular Air,14,677.43,0.1,75.48,50.98,22.24,0.11142110623975911,0
1687,12194,20110301,20110302,657,11,4,Critical,Regular Air,19,3355.154,0.0,658.5,195.99,3.99,0.19626520869086783,1
1766,12642,20090427,20090429,147,11,53,Critical,Express Air,10,564.85,0.09,181.02,58.1,1.49,0.32047446224661413,2
1767,12642,20090427,20090429,147,11,830,Critical,Regular Air,14,572.33,0.01,-62.28,39.98,7.12,-0.10881833907011688,2
1884,13542,20090308,20090315,661,11,71,Low,Delivery Truck,11,3571.84,0.01,403.81,300.98,64.73,0.11305377620498118,7
1885,13542,20090308,20090308,661,11,427,Low,Regular Air,33,310.44,0.03,-90.21,8.74,8.29,-0.2905875531503672,0
1954,13988,20120801,20120802,662,11,1150,Not Specified,Regular Air,34,180.27,0.01,-59.71,4.95,5.32,-0.3312253841460032,1
1955,13988,20120801,20120802,662,11,932,Not Specified,Regular Air,39,626.96,0.0,-35.92,14.98,7.69,-0.0572923312492025,1
1956,13988,20120801,20120802,662,11,166,Not Specified,Express Air,18,236.31,0.04,-2.24,11.97,4.98,-0.009479074097583683,1
1996,14241,20120614,20120615,662,11,769,Critical,Regular Air,22,263.63,0.03,48.86,11.55,2.36,0.18533550809847135,1
1997,14242,20110508,20110510,660,11,162,High,Regular Air,35,1078.58,0.03,9.0,30.73,4.0,0.008344304548573125,2
2085,14913,20090214,20090215,656,11,471,High,Regular Air,47,1003.43,0.01,208.06,19.98,8.68,0.20734879363782227,1
2089,14951,20110517,20110519,569,11,534,Medium,Regular Air,34,2779.2,0.02,889.57,80.98,7.18,0.32008131836499715,2
2090,14951,20110517,20110517,569,11,270,Medium,Regular Air,26,65.21,0.08,-41.6,2.6,2.4,-0.637938966416194,0
2097,14983,20090211,20090212,224,11,879,High,Express Air,48,8475.962,0.05,2497.94,205.99,8.99,0.2947087304072388,1
2098,14983,20090211,20090212,224,11,1044,High,Regular Air,18,3015.494,0.08,251.54,205.99,8.99,0.08341585159844456,1
2160,15524,20120511,20120512,661,11,1153,Medium,Regular Air,27,156.82,0.03,-37.62,5.68,3.6,-0.239892870807295,1
2180,15714,20110705,20110707,662,11,638,High,Express Air,50,2510.71,0.01,3.6,49.43,19.99,0.0014338573550907912,2
2382,17282,20091118,20091120,569,11,837,Low,Regular Air,37,988.42,0.09,253.94,29.17,6.27,0.256915076586876,2
2398,17381,20100814,20100815,224,11,743,High,Regular Air,28,101.25,0.05,40.9,3.75,0.5,0.4039506172839506,1
2460,17862,20120507,20120508,147,11,155,Not Specified,Regular Air,1,28.73,0.0,-57.04,20.97,6.5,-1.9853811347024015,1
2461,17862,20120507,20120509,147,11,1145,Not Specified,Express Air,31,67.88,0.08,4.87,2.1,0.7,0.07174425456688274,2
2464,17927,20090809,20090810,656,11,125,Medium,Regular Air,42,865.21,0.07,-42.1,20.95,5.99,-0.048658707134684065,1
2477,17988,20100922,20100924,397,11,893,Low,Regular Air,46,2660.6105,0.03,618.07,65.99,8.99,0.23230382650899112,2
2481,18049,20090813,20090815,658,11,584,Medium,Regular Air,10,65.52,0.07,-22.57,5.98,5.46,-0.34447496947496953,2
2518,18307,20100202,20100206,660,11,471,Low,Express Air,23,441.99,0.08,32.36,19.98,8.68,0.07321432611597548,4
2519,18307,20100202,20100202,660,11,175,Low,Regular Air,34,245.19,0.03,37.99,7.08,2.35,0.1549410661119948,0
2530,18370,20110113,20110117,224,11,643,Low,Regular Air,41,1271.0475,0.0,-158.24,35.99,5.0,-0.1244957407177938,4
2531,18371,20090918,20090918,569,11,672,Medium,Regular Air,30,1394.36,0.0,271.45,43.98,8.99,0.194677127857942,0
2720,19649,20110504,20110506,656,11,793,High,Express Air,25,375.74,0.05,-9.31,14.42,6.75,-0.02477777186352265,2
2721,19649,20110504,20110505,656,11,465,High,Delivery Truck,36,1095.11,0.1,-1286.43,31.76,45.51,-1.1747039110226372,1
2738,19748,20100804,20100805,657,11,83,Not Specified,Regular Air,6,124.65,0.01,13.34,18.97,5.21,0.10701965503409547,1
2762,19974,20101103,20101105,224,11,369,High,Delivery Truck,14,3830.84,0.1,635.33,279.81,23.19,0.16584613296300552,2
2763,19974,20101103,20101105,224,11,167,High,Regular Air,22,267.43,0.07,-45.98,12.28,6.13,-0.17193284223909058,2
2769,20032,20121105,20121107,658,11,814,Medium,Regular Air,8,137.38,0.06,-11.39,17.48,1.99,-0.08290872033774932,2
3164,22727,20110703,20110703,204,11,59,Not Specified,Regular Air,45,296.82,0.07,-120.37,6.48,6.65,-0.40553197223906745,0
3203,22978,20090402,20090403,397,11,1031,Medium,Delivery Truck,28,1801.95,0.03,-182.07,60.89,32.41,-0.10104053941563305,1
3224,23140,20120208,20120210,662,11,547,High,Regular Air,18,1713.8,0.05,1125.29,99.23,8.99,0.656605204808029,2
3225,23140,20120208,20120208,662,11,175,High,Regular Air,16,116.69,0.02,11.69,7.08,2.35,0.10017996400719856,0
3302,23586,20100114,20100117,397,11,552,Medium,Regular Air,32,210.9,0.03,-62.46,6.48,5.74,-0.29615931721194877,3
3309,23648,20120924,20120925,658,11,659,Critical,Regular Air,44,6768.16,0.03,907.49,152.48,6.5,0.13408223209853196,1
3310,23648,20120924,20120925,658,11,282,Critical,Regular Air,4,10.65,0.1,-0.64,2.61,0.5,-0.06009389671361502,1
3497,24931,20111107,20111111,662,11,1214,Low,Regular Air,9,149.64,0.05,13.77,16.74,5.08,0.09202085004009623,4
3566,25443,20120922,20120922,224,11,1230,Medium,Regular Air,33,570.24,0.01,-57.83,15.99,11.28,-0.10141343995510661,0
3632,25953,20090927,20090928,658,11,1106,Critical,Regular Air,27,258.54,0.1,-16.3,9.85,4.82,-0.0630463371238493,1
3633,25953,20090927,20090928,658,11,45,Critical,Regular Air,19,1972.884,0.04,140.91,125.99,7.69,0.07142335788622138,1
3650,26144,20111026,20111027,487,11,185,High,Regular Air,28,75.74,0.1,13.23,2.88,0.99,0.1746765249537893,1
3702,26439,20110915,20110916,560,11,455,Medium,Regular Air,38,1230.83,0.0,75.5,30.98,6.5,0.061340721301885726,1
3703,26439,20110915,20110915,560,11,501,Medium,Regular Air,37,169.93,0.04,-114.35,4.28,5.74,-0.6729241452362738,0
3704,26439,20110915,20110917,560,11,670,Medium,Regular Air,23,1176.944,0.1,53.65,65.99,4.99,0.045584156935249254,2
3707,26466,20090611,20090612,224,11,702,Critical,Regular Air,29,909.721,0.01,287.99,35.99,5.99,0.31656958562020665,1
3937,28037,20091212,20091213,657,11,262,High,Regular Air,31,203.53,0.06,-101.28,6.68,6.93,-0.4976170589102344,1
3967,28294,20120522,20120523,487,11,231,High,Regular Air,47,63.47,0.0,-19.92,1.26,0.7,-0.3138490625492359,1
3984,28453,20121228,20121228,204,11,117,Critical,Regular Air,26,560.03,0.04,-139.87,21.66,13.99,-0.24975447743870866,0
3993,28512,20100427,20100428,487,11,162,Medium,Regular Air,11,323.91,0.09,-96.53,30.73,4.0,-0.29801488067673115,1
3994,28512,20100427,20100429,487,11,94,Medium,Regular Air,10,185.59,0.1,12.01,19.98,5.77,0.0647125383910771,2
3995,28512,20100427,20100429,487,11,1127,Medium,Regular Air,18,7168.15,0.05,1593.61,419.19,19.99,0.22231817135523113,2
4011,28641,20111012,20111013,653,11,1090,Not Specified,Express Air,33,278.65,0.05,-36.34,8.32,2.38,-0.1304144984747892,1
4045,28867,20110722,20110723,657,11,155,Medium,Regular Air,43,866.73,0.1,-199.98,20.97,6.5,-0.23072929285936794,1
4046,28867,20110722,20110723,657,11,806,Medium,Regular Air,6,642.42,0.03,80.01,104.85,19.99,0.12454469038946485,1
4047,28867,20110722,20110724,657,11,95,Medium,Regular Air,26,2169.7525,0.02,374.75,95.99,8.99,0.1727155516585417,2
4055,28899,20120614,20120616,656,11,963,Low,Regular Air,27,4488.2635,0.06,750.55,205.99,5.0,0.16722503034859695,2
4264,30343,20120521,20120523,663,11,1135,Critical,Regular Air,8,41343.21,0.09,3852.19,6783.02,24.49,0.09317588063432908,2
4303,30657,20110510,20110511,664,11,710,High,Express Air,6,273.38,0.06,-170.91,43.22,16.71,-0.6251737508230302,1
4304,30657,20110510,20110512,664,11,847,High,Regular Air,8,179.66,0.01,-1.73,22.24,1.99,-0.009629299788489368,2
4399,31330,20100601,20100602,664,11,1167,High,Regular Air,2,13.5,0.04,-7.9,5.98,1.67,-0.5851851851851853,1
4400,31330,20100601,20100602,664,11,813,High,Regular Air,38,540.64,0.02,13.89,13.43,5.5,0.025691772713820657,1
4428,31556,20110727,20110728,659,11,803,Critical,Regular Air,35,269.35,0.07,-14.99,7.7,3.68,-0.05565249675143864,1
4441,31648,20110820,20110820,526,11,1090,High,Regular Air,8,68.94,0.0,-32.63,8.32,2.38,-0.47331012474615614,0
4442,31648,20110820,20110822,526,11,962,High,Regular Air,10,74.04,0.03,-37.04,6.68,7.3,-0.5002701242571582,2
4510,32100,20120523,20120525,658,11,559,Medium,Regular Air,29,1104.28,0.08,359.75,40.98,1.99,0.3257778824211251,2
4593,32675,20091103,20091104,654,11,196,High,Delivery Truck,20,6865.19,0.09,1541.68,349.45,60.0,0.2245647971869679,1
4605,32804,20120909,20120910,204,11,46,Medium,Regular Air,49,174.81,0.07,74.82,3.75,0.5,0.4280075510554316,1
4606,32804,20120909,20120911,204,11,983,Medium,Regular Air,20,89.51,0.02,-61.99,3.98,5.26,-0.6925483186236174,2
4608,32806,20110621,20110622,204,11,99,High,Express Air,48,175.99,0.1,77.3,3.69,0.5,0.4392295016762316,1
4609,32806,20110621,20110623,204,11,321,High,Regular Air,33,221.23,0.02,-45.29,6.68,5.2,-0.20471907065045428,2
4635,32996,20101217,20101220,656,11,562,Critical,Regular Air,15,262.29,0.09,7.26,17.78,5.03,0.027679286286171792,3
4636,32996,20101217,20101219,656,11,248,Critical,Regular Air,2,116.314,0.04,-300.85,65.99,3.9,-2.5865330054851525,2
4657,33184,20120213,20120215,660,11,972,Not Specified,Regular Air,32,402.49,0.0,41.79,11.7,5.63,0.10382866655072175,2
4658,33184,20120213,20120215,660,11,1164,Not Specified,Regular Air,1,1754.29,0.09,-961.5,1889.99,19.99,-0.5480849802484196,2
4742,33731,20121008,20121009,654,11,649,High,Delivery Truck,27,8213.37,0.02,1148.88,284.98,69.55,0.13987924566895196,1
4743,33731,20121008,20121008,654,11,821,High,Regular Air,32,109.01,0.09,8.45,3.58,1.63,0.07751582423630858,0
4744,33731,20121008,20121010,654,11,468,High,Regular Air,12,138.88,0.05,-23.99,11.29,5.03,-0.17273905529953917,2
4799,34112,20110901,20110903,660,11,382,Critical,Regular Air,13,315.792,0.1,-105.77,28.99,8.59,-0.3349356538481026,2
4896,34849,20101012,20101014,204,11,85,Critical,Regular Air,3,11.76,0.1,-2.83,4.13,0.5,-0.24064625850340138,2
4897,34849,20101012,20101013,204,11,1065,Critical,Regular Air,22,100.13,0.08,19.77,4.73,1.52,0.19744332367921702,1
4898,34849,20101012,20101013,204,11,1127,Critical,Regular Air,3,1192.93,0.07,-434.81,419.19,19.99,-0.3644891150360876,1
5337,37923,20100327,20100328,664,11,184,Not Specified,Regular Air,29,198.43,0.01,-79.67,6.48,6.81,-0.40150178904399536,1
5376,38215,20100102,20100103,660,11,591,Critical,Regular Air,42,756.7295,0.07,64.78,20.99,4.81,0.08560522617394987,1
5377,38215,20100102,20100104,660,11,806,Critical,Express Air,38,3676.96,0.09,1233.45,104.85,19.99,0.3354537443975458,2
5445,38659,20100330,20100403,654,11,432,Low,Regular Air,48,3982.42,0.04,1560.82,83.1,6.13,0.39192752145680265,4
5446,38659,20100330,20100406,654,11,308,Low,Delivery Truck,32,4025.66,0.05,-395.12,124.49,51.94,-0.09815036540592102,7
5499,38982,20090717,20090718,658,11,395,Not Specified,Regular Air,43,1114.42,0.09,425.07,28.48,1.99,0.38142711006622276,1
5642,39908,20090510,20090512,147,11,989,Low,Regular Air,23,753.75,0.1,31.17,34.99,7.73,0.04135323383084577,2
5690,40225,20110109,20110116,655,11,1214,Low,Regular Air,50,839.07,0.06,212.73,16.74,5.08,0.253530694697701,7
5691,40225,20110109,20110111,655,11,302,Low,Delivery Truck,45,5643.49,0.05,-1857.06,122.99,70.2,-0.32906233554059633,2
5718,40512,20100917,20100918,526,11,1132,Medium,Regular Air,41,405.83,0.06,178.86,9.9,1.39,0.44072641253726935,1
5869,41636,20090814,20090815,662,11,348,Critical,Regular Air,47,5294.48,0.03,1521.31,107.53,5.81,0.287338888804944,1
5870,41636,20090814,20090816,662,11,1231,Critical,Regular Air,25,423.15,0.05,-47.28,16.98,7.78,-0.11173342786246013,2
5871,41636,20090814,20090816,662,11,1082,Critical,Regular Air,27,2762.857,0.03,722.24,115.99,4.23,0.26141056160344167,2
5894,41799,20090623,20090624,654,11,539,High,Regular Air,21,1130.806,0.04,95.15,65.99,4.99,0.08414352240791081,1
5904,41857,20110506,20110511,204,11,51,Low,Express Air,45,461.05,0.04,-38.39,9.65,6.22,-0.08326645700032534,5
5970,42342,20090904,20090906,150,11,832,Not Specified,Delivery Truck,43,9501.624,0.07,-686.45,286.85,61.76,-0.07224554455112095,2
5977,42374,20120717,20120717,660,11,320,Critical,Express Air,21,205.32,0.08,37.3,10.01,1.99,0.18166764075589323,0
5978,42374,20120717,20120718,660,11,1214,Critical,Regular Air,47,807.6,0.0,214.3,16.74,5.08,0.2653541357107479,1
5979,42374,20120717,20120719,660,11,173,Critical,Regular Air,11,694.17,0.0,174.22,59.78,10.29,0.25097598570955243,2
6016,42631,20090509,20090509,60,11,865,High,Regular Air,41,257.66,0.05,-69.23,6.48,2.74,-0.2686874175269735,0
6017,42631,20090509,20090510,60,11,397,High,Regular Air,18,211.4,0.09,91.63,12.53,0.5,0.4334437086092715,1
6018,42631,20090509,20090510,60,11,1192,High,Regular Air,44,287.22,0.06,-72.93,6.68,5.41,-0.2539168581575099,1
6019,42631,20090509,20090511,60,11,1199,High,Express Air,22,1148.0355,0.08,21.98,65.99,8.99,0.019145749412801262,2
6066,42979,20110501,20110503,657,11,557,Not Specified,Delivery Truck,29,2770.79,0.02,109.39,90.98,30.0,0.03947971517148539,2
6077,43045,20120614,20120616,147,11,1064,Medium,Regular Air,47,5301.2,0.01,1126.72,105.29,10.12,0.2125405568550517,2
6078,43045,20120614,20120614,147,11,465,Medium,Delivery Truck,12,418.44,0.05,-407.17,31.76,45.51,-0.9730666284294045,0
6085,43110,20110206,20110206,657,11,549,High,Regular Air,3,21.01,0.0,-9.69,4.98,5.02,-0.46120894811994284,0
6086,43110,20110206,20110208,657,11,480,High,Regular Air,1,3457.99,0.05,-11861.46,3499.99,24.49,-3.4301602954317394,2
6104,43239,20110316,20110318,204,11,695,Not Specified,Regular Air,14,270.25,0.02,100.9,18.94,1.49,0.3733580018501388,2
6313,44678,20121013,20121013,660,11,1141,Low,Regular Air,36,1152.63,0.03,389.4,32.48,7.09,0.33783607922750575,0
6314,44678,20121013,20121015,660,11,79,Low,Regular Air,4,7.56,0.1,-5.53,1.89,0.76,-0.7314814814814815,2
6326,44805,20120914,20120915,654,11,247,High,Regular Air,40,1710.65,0.01,782.01,41.94,2.99,0.4571420220384064,1
6335,44897,20100309,20100311,659,11,517,High,Regular Air,11,85.62,0.07,-81.22,7.28,11.15,-0.9486101378182666,2
6610,47015,20110213,20110214,60,11,832,Not Specified,Delivery Truck,19,5441.06,0.06,-557.2,286.85,61.76,-0.10240651637732354,1
6636,47175,20100425,20100426,60,11,1057,Not Specified,Regular Air,40,70.45,0.1,-2.31,1.82,1.0,-0.032789212207239175,1
6638,47203,20091218,20091219,150,11,404,Critical,Regular Air,8,129.18,0.04,-30.02,15.98,4.0,-0.23238891469267686,1
6639,47203,20091218,20091220,150,11,209,Critical,Regular Air,44,1016.26,0.06,337.97,22.84,5.47,0.33256253321000534,2
6646,47270,20100802,20100805,569,11,277,Critical,Express Air,40,382.65,0.03,47.61,9.27,4.39,0.124421795374363,3
6647,47270,20100802,20100804,569,11,184,Critical,Regular Air,9,61.0,0.08,-34.25,6.48,6.81,-0.5614754098360656,2
6648,47270,20100802,20100804,569,11,595,Critical,Regular Air,19,3559.613,0.0,747.74,205.99,3.0,0.21006216125179902,2
6680,47524,20100415,20100415,60,11,795,Medium,Regular Air,40,245.82,0.08,86.44,6.45,1.34,0.35163941095110246,0
6748,48035,20090331,20090401,653,11,591,Critical,Express Air,8,155.924,0.09,-63.12,20.99,4.81,-0.4048126010107488,1
6752,48096,20090612,20090613,569,11,60,High,Express Air,3,34.23,0.02,-9.5,6.48,7.86,-0.27753432661408123,1
6753,48096,20090612,20090614,569,11,969,High,Regular Air,22,383.33,0.03,27.62,17.07,8.13,0.07205280045913444,2
6859,48868,20120613,20120615,664,11,758,Not Specified,Express Air,47,7647.97,0.05,-1014.01,167.27,35.0,-0.13258550961889232,2
6860,48868,20120613,20120614,664,11,194,Not Specified,Regular Air,43,6861.8545,0.07,1754.08,195.99,3.99,0.25562768782112766,1
6955,49760,20111001,20111002,569,11,457,Medium,Regular Air,3,44.84,0.09,37.74,14.2,5.3,0.8416592328278323,1
6956,49760,20111001,20111003,569,11,757,Medium,Regular Air,13,1281.1795,0.02,-26.62,115.99,5.92,-0.020777728647703154,2
6957,49760,20111001,20111003,569,11,41,Medium,Express Air,38,710.33,0.09,62.53,18.97,9.03,0.08802950741204792,2
6975,49830,20090709,20090711,551,11,1146,Critical,Regular Air,31,16949.44,0.01,7858.08,525.98,19.99,0.4636188570241849,2
7027,50147,20091008,20091009,569,11,635,Medium,Regular Air,42,1504.01,0.05,211.04,35.89,14.72,0.1403182159693087,1
7028,50147,20091008,20091008,569,11,57,Medium,Regular Air,13,163.62,0.0,16.34,11.48,5.43,0.09986554210976653,0
7044,50304,20100131,20100202,654,11,854,Critical,Regular Air,22,887.98,0.04,239.94,39.98,9.83,0.27020878848622715,2
7045,50304,20100131,20100202,654,11,897,Critical,Delivery Truck,3,72.46,0.05,-60.74,15.23,27.75,-0.8382555892906433,2
7112,50756,20100909,20100910,551,11,296,Not Specified,Regular Air,19,470.39,0.08,-147.99,26.31,5.89,-0.31461128000170074,1
7113,50756,20100909,20100909,551,11,32,Not Specified,Regular Air,2,15.04,0.02,-6.12,7.31,0.49,-0.4069148936170213,0
7173,51201,20111216,20111216,654,11,1140,High,Regular Air,42,312.05,0.04,-342.38,7.38,11.51,-1.0971959621855472,0
7227,51554,20090326,20090328,653,11,459,Medium,Delivery Truck,7,545.04,0.05,-210.06,68.81,60.0,-0.38540290620871864,2
7228,51554,20090326,20090327,653,11,796,Medium,Regular Air,29,606.91,0.09,-271.77,20.89,11.52,-0.44779291822510753,1
7325,52197,20120804,20120805,657,11,12,Critical,Regular Air,23,91.94,0.01,-10.11,3.95,2.0,-0.10996301936045247,1
7326,52197,20120804,20120806,657,11,391,Critical,Regular Air,6,377.03,0.06,-78.82,64.98,6.88,-0.20905498236214626,2
7380,52615,20091019,20091023,653,11,44,Low,Regular Air,4,67.22,0.05,-139.53,4.48,49.0,-2.0757215114549243,4
7381,52615,20091019,20091023,653,11,683,Low,Regular Air,18,76.85,0.1,-64.08,4.24,5.41,-0.8338321405335068,4
7395,52678,20120729,20120731,654,11,112,High,Delivery Truck,3,112.79,0.06,-95.39,20.98,53.03,-0.8457310045216774,2
7770,55621,20110315,20110317,147,11,410,Low,Regular Air,50,6356.68,0.03,1812.86,128.24,12.65,0.285189753141577,2
7771,55621,20110315,20110322,147,11,406,Low,Regular Air,47,193.15,0.09,27.76,4.28,0.94,0.1437224954698421,7
7891,56423,20111225,20111226,660,11,1045,Not Specified,Express Air,41,170.82,0.0,85.45,3.69,0.5,0.5002341646177263,1
7892,56423,20111225,20111226,660,11,1127,Not Specified,Regular Air,4,1609.69,0.04,-281.17,419.19,19.99,-0.1746733843162348,1
7923,56644,20121128,20121130,105,11,1157,Not Specified,Regular Air,36,82.09,0.02,11.44,2.21,1.0,0.13935923985869167,2
8016,57280,20120131,20120201,660,11,680,Medium,Express Air,44,299.85,0.03,-260.8,6.48,10.05,-0.8697682174420543,1
8052,57478,20101003,20101004,526,11,1006,Critical,Regular Air,36,63.53,0.1,-2.51,1.88,0.79,-0.03950889343617189,1
8059,57510,20111210,20111210,658,11,321,Not Specified,Regular Air,6,48.05,0.01,-11.34,6.68,5.2,-0.23600416233090532,0
8098,57767,20120411,20120413,653,11,425,Critical,Regular Air,34,3373.7095,0.01,861.72,110.99,8.99,0.25542211029135736,2
8101,57799,20110831,20110902,656,11,281,High,Delivery Truck,25,12343.07,0.02,3972.72,500.97,69.3,0.3218583383226377,2
8192,58595,20100829,20100830,147,11,693,High,Express Air,41,812.21,0.06,-128.02,20.28,14.39,-0.15761933490107238,1
8217,58755,20111203,20111205,569,11,610,Low,Regular Air,7,15.61,0.03,-5.19,2.08,1.49,-0.33247918001281235,2
8218,58755,20111203,20111212,569,11,943,Low,Regular Air,18,47.11,0.0,-95.42,2.18,7.09,-2.0254722988749734,9
8250,59008,20100929,20100929,204,11,603,Critical,Delivery Truck,39,3451.85,0.05,1264.75,90.97,14.0,0.36639772875414633,0
8287,59205,20111031,20111102,147,11,917,Critical,Regular Air,11,54.59,0.0,-47.18,4.13,6.89,-0.8642608536361971,2
8288,59205,20111031,20111102,147,11,1043,Critical,Regular Air,35,597.04,0.05,-157.42,16.74,7.04,-0.2636674259681093,2
8322,59491,20120324,20120325,526,11,338,High,Regular Air,8,32.31,0.09,-33.59,3.58,5.47,-1.0396162178891983,1
8323,59491,20120324,20120324,526,11,1140,High,Regular Air,6,57.9,0.03,-48.14,7.38,11.51,-0.8314335060449051,0
8324,59491,20120324,20120326,526,11,138,High,Regular Air,46,562.95,0.06,147.12,12.22,2.85,0.26133759658939515,2
8361,59776,20090309,20090313,657,11,182,Low,Express Air,35,285.01,0.01,124.82,7.64,1.39,0.4379495456299779,4
8362,59776,20090309,20090313,657,11,749,Low,Delivery Truck,33,12215.43,0.07,5255.45,400.97,48.26,0.43023045443345015,4
8372,59809,20110308,20110310,569,11,972,Not Specified,Regular Air,12,138.67,0.08,-9.72,11.7,5.63,-0.07009446888295956,2
8373,59809,20110308,20110309,569,11,455,Not Specified,Regular Air,16,506.84,0.02,-38.32,30.98,6.5,-0.07560571383474075,1
8392,59943,20100609,20100610,551,11,319,Critical,Regular Air,43,679.65,0.0,31.2,15.01,8.4,0.04590598101964247,1
48,292,20120112,20120113,571,11,1132,High,Regular Air,43,412.62,0.08,175.54,9.9,1.39,0.4254277543502496,1
417,2817,20090418,20090419,665,11,1130,Medium,Regular Air,14,3830.14,0.1,202.25,300.97,7.18,0.05280485830805141,1
418,2817,20090418,20090420,665,11,15,Medium,Regular Air,40,1559.86,0.06,672.37,39.89,3.04,0.4310450937904684,2
426,2852,20100115,20100115,665,11,78,Critical,Regular Air,10,74.87,0.02,-43.97,6.48,8.19,-0.5872846266862561,0
427,2852,20100115,20100116,665,11,1082,Critical,Regular Air,42,3931.318,0.06,1025.45,115.99,4.23,0.26084127511435096,1
626,4359,20100302,20100304,666,11,64,Critical,Regular Air,21,215.76,0.09,-97.75,10.9,7.46,-0.45304968483500185,2
1136,8293,20120810,20120814,437,11,546,Low,Regular Air,22,75.03,0.02,-31.52,3.14,1.92,-0.42009862721578034,4
1254,9095,20110610,20110612,667,11,587,High,Regular Air,23,294.91,0.03,-37.27,12.44,6.27,-0.12637753891017597,2
1276,9254,20100514,20100516,668,11,343,Medium,Express Air,24,131.65,0.01,67.41,4.91,0.5,0.5120394986707177,2
1346,9829,20111208,20111209,571,11,122,Critical,Regular Air,23,750.39,0.04,133.71,30.98,11.63,0.17818734258185745,1
1347,9829,20111208,20111210,571,11,999,Critical,Regular Air,4,18.46,0.06,-0.43,4.91,0.5,-0.023293607800650054,2
1460,10528,20090913,20090915,669,11,1046,Medium,Express Air,47,838.4,0.02,-132.91,17.7,9.47,-0.15852814885496183,2
1492,10754,20100317,20100319,670,11,772,Low,Regular Air,7,48.04,0.09,-23.28,6.48,5.94,-0.48459616985845133,2
1541,11109,20110315,20110316,670,11,677,Medium,Regular Air,18,130.38,0.08,31.52,7.4,1.71,0.24175487037889248,1
1581,11426,20090507,20090508,671,11,663,Medium,Regular Air,19,333.68,0.01,81.96,16.48,1.99,0.24562455046751377,1
1797,12869,20090125,20090128,671,11,1232,Not Specified,Regular Air,15,1532.482,0.1,-43.0,125.99,8.99,-0.028059057137375838,3
1825,13094,20100818,20100819,668,11,532,Not Specified,Regular Air,7,283.57,0.02,71.21,37.94,5.08,0.25111965299573297,1
2001,14274,20090106,20090108,668,11,567,Not Specified,Delivery Truck,23,3674.08,0.01,112.44,150.98,30.0,0.03060357967164569,2
2002,14274,20090106,20090108,668,11,159,Not Specified,Express Air,46,1413.89,0.01,-40.72,28.28,13.99,-0.028799977367404816,2
2003,14274,20090106,20090107,668,11,828,Not Specified,Regular Air,2,61.7185,0.03,-164.04,35.99,1.1,-2.657874057211371,1
2039,14530,20090406,20090408,672,11,1174,High,Regular Air,17,1556.61,0.06,-485.55,89.83,35.0,-0.31192784319771816,2
2040,14530,20090406,20090408,672,11,813,High,Regular Air,49,645.14,0.1,-26.32,13.43,5.5,-0.04079734631242831,2
2041,14530,20090406,20090406,672,11,45,High,Regular Air,44,4851.5025,0.01,1371.67,125.99,7.69,0.28273096839587325,0
2157,15462,20110226,20110227,665,11,97,Critical,Regular Air,20,862.64,0.08,320.81,43.41,2.99,0.3718932579059631,1
2181,15715,20121015,20121018,666,11,656,Critical,Regular Air,43,2123.64,0.03,1013.77,47.9,5.86,0.47737375449699576,3
2231,16128,20110508,20110508,669,11,309,High,Regular Air,46,2968.66,0.07,1077.49,63.94,14.48,0.3629550032674675,0
2300,16579,20101212,20101213,670,11,75,Not Specified,Regular Air,33,63.96,0.05,-13.71,1.88,1.49,-0.21435272045028145,1
2301,16579,20101212,20101213,670,11,1233,Not Specified,Regular Air,23,177.23,0.07,4.94,8.14,3.12,0.027873384867121823,1
2348,16935,20121215,20121216,669,11,116,Not Specified,Regular Air,3,14.74,0.06,-2.72,4.48,1.22,-0.18453188602442336,1
2349,16935,20121215,20121217,669,11,808,Not Specified,Express Air,43,117.68,0.09,12.47,2.88,0.7,0.10596532970768185,2
2620,18946,20100504,20100504,666,11,680,Critical,Regular Air,32,202.89,0.07,-201.91,6.48,10.05,-0.9951697964414216,0
2675,19361,20120923,20120925,571,11,217,Low,Regular Air,21,535.57,0.05,131.05,25.38,8.99,0.24469257053233004,2
2813,20292,20121108,20121108,669,11,1131,Medium,Regular Air,26,452.39,0.08,-22.83,17.52,8.17,-0.05046530648334401,0
2814,20292,20121108,20121109,669,11,125,Medium,Regular Air,5,117.13,0.0,-70.47,20.95,4.0,-0.6016392043029113,1
3003,21635,20091202,20091202,671,11,203,Low,Regular Air,2,65.31,0.0,-34.42,24.92,12.98,-0.5270249578931251,0
3045,21860,20120428,20120429,673,11,378,Critical,Express Air,9,73.7,0.06,1.42,7.59,4.0,0.019267299864314788,1
3189,22882,20100913,20100915,665,11,898,Critical,Regular Air,10,71.24,0.03,2.78,6.69,3.1,0.03902302077484559,2
3480,24775,20120217,20120219,672,11,17,Critical,Delivery Truck,15,1616.66,0.0,112.58,100.98,56.22,0.06963740056660027,2
3481,24775,20120217,20120218,672,11,505,Critical,Regular Air,6,96.21,0.06,-19.34,14.58,57.4,-0.2010186051346014,1
3529,25120,20090204,20090206,669,11,383,Medium,Regular Air,46,237.15,0.0,123.02,4.91,0.5,0.5187434113430318,2
3530,25120,20090204,20090205,669,11,517,Medium,Regular Air,22,179.22,0.01,-139.9,7.28,11.15,-0.7806048432094632,1
3531,25120,20090204,20090207,669,11,262,Medium,Regular Air,10,71.86,0.1,-35.52,6.68,6.93,-0.49429446145282496,3
3563,25440,20090206,20090206,666,11,384,High,Delivery Truck,30,6589.304,0.02,912.48,259.71,66.67,0.13847896530498516,0
3608,25799,20110224,20110227,670,11,596,Low,Regular Air,38,136.5,0.05,-216.66,3.34,7.49,-1.5872527472527471,3
3620,25831,20090914,20090916,672,11,482,Medium,Regular Air,6,250.376,0.01,-131.85,45.99,4.99,-0.5266079815956801,2
4000,28545,20110823,20110824,666,11,445,High,Regular Air,15,5296.19,0.1,1164.05,363.25,19.99,0.21979007550710983,1
4060,28929,20121009,20121010,670,11,78,Medium,Regular Air,37,230.97,0.08,-173.73,6.48,8.19,-0.7521756072217171,1
4061,28929,20121009,20121011,670,11,353,Medium,Regular Air,46,723.17,0.09,-154.11,16.98,12.39,-0.21310341966619192,2
4234,30083,20090108,20090109,665,11,714,Not Specified,Regular Air,23,324.28,0.07,20.43,14.56,3.5,0.06300111015172075,1
4331,30853,20110727,20110730,593,11,698,Medium,Regular Air,40,254.02,0.04,123.14,6.3,0.5,0.48476497913550115,3
4345,30944,20110622,20110623,670,11,1214,Critical,Regular Air,32,546.01,0.01,133.56,16.74,5.08,0.2446109045621875,1
4686,33350,20090721,20090721,666,11,1164,Not Specified,Regular Air,1,1786.04,0.1,-924.99,1889.99,19.99,-0.5178999350518465,0
4869,34660,20110903,20110904,672,11,980,Not Specified,Regular Air,4,24.77,0.1,-17.07,4.91,5.68,-0.6891400888171175,1
4870,34660,20110903,20110905,672,11,348,Not Specified,Regular Air,36,3832.37,0.01,1322.07,107.53,5.81,0.34497451968364223,2
4977,35425,20100328,20100330,672,11,338,Not Specified,Regular Air,25,100.34,0.0,-88.19,3.58,5.47,-0.8789117002192545,2
4978,35425,20100328,20100330,672,11,261,Not Specified,Regular Air,45,75.68,0.08,-4.04,1.81,0.75,-0.05338266384778012,2
5251,37350,20120520,20120521,666,11,416,Critical,Regular Air,7,163.14,0.07,-37.5,22.99,8.99,-0.22986392055902907,1
5307,37765,20121124,20121129,673,11,284,Low,Express Air,7,42.66,0.09,-30.74,4.06,6.89,-0.7205813408345054,5
5308,37765,20121124,20121128,673,11,121,Low,Regular Air,18,655.58,0.01,250.67,35.44,5.09,0.38236370847188744,4
5309,37765,20121124,20121129,673,11,655,Low,Delivery Truck,12,1465.33,0.01,-66.38,113.98,30.0,-0.04530037602451325,5
5354,38050,20101026,20101027,665,11,1167,Not Specified,Express Air,31,187.18,0.09,28.91,5.98,1.67,0.1544502617801047,1
5355,38050,20101026,20101028,665,11,808,Not Specified,Regular Air,36,104.21,0.04,15.19,2.88,0.7,0.14576336244122445,2
5356,38050,20101026,20101028,665,11,995,Not Specified,Regular Air,14,1331.224,0.04,-401.42,111.96,69.0,-0.3015420395064993,2
5507,39043,20101222,20101223,665,11,1045,Not Specified,Regular Air,14,50.8,0.09,16.79,3.69,0.5,0.33051181102362204,1
5508,39043,20101222,20101223,665,11,540,Not Specified,Express Air,37,750.89,0.07,-1176.28,20.34,35.0,-1.5665144029085485,1
5709,40388,20120724,20120726,665,11,406,Critical,Regular Air,17,67.73,0.1,2.44,4.28,0.94,0.0360253949505389,2
5963,42309,20090806,20090808,593,11,691,Low,Regular Air,41,854.23,0.01,67.14,20.48,6.32,0.07859709914191729,2
5964,42309,20090806,20090811,593,11,613,Low,Regular Air,26,47.91,0.09,-58.83,1.86,2.58,-1.2279273638071384,5
5965,42309,20090806,20090811,593,11,1038,Low,Regular Air,38,6427.258,0.08,1636.41,205.99,2.5,0.2546046852328007,5
6033,42727,20110429,20110430,670,11,39,Not Specified,Delivery Truck,11,5510.23,0.01,915.8,500.98,26.0,0.16619995898537812,1
6034,42727,20110429,20110430,670,11,342,Not Specified,Regular Air,21,177.06,0.1,-100.61,8.45,7.77,-0.5682254602959449,1
6124,43363,20110905,20110907,665,11,1103,Critical,Delivery Truck,35,12908.4,0.03,4084.86,350.99,59.0,0.31644975364878686,2
6153,43556,20120722,20120727,670,11,536,Low,Regular Air,31,477.16,0.02,204.18,15.04,1.97,0.42790678179227093,5
6364,45156,20110212,20110212,665,11,691,Low,Regular Air,30,663.24,0.01,76.33,20.48,6.32,0.11508654484048006,0
6365,45156,20110212,20110219,665,11,240,Low,Regular Air,35,238.08,0.07,31.65,6.75,2.99,0.13293850806451613,7
6366,45156,20110212,20110217,665,11,397,Low,Regular Air,14,174.3,0.08,75.58,12.53,0.5,0.43362019506597815,5
6396,45410,20090819,20090824,669,11,1234,Low,Regular Air,19,991.36,0.1,-103.11,54.1,19.99,-0.10400863460296965,5
6609,47014,20120513,20120515,593,11,171,Critical,Delivery Truck,33,803.11,0.08,-237.13,25.98,14.36,-0.29526465863953877,2
6733,47942,20100227,20100301,348,11,776,Medium,Regular Air,30,17034.92,0.09,5916.34,599.99,24.49,0.34730659140166203,2
6734,47942,20100227,20100301,348,11,50,Medium,Express Air,3,22.6,0.04,-4.63,5.88,3.04,-0.20486725663716812,2
6735,47942,20100227,20100228,348,11,45,Medium,Express Air,9,918.7395,0.06,-303.56,125.99,7.69,-0.3304092182822225,1
6755,48128,20120411,20120412,671,11,111,Medium,Express Air,5,2600.44,0.03,-921.94,499.99,24.49,-0.3545323099167833,1
6838,48704,20120109,20120110,666,11,1232,High,Regular Air,11,1247.8595,0.01,-55.8,125.99,8.99,-0.044716572659021306,1
6895,49155,20100918,20100923,593,11,521,Low,Regular Air,22,3760.3065,0.05,593.18,195.99,8.99,0.15774777933660458,5
6935,49504,20091116,20091116,673,11,827,Not Specified,Regular Air,45,318.94,0.1,-195.6,7.37,5.53,-0.6132814949520285,0
7006,50016,20090405,20090407,348,11,576,High,Regular Air,15,1093.6355,0.05,119.17,85.99,0.99,0.10896683584247219,2
7024,50145,20110226,20110227,669,11,771,High,Regular Air,18,325.58,0.06,152.28,18.84,3.62,0.4677191473677745,1
7025,50145,20110226,20110226,669,11,852,High,Regular Air,9,458.8,0.0,305.87,46.94,6.77,0.6666739319965126,0
7080,50532,20120814,20120816,674,11,1013,Medium,Regular Air,10,267.06,0.02,76.47,24.95,2.99,0.2863401482812851,2
7081,50532,20120814,20120815,674,11,910,Medium,Regular Air,22,82.98,0.09,13.82,4.0,1.3,0.1665461557001687,1
7182,51266,20090325,20090327,669,11,222,Not Specified,Regular Air,11,1610.29,0.04,221.38,150.98,13.99,0.1374783424103733,2
7183,51266,20090325,20090325,669,11,41,Not Specified,Regular Air,30,617.51,0.01,98.1,18.97,9.03,0.15886382406762642,0
7184,51266,20090325,20090326,669,11,923,Not Specified,Regular Air,23,278.83,0.03,35.16,12.28,4.86,0.12609833949001184,1
7185,51266,20090325,20090327,669,11,989,Not Specified,Express Air,46,1605.22,0.05,230.03,34.99,7.73,0.14330122973797985,2
7208,51426,20101201,20101202,670,11,207,Medium,Regular Air,41,357.01,0.01,64.5,8.33,1.99,0.18066720820145094,1
7682,55045,20091122,20091122,665,11,358,High,Regular Air,20,632.05,0.09,-626.61,32.48,35.0,-0.9913930859900325,0
7704,55234,20100728,20100801,675,11,742,Low,Regular Air,12,600.86,0.09,-82.67,53.98,5.5,-0.13758612655194222,4
7705,55234,20100728,20100730,675,11,1169,Low,Regular Air,5,17.06,0.03,-7.54,2.98,2.03,-0.4419695193434936,2
7782,55683,20120715,20120716,593,11,179,High,Regular Air,23,1198.1,0.02,187.19,51.75,19.99,0.15623904515482848,1
7817,55906,20091126,20091128,670,11,829,Critical,Regular Air,49,276.3,0.02,14.84,5.58,2.99,0.053709735794426346,2
7818,55906,20091126,20091127,670,11,515,Critical,Regular Air,15,120.52,0.06,43.92,7.98,1.25,0.3644208430136077,1
7819,55906,20091126,20091127,670,11,1234,Critical,Regular Air,42,2269.01,0.02,-19.37,54.1,19.99,-0.008536762729119747,1
7838,56032,20111219,20111219,348,11,1198,Not Specified,Regular Air,31,2893.31,0.1,937.64,96.45,13.99,0.3240717379057204,0
7839,56032,20111219,20111221,348,11,740,Not Specified,Delivery Truck,25,3923.27,0.03,-85.86,159.31,60.0,-0.021884805277230475,2
7847,56103,20101226,20101228,670,11,757,High,Regular Air,24,2332.5955,0.07,366.86,115.99,5.92,0.15727544702885693,2
19,130,20120507,20120509,676,11,222,High,Express Air,3,461.89,0.05,-309.82,150.98,13.99,-0.670765766740999,2
20,130,20120507,20120508,676,11,41,High,Regular Air,29,575.11,0.02,71.75,18.97,9.03,0.12475874180591538,1
21,130,20120507,20120510,676,11,716,High,Regular Air,23,236.46,0.05,-134.31,9.71,9.45,-0.5680030449124588,3
126,805,20110704,20110706,677,11,1112,Not Specified,Regular Air,39,197.56,0.02,-119.86,4.97,5.71,-0.6067017614901802,2
324,2240,20120305,20120306,484,11,448,Not Specified,Regular Air,17,186.02,0.01,16.48,10.64,5.16,0.08859262444898398,1
325,2240,20120305,20120306,484,11,1162,Not Specified,Regular Air,5,142.44,0.06,-22.12,28.15,6.17,-0.15529345689413088,1
326,2241,20100510,20100512,484,11,1013,Critical,Regular Air,38,967.78,0.04,369.33,24.95,2.99,0.38162598937775116,2
667,4674,20090418,20090419,678,11,157,Critical,Delivery Truck,23,3041.33,0.02,-260.41,130.98,30.0,-0.08562372383135011,1
676,4737,20100310,20100311,676,11,50,Not Specified,Regular Air,49,314.21,0.0,49.77,5.88,3.04,0.15839725024665036,1
727,5221,20110608,20110610,679,11,395,Not Specified,Regular Air,48,1347.63,0.07,562.89,28.48,1.99,0.4176888315041962,2
781,5568,20110606,20110607,680,11,551,Medium,Regular Air,8,120.22,0.07,52.69,14.34,5.0,0.4382798203293961,1
842,6020,20090921,20090923,681,11,746,Medium,Regular Air,23,66.09,0.09,13.71,2.88,0.99,0.2074443940081707,2
849,6112,20090823,20090823,681,11,838,Medium,Delivery Truck,10,1597.37,0.02,-533.69,146.05,80.2,-0.3341054358101129,0
850,6112,20090823,20090824,681,11,238,Medium,Regular Air,31,1753.958,0.06,382.39,65.99,5.92,0.21801548269684906,1
871,6272,20100227,20100301,680,11,215,High,Regular Air,33,497.4,0.05,37.9,14.98,8.99,0.07619622034579815,2
872,6272,20100227,20100301,680,11,308,High,Delivery Truck,48,4965.384,0.0,-175.46,124.49,51.94,-0.035336642644355404,2
873,6272,20100227,20100301,680,11,967,High,Express Air,8,358.4195,0.09,-275.06,55.99,2.5,-0.7674247634406052,2
874,6272,20100227,20100301,680,11,135,High,Regular Air,31,3232.68,0.03,875.45,105.98,13.99,0.2708124528255194,2
904,6501,20120113,20120115,681,11,1166,High,Regular Air,35,236.99,0.06,-95.79,6.48,6.74,-0.4041942698004135,2
905,6501,20120113,20120115,681,11,45,High,Regular Air,46,4617.336,0.09,978.35,125.99,7.69,0.21188624782775176,2
908,6529,20121126,20121128,293,11,675,Medium,Regular Air,35,89.71,0.04,20.71,2.62,0.8,0.23085497714858993,2
994,7171,20110213,20110215,682,11,305,Medium,Regular Air,28,1703.8505,0.0,316.06,65.99,8.99,0.18549749523212278,2
995,7171,20110213,20110215,682,11,164,Medium,Regular Air,17,303.1865,0.02,92.59,20.99,0.99,0.3053895869374131,2
1058,7815,20090122,20090123,683,11,280,Critical,Regular Air,6,187.37,0.09,-125.96,32.98,5.5,-0.6722527619149277,1
1360,9921,20110514,20110514,683,11,69,Low,Regular Air,23,356.09,0.05,155.82,15.67,1.39,0.4375860035384313,0
1386,10053,20120110,20120113,610,11,24,High,Regular Air,31,162.58,0.0,-109.86,4.89,4.93,-0.675728871939968,3
1387,10053,20120110,20120112,610,11,1025,High,Delivery Truck,44,6815.23,0.0,-196.07,150.98,39.25,-0.028769388560620845,2
1422,10309,20091121,20091121,684,11,498,Low,Regular Air,23,496.15,0.03,213.38,20.98,1.49,0.43007155094225535,0
1517,10978,20090401,20090402,677,11,759,Critical,Delivery Truck,9,566.53,0.06,-209.6,60.98,30.0,-0.36997158138139197,1
1518,10979,20111004,20111006,683,11,616,Medium,Regular Air,15,486.43,0.0,285.35,30.93,3.92,0.5866208909812306,2
1519,10979,20111004,20111006,683,11,985,Medium,Express Air,7,144.95,0.08,10.82,19.98,5.86,0.07464642980338049,2
1540,11108,20120816,20120818,293,11,552,Not Specified,Regular Air,20,131.71,0.1,-44.0,6.48,5.74,-0.3340672690000759,2
1670,12067,20100204,20100204,677,11,241,Critical,Regular Air,45,271.06,0.0,-76.6,5.74,5.01,-0.28259425957352613,0
1671,12067,20100204,20100205,677,11,1182,Critical,Regular Air,6,58.84,0.05,4.29,9.48,3.72,0.07290958531611148,1
1672,12067,20100204,20100205,677,11,547,Critical,Regular Air,12,1211.72,0.04,587.84,99.23,8.99,0.4851285775591721,1
1673,12067,20100204,20100205,677,11,249,Critical,Regular Air,9,75.26,0.01,-17.24,7.64,5.83,-0.22907254849853836,1
1674,12067,20100204,20100205,677,11,614,Critical,Regular Air,7,407.116,0.08,-289.81,65.99,19.99,-0.7118609929356744,1
1788,12804,20120525,20120528,550,11,409,Medium,Regular Air,21,69.06,0.0,28.47,3.08,0.5,0.41225021720243266,3
1789,12804,20120525,20120527,550,11,261,Medium,Regular Air,50,84.01,0.08,-4.17,1.81,0.75,-0.049636947982383044,2
1790,12804,20120525,20120527,550,11,750,Medium,Express Air,34,592.92,0.02,-44.92,16.06,8.34,-0.07576064224515956,2
1892,13575,20120829,20120901,293,11,78,Critical,Express Air,15,106.1,0.09,-65.67,6.48,8.19,-0.6189443920829407,3
1907,13635,20090501,20090502,680,11,877,Critical,Regular Air,28,149.0,0.06,-119.48,4.98,7.44,-0.8018791946308725,1
1908,13635,20090501,20090503,680,11,673,Critical,Regular Air,49,334.29,0.01,-157.28,6.48,7.37,-0.47048969457656525,2
1998,14245,20100211,20100212,685,11,1162,Critical,Regular Air,17,454.09,0.1,29.7,28.15,6.17,0.06540553634742012,1
2203,15904,20091027,20091028,684,11,429,Not Specified,Regular Air,39,124.01,0.08,-109.02,3.28,3.97,-0.8791226513990806,1
2204,15904,20091027,20091029,684,11,608,Not Specified,Express Air,49,1836.84,0.09,129.95,40.97,8.99,0.07074649942292197,2
2279,16422,20111009,20111010,686,11,896,Critical,Regular Air,40,272.01,0.01,-42.45,6.48,5.14,-0.1560604389544502,1
2280,16422,20111009,20111011,686,11,804,Critical,Regular Air,16,171.5,0.02,-20.41,10.23,4.68,-0.11900874635568513,2
2394,17345,20110802,20110804,293,11,249,Critical,Regular Air,23,195.61,0.0,-17.02,7.64,5.83,-0.08700986657123869,2
2504,18208,20120401,20120403,676,11,474,Not Specified,Regular Air,34,197.45,0.06,65.44,5.68,1.39,0.33142567738668016,2
2505,18208,20120401,20120403,676,11,1059,Not Specified,Regular Air,36,82.98,0.08,-137.87,2.28,5.2,-1.6614846951072548,2
2556,18500,20120211,20120212,677,11,127,Medium,Delivery Truck,44,2507.79,0.08,-779.81,58.14,36.61,-0.31095506402051204,1
2557,18500,20120211,20120212,677,11,280,Medium,Regular Air,30,1052.68,0.02,-19.27,32.98,5.5,-0.018305657939734772,1
2558,18500,20120211,20120213,677,11,74,Medium,Regular Air,30,2536.31,0.01,-643.46,80.98,35.0,-0.25369927177671503,2
2580,18597,20100926,20100927,682,11,878,Medium,Regular Air,37,101.2,0.1,38.58,2.88,0.5,0.3812252964426877,1
2605,18822,20101221,20101230,293,11,403,Low,Regular Air,34,1950.036,0.03,361.89,65.99,8.99,0.18558118927035192,9
2661,19232,20090712,20090717,293,11,864,Low,Regular Air,43,265.38,0.04,-107.59,6.24,5.22,-0.4054186449619414,5
2662,19232,20090712,20090714,293,11,463,Low,Regular Air,5,33.41,0.09,-3.48,6.68,1.5,-0.10416043100868004,2
2663,19232,20090712,20090719,293,11,243,Low,Delivery Truck,28,7157.16,0.09,1150.33,260.98,41.91,0.1607243655304618,7
2676,19363,20110705,20110706,680,11,674,High,Regular Air,44,286.06,0.1,-85.09,6.68,5.66,-0.2974550793539817,1
2677,19363,20110705,20110707,680,11,582,High,Regular Air,41,248.1,0.04,49.67,5.98,0.96,0.20020153164046756,2
2679,19367,20090420,20090422,683,11,478,High,Regular Air,20,112.42,0.09,7.4,5.98,2.5,0.06582458637253158,2
2755,19911,20111006,20111007,687,11,70,High,Regular Air,43,1054.7,0.07,213.26,25.98,5.37,0.20219967763345026,1
2756,19911,20111006,20111008,687,11,334,High,Delivery Truck,38,5349.21,0.01,61.9,135.99,28.63,0.01157180219135162,2
2757,19911,20111006,20111006,687,11,222,High,Regular Air,39,4859.37,0.07,2472.32,150.98,13.99,0.5087737710855523,0
2848,20517,20100915,20100917,684,11,361,Low,Regular Air,39,116.63,0.03,6.81,2.94,0.96,0.058389779645031295,2
2995,21605,20120408,20120410,685,11,759,High,Delivery Truck,32,1932.97,0.08,-514.94,60.98,30.0,-0.26639834037776067,2
2996,21605,20120408,20120410,685,11,448,High,Regular Air,46,476.49,0.1,-18.57,10.64,5.16,-0.038972486306113455,2
3040,21830,20090111,20090118,682,11,802,Low,Delivery Truck,19,6991.65,0.08,906.8,399.98,12.06,0.12969756781303413,7
3086,22147,20090116,20090120,678,11,200,Low,Regular Air,37,832.14,0.04,175.07,22.72,8.99,0.2103852717090874,4
3092,22182,20120905,20120906,293,11,1030,Medium,Regular Air,4,55.97,0.09,-19.34,12.53,7.17,-0.3455422547793461,1
3093,22182,20120905,20120908,293,11,507,Medium,Regular Air,9,174.72,0.06,-63.48,19.98,4.0,-0.3633241758241758,3
3094,22182,20120905,20120907,293,11,945,Medium,Express Air,48,2271.37,0.09,528.11,49.34,10.25,0.2325072533316897,2
3103,22243,20090115,20090116,683,11,25,Critical,Regular Air,9,24.76,0.09,-1.82,2.88,0.7,-0.07350565428109855,1
3218,23104,20110409,20110410,684,11,715,Medium,Express Air,3,30.92,0.02,28.64,6.98,2.83,0.926261319534282,1
3219,23104,20110409,20110412,684,11,622,Medium,Regular Air,24,142.8,0.01,-25.0,5.81,3.37,-0.17507002801120447,3
3267,23363,20120529,20120605,679,11,479,Low,Regular Air,46,241.81,0.02,-94.83,4.91,4.97,-0.3921674041602911,7
3298,23559,20100718,20100725,293,11,258,Low,Express Air,14,425.67,0.03,166.57,28.53,1.49,0.39131251908755604,7
3299,23559,20100718,20100723,293,11,169,Low,Regular Air,9,173.44,0.02,-34.63,17.98,8.51,-0.19966559040590406,5
3389,24160,20110201,20110202,683,11,936,Medium,Regular Air,44,3644.596,0.06,1104.32,95.99,4.9,0.3030020336959158,1
3392,24193,20090314,20090316,686,11,894,Not Specified,Delivery Truck,45,9539.6,0.02,-163.63,200.98,55.96,-0.017152710805484507,2
3393,24193,20090314,20090315,686,11,158,Not Specified,Regular Air,24,109.86,0.02,-63.87,4.28,5.17,-0.5813762971054068,1
3394,24193,20090314,20090316,686,11,56,Not Specified,Regular Air,19,1426.5125,0.04,-175.18,85.99,0.99,-0.12280298980906232,2
3409,24352,20100510,20100510,677,11,1171,Critical,Regular Air,32,103.48,0.03,20.53,3.14,1.14,0.1983958252802474,0
3460,24646,20110415,20110416,684,11,69,Not Specified,Regular Air,46,662.51,0.09,293.32,15.67,1.39,0.44274048693604623,1
3461,24646,20110415,20110417,684,11,808,Not Specified,Regular Air,21,61.18,0.0,6.85,2.88,0.7,0.11196469434455704,2
3508,24993,20100311,20100313,686,11,967,High,Regular Air,36,1561.2205,0.09,-226.82,55.99,2.5,-0.14528376997355594,2
3517,25060,20090720,20090722,687,11,165,Not Specified,Regular Air,6,7767.02,0.03,2070.62,1270.99,19.99,0.26659130528825725,2
3518,25060,20090720,20090722,687,11,1235,Not Specified,Delivery Truck,1,1893.93,0.07,-4654.73,2036.48,14.7,-2.4577096302397656,2
3568,25447,20120523,20120524,680,11,200,Not Specified,Regular Air,25,536.21,0.09,106.98,22.72,8.99,0.19951138546465003,1
3569,25447,20120523,20120526,680,11,301,Not Specified,Delivery Truck,18,4428.56,0.03,213.62,296.18,54.12,0.04823689867586755,3
3660,26214,20111120,20111121,686,11,16,Medium,Express Air,19,305.68,0.1,128.17,15.74,1.39,0.4192946872546453,1
3661,26214,20111120,20111121,686,11,852,Medium,Regular Air,41,1901.29,0.08,870.8,46.94,6.77,0.45800482830078526,1
3767,26913,20090929,20091001,683,11,815,High,Regular Air,11,642.9145,0.01,-118.8,65.99,8.99,-0.18478351320432188,2
3822,27265,20120506,20120506,678,11,1035,Critical,Regular Air,49,14981.74,0.02,-1791.5,299.99,11.64,-0.11957890071513723,0
3823,27265,20120506,20120507,678,11,325,Critical,Express Air,36,5587.2,0.05,2254.16,162.93,19.99,0.403450744558992,1
3824,27265,20120506,20120508,678,11,956,Critical,Express Air,49,401.39,0.03,161.95,8.34,0.96,0.4034729315628192,2
3855,27491,20090409,20090411,676,11,881,Not Specified,Regular Air,11,985.01,0.04,186.05,90.48,19.99,0.18888133115399844,2
3856,27491,20090409,20090410,676,11,322,Not Specified,Regular Air,36,350.71,0.02,-15.3,9.77,6.02,-0.043625787687833255,1
3857,27491,20090409,20090411,676,11,989,Not Specified,Regular Air,2,75.23,0.09,-51.5,34.99,7.73,-0.6845673268642828,2
3907,27845,20110713,20110714,610,11,337,Not Specified,Regular Air,36,220.45,0.1,101.4,6.3,0.5,0.45996824676797465,1
4243,30176,20090419,20090426,683,11,699,Low,Regular Air,30,2504.41,0.01,-547.89,79.52,48.2,-0.2187700895620126,7
4270,30375,20120503,20120507,678,11,286,Low,Regular Air,20,71.45,0.03,-92.95,3.36,6.27,-1.3009097270818755,4
4289,30565,20110726,20110728,676,11,377,Medium,Express Air,32,1785.02,0.04,52.66,55.94,4.0,0.02950107001602223,2
4291,30567,20090114,20090114,677,11,2,Not Specified,Delivery Truck,14,2690.84,0.1,-368.02,208.16,68.02,-0.13676770079231762,0
4292,30567,20090114,20090115,677,11,881,Not Specified,Regular Air,8,733.55,0.07,103.13,90.48,19.99,0.14059028014450276,1
4293,30567,20090114,20090116,677,11,722,Not Specified,Express Air,3,38.71,0.01,23.0,9.48,7.29,0.5941617153190389,2
4294,30567,20090114,20090115,677,11,406,Not Specified,Regular Air,14,62.6,0.02,7.32,4.28,0.94,0.11693290734824281,1
4431,31586,20120321,20120325,683,11,710,Low,Express Air,22,963.45,0.05,94.03,43.22,4.0,0.09759717681249676,4
4432,31586,20120321,20120330,683,11,212,Low,Express Air,25,4390.029,0.0,1007.49,205.99,5.26,0.22949506711686868,9
4448,31687,20110519,20110519,681,11,149,High,Regular Air,44,123.06,0.07,3.5,2.78,1.34,0.02844141069397042,0
4470,31847,20091218,20091222,683,11,701,Low,Regular Air,46,1692.28,0.1,61.0,39.98,4.0,0.03604604438981729,4
4612,32868,20090117,20090118,680,11,1162,Not Specified,Regular Air,39,1101.28,0.05,200.53,28.15,6.17,0.18208811564724683,1
5081,36224,20090503,20090505,679,11,1000,Medium,Express Air,15,1765.45,0.09,374.82,120.98,3.99,0.2123084765923702,2
5157,36709,20120823,20120825,474,11,1199,Critical,Regular Air,42,2245.6915,0.05,369.08,65.99,8.99,0.16435026805774525,2
5318,37826,20110423,20110425,683,11,636,Medium,Regular Air,45,325.8,0.03,-84.85,6.78,6.18,-0.2604358502148557,2
5338,37924,20091129,20091129,550,11,1176,High,Regular Air,49,8094.55,0.05,2008.71,165.2,19.99,0.24815585795380843,0
5371,38182,20120522,20120522,680,11,809,High,Regular Air,45,2848.83,0.07,-1182.87,64.65,35.0,-0.41521256094607256,0
5604,39717,20091128,20091130,474,11,975,High,Regular Air,20,835.48,0.06,-58.13,43.57,16.36,-0.06957677023986211,2
5692,40257,20100821,20100822,687,11,199,Not Specified,Regular Air,24,3201.16,0.06,405.5,140.81,24.49,0.1266728310987267,1
5700,40321,20100623,20100625,682,11,490,High,Regular Air,23,1484.49,0.09,230.5,67.28,19.99,0.15527218101839688,2
5701,40321,20100623,20100624,682,11,8,High,Regular Air,18,740.49,0.1,88.9,42.76,6.22,0.12005563883374523,1
5947,42214,20110524,20110531,680,11,138,Low,Regular Air,46,569.92,0.03,154.09,12.22,2.85,0.2703712801796744,7
5948,42214,20110524,20110531,680,11,607,Low,Regular Air,28,183.65,0.02,-59.96,6.48,5.84,-0.32649060713313366,7
6039,42788,20111013,20111015,683,11,89,Critical,Regular Air,26,241.92,0.1,67.71,10.14,2.27,0.2798859126984127,2
6054,42912,20100504,20100506,610,11,789,Not Specified,Regular Air,4,52.59,0.05,-30.39,11.35,8.6,-0.5778665145464917,2
6162,43653,20121030,20121030,683,11,340,High,Regular Air,3,10.62,0.07,-3.96,3.29,1.35,-0.3728813559322034,0
6163,43653,20121030,20121031,683,11,949,High,Express Air,39,666.4,0.0,2.02,15.73,7.42,0.003031212484993998,1
6164,43653,20121030,20121101,683,11,140,High,Regular Air,10,351.3,0.06,1.45,34.76,8.22,0.00412752633077142,2
6343,44962,20091228,20091230,677,11,847,Medium,Regular Air,27,575.74,0.06,152.6,22.24,1.99,0.2650501962691493,2
6397,45412,20100422,20100423,681,11,828,Medium,Regular Air,20,586.619,0.06,83.07,35.99,1.1,0.14160809656693696,1
6436,45734,20120717,20120719,683,11,417,Critical,Express Air,47,557.52,0.03,-157.3,11.66,7.95,-0.2821423446692496,2
6454,45959,20091206,20091208,676,11,1030,Medium,Express Air,15,201.74,0.08,-2.63,12.53,7.17,-0.013036581738871815,2
6455,45959,20091206,20091208,676,11,446,Medium,Regular Air,35,1822.13,0.0,155.17,49.99,19.99,0.08515857814755258,2
6585,46884,20090117,20090119,237,11,872,Medium,Regular Air,18,130.11,0.1,40.3,7.64,1.39,0.3097379140727077,2
6586,46884,20090117,20090119,237,11,1236,Medium,Regular Air,3,337.3395,0.0,-509.94,125.99,2.5,-1.5116522079388865,2
6604,46981,20090207,20090207,679,11,143,Medium,Regular Air,46,1398.87,0.07,601.96,30.56,2.99,0.43031875728266394,0
6606,47010,20111003,20111003,679,11,157,Critical,Delivery Truck,11,1479.14,0.06,-236.63,130.98,30.0,-0.15997809537974766,0
6702,47717,20111217,20111218,682,11,383,Not Specified,Regular Air,35,173.22,0.04,84.03,4.91,0.5,0.4851056459993072,1
6776,48257,20090422,20090426,678,11,329,Low,Regular Air,45,221.06,0.02,-124.28,4.57,5.42,-0.562200307608794,4
6822,48577,20120708,20120710,676,11,1139,Medium,Regular Air,6,201.83,0.02,34.98,30.98,5.09,0.1733141752960412,2
6992,49953,20120317,20120318,489,11,404,Not Specified,Regular Air,18,283.5,0.1,-51.47,15.98,6.5,-0.18155202821869487,1
6993,49953,20120317,20120317,489,11,227,Not Specified,Express Air,36,242.13,0.09,-94.74,6.48,6.6,-0.39127741295998014,0
7192,51300,20111015,20111017,489,11,207,Medium,Regular Air,43,344.24,0.09,30.76,8.33,1.99,0.08935626307227516,2
7249,51687,20110911,20110913,610,11,686,Low,Regular Air,42,248.92,0.01,-66.87,5.58,5.3,-0.26864052707697256,2
7288,51974,20110126,20110127,684,11,1225,High,Regular Air,10,1290.37,0.05,231.16,123.38,24.49,0.17914241651619303,1
7289,51974,20110126,20110127,684,11,682,High,Regular Air,2,23.18,0.05,-14.88,8.6,6.19,-0.641932700603969,1
7394,52676,20120828,20120830,683,11,985,High,Regular Air,46,979.44,0.01,320.67,19.98,5.86,0.32740137221269294,2
7452,53153,20090923,20090924,237,11,1168,Critical,Regular Air,29,575.36,0.1,84.05,20.27,3.99,0.14608245272525028,1
7542,53895,20110904,20110906,683,11,1127,Not Specified,Regular Air,21,7922.69,0.1,1558.79,419.19,19.99,0.19675009371816896,2
7615,54497,20100119,20100122,550,11,690,Not Specified,Regular Air,1,155.51,0.07,-87.34,142.86,19.99,-0.5616359076586716,3
7714,55296,20121018,20121022,247,11,456,Low,Regular Air,32,317.06,0.05,105.47,10.06,2.06,0.3326499716142055,4
7779,55654,20100919,20100921,489,11,715,High,Regular Air,2,17.3,0.04,-7.49,6.98,2.83,-0.4329479768786127,2
7884,56387,20110520,20110522,685,11,36,Medium,Express Air,32,128.14,0.1,-163.58,3.89,7.01,-1.2765724988294056,2
7885,56387,20110520,20110522,685,11,680,Medium,Regular Air,9,67.46,0.08,-57.53,6.48,10.05,-0.8528016602431071,2
7944,56743,20110622,20110625,681,11,744,Medium,Express Air,23,524.25,0.06,152.31,22.23,8.99,0.2905293276108727,3
7952,56805,20120605,20120606,610,11,223,High,Delivery Truck,38,14753.08,0.01,1085.91,370.98,99.0,0.07360564709199707,1
7958,56838,20110729,20110730,676,11,495,Critical,Regular Air,44,4326.27,0.09,1728.2,100.98,7.18,0.39946651503489145,1
7988,57095,20110323,20110326,237,11,964,Medium,Regular Air,37,254.93,0.01,-62.88,6.81,5.48,-0.2466559447691523,3
8019,57287,20111028,20111029,680,11,1066,Not Specified,Regular Air,11,472.12,0.03,56.1,40.97,1.99,0.11882572227399814,1
8118,57984,20101002,20101003,489,11,730,High,Express Air,6,192.99,0.07,-123.37,30.97,4.0,-0.6392559199958547,1
8119,57984,20101002,20101004,489,11,776,High,Regular Air,20,11829.4,0.07,3899.72,599.99,24.49,0.32966338106750975,2
8289,59207,20090518,20090519,676,11,958,Critical,Regular Air,3,10.12,0.09,-4.07,2.98,1.58,-0.4021739130434783,1
8296,59238,20090919,20090920,237,11,608,High,Express Air,11,455.88,0.03,9.15,40.97,8.99,0.02007107133456173,1
8315,59396,20091114,20091116,685,11,659,Critical,Regular Air,41,5930.34,0.07,427.68,152.48,6.5,0.07211728163983852,2
8388,59911,20111218,20111219,681,11,1024,Not Specified,Regular Air,1,10.59,0.1,-4.31,9.11,2.15,-0.4069877242681775,1
147,930,20091216,20091217,688,10,492,Critical,Express Air,22,922.39,0.03,-41.64,41.32,58.66,-0.04514359435813484,1
148,930,20091216,20091216,688,10,810,Critical,Regular Air,11,79.19,0.0,13.91,6.88,2.0,0.17565349160247506,0
168,1058,20100425,20100426,689,10,521,Medium,Regular Air,3,469.438,0.07,-888.16,195.99,8.99,-1.8919644340679707,1
172,1088,20120520,20120527,370,10,155,Low,Regular Air,13,269.02,0.1,-112.0,20.97,6.5,-0.4163259237231433,7
225,1504,20120827,20120828,614,10,320,Medium,Regular Air,31,293.18,0.08,64.22,10.01,1.99,0.2190463196670987,1
258,1796,20121120,20121120,393,10,310,High,Regular Air,43,183.41,0.07,-125.41,4.13,5.04,-0.6837686058557331,0
292,2048,20101114,20101115,393,10,779,Critical,Delivery Truck,12,3752.61,0.01,637.93,294.62,42.52,0.16999634920761814,1
293,2048,20101114,20101115,393,10,1085,Critical,Express Air,9,548.36,0.1,78.63,60.97,4.5,0.1433912028594354,1
294,2050,20090601,20090603,690,10,1237,Not Specified,Regular Air,16,44.46,0.06,5.27,2.89,0.99,0.11853351327035537,2
295,2050,20090601,20090603,690,10,1062,Not Specified,Regular Air,25,542.11,0.08,-14.76,22.84,11.54,-0.02722694656066112,2
299,2054,20120607,20120610,396,10,445,Not Specified,Regular Air,1,343.78,0.09,-246.51,363.25,19.99,-0.7170574204433068,3
300,2054,20120607,20120609,396,10,619,Not Specified,Regular Air,34,826.09,0.03,215.86,22.98,7.58,0.2613032478301396,2
432,2885,20120918,20120918,491,10,836,Not Specified,Regular Air,29,197.41,0.06,-128.68,6.48,8.4,-0.6518413454232309,0
433,2885,20120918,20120920,491,10,1026,Not Specified,Regular Air,46,712.18,0.06,13.98,15.42,5.41,0.019629868853379764,2
497,3458,20091221,20091223,117,10,615,High,Regular Air,41,627.91,0.03,222.08,15.28,1.99,0.3536812600531924,2
498,3458,20091221,20091224,117,10,92,High,Regular Air,28,46.89,0.09,-3.83,1.76,0.7,-0.08168052889741949,3
511,3522,20090925,20091002,690,10,347,Low,Regular Air,33,1935.17,0.09,-991.07,60.98,49.0,-0.5121358847026359,7
512,3522,20090925,20090927,690,10,412,Low,Regular Air,27,812.68,0.05,235.88,29.89,1.99,0.2902495447162475,2
540,3653,20090326,20090328,691,10,463,Critical,Regular Air,41,271.11,0.08,64.79,6.68,1.5,0.2389804876249493,2
562,3808,20090423,20090423,691,10,491,Critical,Regular Air,2,6.13,0.08,-2.83,2.89,0.49,-0.4616639477977162,0
581,3970,20120326,20120328,102,10,395,Medium,Regular Air,39,1032.97,0.07,397.15,28.48,1.99,0.3844738956600869,2
582,3970,20120326,20120327,102,10,436,Medium,Delivery Truck,13,324.83,0.05,-426.54,20.98,45.0,-1.3131176307607058,1
678,4739,20100220,20100224,691,10,900,Low,Regular Air,16,48.57,0.04,4.21,2.94,0.7,0.08667901997117562,4
749,5378,20121024,20121026,692,10,864,Critical,Express Air,6,54.28,0.01,-11.98,6.24,5.22,-0.22070744288872512,2
808,5828,20090305,20090312,102,10,301,Low,Delivery Truck,21,6005.21,0.08,-450.7,296.18,54.12,-0.07505149695014829,7
876,6279,20100129,20100131,396,10,490,Critical,Regular Air,49,3283.74,0.01,723.33,67.28,19.99,0.22027627035027136,2
1000,7267,20120828,20120828,370,10,637,High,Regular Air,19,262.32,0.07,5.16,14.48,6.46,0.019670631290027447,0
1001,7269,20090914,20090915,370,10,440,Medium,Regular Air,29,1707.99,0.0,391.19,65.99,3.99,0.22903529880151524,1
1031,7527,20091211,20091212,491,10,797,Medium,Regular Air,37,560.39,0.05,186.87,15.68,3.73,0.3334641945787755,1
1032,7527,20091211,20091212,491,10,781,Medium,Regular Air,42,7062.616,0.02,2288.64,195.99,4.2,0.32404989879104285,1
1170,8546,20120401,20120403,491,10,320,High,Express Air,4,51.94,0.03,-12.48,10.01,1.99,-0.2402772429726608,2
1174,8578,20110902,20110903,117,10,1183,High,Regular Air,40,366.87,0.1,-1.79,9.74,5.71,-0.004879112492163436,1
1326,9669,20090422,20090423,692,10,1119,Medium,Express Air,18,292.11,0.04,-91.95,15.42,10.68,-0.3147786792646606,1
1373,9952,20120501,20120503,454,10,758,High,Express Air,47,7890.89,0.01,-771.09,167.27,35.0,-0.09771901521881562,2
1474,10630,20100204,20100206,693,10,127,Medium,Delivery Truck,44,2773.84,0.0,-513.76,58.14,36.61,-0.1852161624318634,2
1475,10657,20100925,20100927,690,10,731,Medium,Regular Air,44,289.94,0.07,-102.19,6.48,6.22,-0.3524522314961716,2
1476,10657,20100925,20100926,690,10,147,Medium,Delivery Truck,8,1848.52,0.05,-493.6,218.75,69.64,-0.2670244303550949,1
1482,10661,20090123,20090125,110,10,38,Not Specified,Regular Air,42,1312.65,0.07,488.31,30.98,5.76,0.3720031996343275,2
1582,11427,20101124,20101125,491,10,1157,Medium,Regular Air,27,58.64,0.08,4.55,2.21,1.0,0.07759208731241474,1
1583,11427,20101124,20101126,491,10,1007,Medium,Regular Air,20,136.06,0.04,-33.22,6.37,5.19,-0.24415698956342788,2
1667,12037,20110630,20110705,370,10,277,Low,Regular Air,14,135.21,0.04,5.89,9.27,4.39,0.043561866725833884,5
1701,12259,20100214,20100216,370,10,1053,High,Delivery Truck,45,5007.69,0.07,-899.34,114.98,51.42,-0.17959178783031698,2
1702,12259,20100214,20100215,370,10,1190,High,Regular Air,45,1379.62,0.1,-66.07,31.98,6.72,-0.0478899986952929,1
1801,12900,20100503,20100504,480,10,774,High,Regular Air,50,627.12,0.08,100.04,12.64,4.98,0.15952289832886848,1
1802,12900,20100503,20100505,480,10,831,High,Delivery Truck,18,4096.21,0.08,308.22,306.14,26.53,0.07524516565312814,2
1814,12999,20100403,20100404,694,10,255,High,Regular Air,31,2712.07,0.09,-435.56,95.43,19.99,-0.16060057446894807,1
1902,13632,20090310,20090312,491,10,285,Medium,Express Air,6,608.93,0.01,-193.96,99.99,19.99,-0.31852593894207876,2
1941,13920,20091009,20091011,695,10,532,Critical,Express Air,25,901.32,0.1,338.01,37.94,5.08,0.37501664225802156,2
1942,13920,20091009,20091010,695,10,1011,Critical,Regular Air,24,207.21,0.06,-78.64,8.57,6.14,-0.37951836301336805,1
2173,15651,20121004,20121007,303,10,477,Critical,Express Air,40,2182.91,0.1,549.45,60.22,3.5,0.25170529247655654,3
2174,15651,20121004,20121006,303,10,798,Critical,Regular Air,14,1144.35,0.05,-448.6,80.98,35.0,-0.39201293310613017,2
2175,15651,20121004,20121006,303,10,620,Critical,Delivery Truck,8,1496.83,0.07,-329.72,179.29,56.2,-0.2202788559823093,2
2251,16197,20121026,20121026,696,10,1024,Critical,Express Air,23,218.71,0.0,67.23,9.11,2.15,0.30739335192720957,0
2252,16197,20121026,20121027,696,10,1238,Critical,Regular Air,19,103.68,0.08,-58.16,5.28,5.85,-0.5609567901234567,1
2325,16770,20090106,20090107,370,10,1145,Critical,Regular Air,17,37.06,0.03,0.61,2.1,0.7,0.01645979492714517,1
2329,16802,20110420,20110421,491,10,262,Medium,Express Air,44,302.59,0.05,-124.44,6.68,6.93,-0.4112495455897419,1
2330,16802,20110420,20110422,491,10,1029,Medium,Regular Air,26,2703.45,0.01,-445.04,95.99,35.0,-0.16461928276831458,2
2350,16961,20090106,20090107,604,10,732,Not Specified,Regular Air,27,46.86,0.06,-37.08,1.7,1.99,-0.7912932138284251,1
2351,16961,20090106,20090108,604,10,1139,Not Specified,Regular Air,34,1089.59,0.01,433.24,30.98,5.09,0.39761745243623753,2
2418,17543,20120525,20120525,604,10,390,Critical,Regular Air,1,15.73,0.09,-9.17,6.48,9.54,-0.5829624920534011,0
2419,17543,20120525,20120527,604,10,385,Critical,Regular Air,35,1041.74,0.1,-51.74,30.98,17.08,-0.04966690344999712,2
2420,17543,20120525,20120527,604,10,104,Critical,Regular Air,26,4300.626,0.06,685.21,200.99,8.08,0.15932796760285595,2
2482,18055,20100204,20100206,614,10,62,Critical,Regular Air,3,19.98,0.02,-9.61,4.98,4.75,-0.48098098098098097,2
2840,20480,20090129,20090201,212,10,461,Medium,Regular Air,38,16147.61,0.02,7604.95,420.98,19.99,0.47096443374592273,3
2844,20484,20090129,20090131,696,10,936,Critical,Regular Air,14,1122.6375,0.09,17.68,95.99,4.9,0.015748627673670263,2
2857,20579,20121001,20121004,689,10,425,Medium,Regular Air,16,1434.086,0.1,-26.25,110.99,8.99,-0.01830434158063045,3
2899,20933,20120826,20120828,251,10,160,High,Regular Air,45,2079.474,0.05,-81.57,55.99,5.0,-0.039226265873004415,2
2922,21155,20110205,20110206,370,10,72,High,Regular Air,4,81.78,0.07,-12.43,19.98,5.97,-0.15199315235999022,1
3017,21703,20090302,20090304,251,10,1045,Not Specified,Regular Air,3,12.01,0.0,-1.08,3.69,0.5,-0.08992506244796004,2
3018,21703,20090302,20090304,251,10,55,Not Specified,Regular Air,20,1846.76,0.03,3.14,92.23,39.61,0.0017002750763499318,2
3019,21703,20090302,20090302,251,10,602,Not Specified,Express Air,15,2211.734,0.02,80.76,175.99,4.99,0.03651433671499376,0
3022,21731,20111126,20111126,212,10,347,Low,Regular Air,26,1580.57,0.08,-750.82,60.98,49.0,-0.47503115964493825,0
3036,21799,20110419,20110420,691,10,270,Not Specified,Express Air,42,115.99,0.05,-53.35,2.6,2.4,-0.45995344426243645,1
3066,21985,20090826,20090827,691,10,109,Critical,Delivery Truck,1,255.83,0.07,-132.74,226.67,28.16,-0.5188601805886722,1
3067,21985,20090826,20090828,691,10,112,Critical,Delivery Truck,45,947.66,0.08,-2175.09,20.98,53.03,-2.2952219150328177,2
3098,22210,20110919,20110921,604,10,274,Critical,Regular Air,37,1033.44,0.1,385.63,29.14,4.86,0.3731518036847809,2
3153,22628,20091029,20091101,691,10,35,Medium,Delivery Truck,30,2951.7,0.02,-1111.45,95.95,74.35,-0.37654571941592985,3
3220,23106,20101020,20101022,212,10,960,Medium,Delivery Truck,35,25313.34,0.05,8612.11,810.98,16.06,0.3402202159019711,2
3262,23360,20090511,20090511,110,10,69,Low,Express Air,30,512.97,0.01,261.29,15.67,1.39,0.5093670195138117,0
3331,23809,20120604,20120606,491,10,941,Not Specified,Regular Air,7,86.61,0.1,15.69,12.97,1.49,0.18115691028749567,2
3491,24870,20090424,20090426,689,10,753,Low,Regular Air,38,1396.58,0.03,600.72,35.41,1.99,0.4301364762491229,2
3492,24870,20090424,20090503,689,10,690,Low,Regular Air,45,6448.69,0.0,1663.35,142.86,19.99,0.2579361079537084,9
3606,25793,20120407,20120409,690,10,20,Low,Regular Air,27,3436.771,0.04,520.0,155.99,8.99,0.15130481489747208,2
3724,26629,20090710,20090711,370,10,984,High,Regular Air,38,21956.03,0.1,5903.09,599.99,24.49,0.2688596253512133,1
3725,26629,20090710,20090712,370,10,365,High,Regular Air,32,89.89,0.06,-8.16,2.78,1.25,-0.09077761708755146,2
3909,27875,20100326,20100331,370,10,499,Low,Regular Air,5,64.97,0.1,-190.3,3.48,49.0,-2.9290441742342623,5
3911,27879,20100226,20100227,303,10,16,Medium,Regular Air,44,669.01,0.08,299.35,15.74,1.39,0.4474522054976757,1
3912,27879,20100226,20100228,303,10,51,Medium,Express Air,30,301.6,0.01,-24.93,9.65,6.22,-0.08265915119363394,2
3953,28198,20120208,20120209,694,10,484,Medium,Regular Air,50,7703.9665,0.0,2446.5,175.99,8.99,0.3175636861868493,1
4007,28583,20091112,20091113,689,10,228,Critical,Regular Air,25,5811.72,0.03,2431.6,223.98,15.01,0.41839593098084554,1
4021,28738,20120810,20120812,491,10,682,Medium,Regular Air,2,23.54,0.03,-14.47,8.6,6.19,-0.6146983857264232,2
4022,28738,20120810,20120811,491,10,1176,Medium,Regular Air,10,1539.83,0.08,34.85,165.2,19.99,0.022632368508211948,1
4083,29120,20100512,20100514,690,10,447,Low,Regular Air,43,1677.27,0.08,528.79,40.98,7.47,0.31526826330882923,2
4084,29120,20100512,20100517,690,10,523,Low,Delivery Truck,21,1556.08,0.05,-41.77,70.98,26.74,-0.026843092900107966,5
4157,29504,20100923,20100925,674,10,1117,Not Specified,Delivery Truck,20,1485.06,0.04,25.32,70.98,26.85,0.017049816169043677,2
4158,29504,20100923,20100923,674,10,204,Not Specified,Regular Air,34,1211.18,0.1,208.4,38.76,13.26,0.1720636073911392,0
4300,30625,20100208,20100208,693,10,1030,Critical,Regular Air,37,478.94,0.04,10.56,12.53,7.17,0.02204869085898025,0
4301,30625,20100208,20100210,693,10,1064,Critical,Express Air,24,2429.09,0.06,-20.67,105.29,10.12,-0.00850935947206567,2
4376,31174,20090326,20090326,370,10,464,Not Specified,Regular Air,20,4520.6,0.07,1944.38,225.04,11.79,0.4301154713976021,0
4377,31174,20090326,20090329,370,10,40,Not Specified,Regular Air,29,225.25,0.03,-7.59,7.84,4.71,-0.03369589345172031,3
4397,31302,20120801,20120803,689,10,799,High,Regular Air,41,4648.64,0.04,1777.67,115.79,1.99,0.38240646726784605,2
4490,31973,20110512,20110513,674,10,1005,Not Specified,Regular Air,15,404.54,0.03,43.99,26.64,5.3,0.1087407920106788,1
4491,31973,20110512,20110514,674,10,517,Not Specified,Regular Air,16,124.89,0.07,-111.17,7.28,11.15,-0.8901433261269918,2
4511,32101,20091226,20091230,212,10,251,Low,Delivery Truck,48,14567.15,0.04,3799.59,291.73,48.8,0.26083276413025197,4
4625,32929,20110502,20110506,212,10,474,Low,Regular Air,8,44.56,0.05,4.81,5.68,1.39,0.10794434470377018,4
4626,32929,20110502,20110507,212,10,273,Low,Regular Air,13,152.14,0.09,-26.87,12.21,4.81,-0.1766136453266728,5
4690,33414,20120210,20120210,688,10,1041,Not Specified,Regular Air,9,37.22,0.03,-2.76,4.13,1.17,-0.07415368081676518,0
4860,34596,20110831,20110901,690,10,669,Critical,Regular Air,39,302.09,0.05,-67.09,7.68,6.16,-0.2220861332715416,1
4984,35457,20091207,20091214,694,10,1023,Low,Regular Air,45,3286.27,0.02,1102.58,70.97,3.5,0.3355110809519607,7
5046,35940,20100527,20100530,690,10,1094,Critical,Regular Air,47,136.63,0.03,-162.61,2.88,5.33,-1.1901485764473396,3
5115,36449,20100905,20100907,194,10,303,Not Specified,Regular Air,43,927.82,0.02,255.03,20.24,6.67,0.27487012567092756,2
5116,36449,20100905,20100908,194,10,22,Not Specified,Regular Air,27,123.37,0.09,-6.69,4.71,0.7,-0.054227121666531576,3
5242,37313,20120702,20120703,212,10,563,Not Specified,Regular Air,44,3304.38,0.0,-634.49,70.71,37.58,-0.192014840908128,1
5243,37313,20120702,20120704,212,10,451,Not Specified,Express Air,17,908.412,0.07,-71.19,65.99,8.99,-0.07836752486757109,2
5249,37348,20090613,20090616,454,10,1118,High,Regular Air,33,551.67,0.08,25.44,17.15,4.96,0.04611452498776443,3
5271,37510,20090308,20090308,674,10,533,Critical,Regular Air,15,2466.02,0.02,243.73,161.55,19.99,0.09883537035384952,0
5304,37762,20120606,20120607,303,10,1166,Medium,Regular Air,20,135.02,0.02,-60.69,6.48,6.74,-0.4494889645978373,1
5439,38628,20111029,20111103,491,10,916,Low,Regular Air,23,667.998,0.06,251.26,35.99,1.25,0.3761388507151219,5
5465,38848,20121216,20121217,491,10,97,High,Regular Air,6,259.52,0.06,45.2,43.41,2.99,0.17416769420468559,1
5490,38950,20110702,20110703,491,10,1211,Not Specified,Regular Air,24,109.23,0.02,-100.58,4.38,6.21,-0.920809301473954,1
5491,38950,20110702,20110703,491,10,79,Not Specified,Regular Air,39,74.0,0.08,-20.6,1.89,0.76,-0.2783783783783784,1
5492,38950,20110702,20110705,491,10,935,Not Specified,Regular Air,30,288.45,0.03,-5.98,9.31,3.98,-0.02073149592650373,3
5578,39521,20090809,20090813,689,10,367,Low,Regular Air,28,112.35,0.1,31.27,4.13,0.99,0.2783266577659101,4
5698,40289,20121126,20121127,370,10,185,Not Specified,Regular Air,26,78.09,0.01,19.63,2.88,0.99,0.25137661672429246,1
5699,40289,20121126,20121127,370,10,89,Not Specified,Regular Air,4,42.77,0.04,-1.19,10.14,2.27,-0.027823240589198033,1
5739,40775,20101117,20101122,212,10,133,Low,Regular Air,23,279.63,0.07,61.69,12.58,5.16,0.22061295283052604,5
5794,41094,20090106,20090108,614,10,645,Low,Regular Air,46,298.97,0.09,-225.86,6.48,8.73,-0.7554604140883701,2
5795,41094,20090106,20090110,614,10,540,Low,Regular Air,6,159.05,0.05,-153.46,20.34,35.0,-0.9648538195535995,4
5808,41186,20101122,20101124,647,10,430,High,Express Air,13,142.12,0.01,54.91,9.78,1.39,0.38636363636363635,2
5830,41351,20100923,20100924,696,10,1044,Not Specified,Regular Air,48,8273.2795,0.08,2461.31,205.99,8.99,0.2975011299932511,1
5861,41605,20101225,20101226,491,10,203,Medium,Regular Air,4,114.57,0.02,-29.98,24.92,12.98,-0.26167408571179196,1
5875,41667,20120620,20120623,674,10,306,High,Regular Air,18,1062.2195,0.03,132.37,65.99,5.31,0.124616428148796,3
6068,42982,20120727,20120805,697,10,98,Low,Express Air,12,1318.34,0.02,464.05,105.34,24.49,0.3519956915514966,9
6172,43745,20101101,20101108,480,10,70,Low,Regular Air,5,128.59,0.07,-15.17,25.98,5.37,-0.11797184851077067,7
6173,43745,20101101,20101105,480,10,1239,Low,Regular Air,1,4.97,0.04,-4.91,3.55,1.43,-0.9879275653923542,4
6234,44167,20120130,20120131,689,10,690,Critical,Regular Air,23,3194.05,0.08,608.52,142.86,19.99,0.19051674206728134,1
6349,44997,20110928,20111002,696,10,1099,Low,Regular Air,46,88.1,0.03,-161.61,1.76,4.86,-1.8343927355278096,4
6392,45408,20101226,20110117,454,10,412,Low,Regular Air,25,716.99,0.05,174.06,29.89,1.99,0.2427648921184396,22
6449,45924,20101221,20101226,480,10,1013,Low,Regular Air,1,27.44,0.02,-11.76,24.95,2.99,-0.42857142857142855,5
6548,46565,20110622,20110622,480,10,256,Not Specified,Express Air,16,4691.27,0.05,1196.72,300.65,24.49,0.25509510217915404,0
6549,46565,20110622,20110623,480,10,594,Not Specified,Regular Air,50,804.14,0.1,-25.27,17.67,8.99,-0.03142487626532693,1
6550,46565,20110622,20110624,480,10,809,Not Specified,Regular Air,8,567.51,0.01,-255.55,64.65,35.0,-0.45030043523462143,2
6593,46916,20111003,20111005,491,10,400,High,Regular Air,40,103.79,0.03,37.85,2.61,0.5,0.36467867810000965,2
6594,46916,20111003,20111005,491,10,179,High,Regular Air,40,2108.21,0.03,273.61,51.75,19.99,0.12978308612519626,2
6634,47173,20090901,20090903,647,10,52,Not Specified,Regular Air,41,277.0745,0.03,-128.44,7.99,5.03,-0.46355763522085214,2
6649,47271,20110728,20110729,212,10,279,Medium,Regular Air,44,221.42,0.03,-142.02,4.98,4.62,-0.6414054737602747,1
6712,47815,20121230,20121230,689,10,807,Not Specified,Regular Air,45,580.96,0.08,-33.47,13.73,6.85,-0.05761153952079316,0
6727,47909,20100309,20100309,364,10,877,Medium,Regular Air,38,185.19,0.07,-175.62,4.98,7.44,-0.9483233435930666,0
6728,47909,20100309,20100310,364,10,804,Medium,Regular Air,22,220.26,0.07,-35.95,10.23,4.68,-0.16321619903750115,1
6729,47909,20100309,20100311,364,10,164,Medium,Regular Air,48,843.03,0.08,419.9,20.99,0.99,0.49808429118773945,2
6823,48609,20100224,20100225,693,10,60,High,Regular Air,26,176.34,0.0,-103.32,6.48,7.86,-0.5859135760462741,1
6824,48609,20100224,20100225,693,10,1189,High,Express Air,5,186.5,0.04,4.16,37.44,4.27,0.02230563002680965,1
6833,48643,20121018,20121020,480,10,1072,Medium,Delivery Truck,14,9171.71,0.06,2636.01,808.49,55.3,0.2874066013862192,2
6834,48643,20121018,20121020,480,10,185,Medium,Regular Air,6,18.05,0.06,0.13,2.88,0.99,0.007202216066481994,2
6835,48643,20121018,20121020,480,10,815,Medium,Regular Air,50,2896.358,0.0,583.5,65.99,8.99,0.20145990240156775,2
6923,49380,20120504,20120506,110,10,108,Medium,Regular Air,11,22145.37,0.02,6138.48,1938.02,13.99,0.277190220800104,2
6946,49607,20090504,20090505,694,10,1044,Medium,Regular Air,6,1056.6435,0.06,-586.2,205.99,8.99,-0.5547755700006674,1
6977,49862,20120912,20120914,491,10,605,Not Specified,Regular Air,24,75.73,0.07,29.46,3.15,0.5,0.38901360095074605,2
7033,50209,20100910,20100912,697,10,812,High,Express Air,34,1863.02,0.03,823.26,55.48,6.79,0.4418954171184421,2
7034,50209,20100910,20100911,697,10,796,High,Regular Air,2,53.3,0.0,-46.2,20.89,11.52,-0.8667917448405255,1
7066,50432,20090607,20090612,689,10,649,Low,Delivery Truck,7,2161.36,0.02,-92.37,284.98,69.55,-0.04273698041973572,5
7067,50432,20090607,20090609,689,10,381,Low,Regular Air,45,2494.92,0.08,816.72,55.48,14.3,0.3273531816651436,2
7076,50500,20110906,20110910,117,10,444,Low,Regular Air,11,64.86,0.0,22.05,5.43,0.95,0.3399629972247919,4
7077,50500,20110906,20110906,117,10,205,Low,Express Air,45,109.39,0.07,16.31,2.47,1.02,0.14909955206143155,0
7093,50626,20091020,20091021,364,10,748,Medium,Delivery Truck,18,3267.41,0.0,248.19,170.98,35.89,0.07595924600830628,1
7094,50626,20091020,20091022,364,10,984,Medium,Regular Air,42,26126.92,0.04,9498.6,599.99,24.49,0.3635560563587289,2
7099,50657,20111218,20111219,647,10,1140,High,Regular Air,40,315.45,0.01,-305.88,7.38,11.51,-0.9696623870660961,1
7100,50657,20111218,20111220,647,10,884,High,Express Air,16,60.02,0.1,0.94,3.71,1.93,0.01566144618460513,2
7101,50657,20111218,20111220,647,10,1025,High,Delivery Truck,49,7413.29,0.01,1148.23,150.98,16.01,0.15488804565854028,2
7108,50725,20101123,20101125,370,10,292,Medium,Regular Air,19,2441.1405,0.05,261.96,155.99,8.99,0.10731049687635758,2
7170,51175,20120814,20120814,696,10,599,High,Regular Air,28,1135.24,0.06,271.81,41.71,4.5,0.2394295479370001,0
7171,51175,20120814,20120815,696,10,287,High,Regular Air,3,2136.93,0.04,-2297.48,699.99,24.49,-1.0751311460834,1
7174,51202,20120413,20120415,689,10,629,High,Regular Air,4,30.89,0.06,-19.55,5.78,7.64,-0.6328909032049207,2
7175,51202,20120413,20120414,689,10,300,High,Regular Air,34,170.46,0.1,-104.35,5.28,5.66,-0.6121670773201924,1
7213,51488,20100502,20100503,212,10,389,High,Regular Air,31,1561.96,0.03,119.92,50.98,13.66,0.0767753335552767,1
7271,51873,20090506,20090506,370,10,1024,High,Regular Air,29,265.92,0.04,79.67,9.11,2.15,0.2996013838748496,0
7397,52711,20110923,20110925,302,10,730,Not Specified,Regular Air,7,220.79,0.0,-91.51,30.97,4.0,-0.4144662348838263,2
7398,52711,20110923,20110925,302,10,594,Not Specified,Regular Air,41,755.19,0.0,81.44,17.67,8.99,0.10784041102239171,2
7460,53222,20091019,20091019,491,10,390,Low,Regular Air,2,21.71,0.07,-15.13,6.48,9.54,-0.6969138645785352,0
7568,54146,20101018,20101023,480,10,34,Low,Regular Air,3,124.75,0.06,-112.64,40.96,1.99,-0.9029258517034068,5
7646,54791,20121220,20121221,117,10,15,High,Regular Air,27,1087.58,0.01,514.45,39.89,3.04,0.47302267419408234,1
7647,54791,20121220,20121222,117,10,925,High,Regular Air,42,4273.35,0.07,-892.03,101.41,35.0,-0.20874255560625737,2
7723,55335,20120915,20120917,370,10,398,Not Specified,Delivery Truck,30,8684.23,0.05,1488.77,280.98,35.67,0.17143373678495388,2
7759,55525,20090508,20090508,212,10,1130,Low,Regular Air,1,291.4,0.06,-763.16,300.97,7.18,-2.618943033630748,0
7790,55746,20090630,20090702,694,10,468,Not Specified,Regular Air,29,324.75,0.07,-36.87,11.29,5.03,-0.11353348729792147,2
7967,56960,20090806,20090808,689,10,1021,High,Express Air,48,2784.8295,0.01,788.29,65.99,4.2,0.28306580348994437,2
7977,57059,20110601,20110603,212,10,983,Medium,Regular Air,50,212.12,0.01,-154.63,3.98,5.26,-0.7289741655666604,2
7978,57059,20110601,20110603,212,10,346,Medium,Regular Air,25,2455.54,0.03,1361.88,98.31,0.49,0.5546152781058342,2
8067,57568,20100617,20100619,689,10,69,Not Specified,Regular Air,38,592.54,0.07,282.11,15.67,1.39,0.4761028791305229,2
8100,57798,20120915,20120916,491,10,229,High,Delivery Truck,20,3050.81,0.01,-124.04,140.98,36.09,-0.040658054746116605,1
8147,58273,20100620,20100620,212,10,919,High,Regular Air,31,244.9,0.08,-61.14,8.46,3.62,-0.24965291955900368,0
8210,58693,20091021,20091025,194,10,23,Low,Regular Air,50,876.64,0.0,-126.68,15.99,13.18,-0.14450629676948348,4
8228,58818,20090415,20090416,690,10,375,Critical,Regular Air,41,998.05,0.01,391.14,22.98,1.99,0.39190421321577074,1
8229,58818,20090415,20090417,690,10,109,Critical,Delivery Truck,20,4353.02,0.1,661.77,226.67,28.16,0.1520254903492288,2
8277,59171,20110912,20110913,319,10,808,Medium,Regular Air,39,105.07,0.08,9.11,2.88,0.7,0.08670410202721995,1
8301,59271,20110425,20110426,691,10,531,Not Specified,Express Air,40,630.38,0.02,-186.77,14.81,13.32,-0.29628160791903296,1
8302,59271,20110425,20110427,691,10,449,Not Specified,Regular Air,23,144.03,0.02,-37.04,5.98,5.2,-0.2571686454210928,2
8347,59680,20120618,20120619,696,10,1240,Critical,Regular Air,15,17.77,0.05,-37.67,0.99,2.96,-2.119864940911649,1
17,97,20100128,20100129,341,12,349,Medium,Regular Air,26,75.57,0.03,28.24,2.89,0.5,0.37369326452295887,1
54,323,20090325,20090327,698,12,474,Critical,Regular Air,20,108.09,0.07,25.76,5.68,1.39,0.23831991858636323,2
55,323,20090325,20090327,698,12,1062,Critical,Regular Air,2,55.34,0.06,-31.24,22.84,11.54,-0.5645102999638597,2
173,1095,20110821,20110823,570,12,751,Medium,Regular Air,28,142.18,0.07,-50.14,4.98,4.72,-0.35265156843437895,2
367,2562,20120731,20120803,699,12,926,Critical,Regular Air,28,64.82,0.02,-32.03,2.12,1.99,-0.49413761184819505,3
368,2562,20120731,20120802,699,12,946,Critical,Regular Air,6,77.6,0.08,-37.07,11.34,11.25,-0.47770618556701033,2
369,2562,20120731,20120801,699,12,84,Critical,Express Air,17,821.18,0.04,308.63,48.91,5.81,0.3758372098687255,1
600,4099,20120820,20120821,570,12,8,Critical,Regular Air,42,1691.51,0.08,285.16,42.76,6.22,0.16858310030682647,1
601,4099,20120820,20120823,570,12,430,Critical,Regular Air,12,122.93,0.04,-6.83,9.78,5.76,-0.05556007483933946,3
602,4099,20120820,20120821,570,12,722,Critical,Regular Air,4,47.86,0.0,-17.32,9.48,7.29,-0.36188884245716674,1
603,4099,20120820,20120822,570,12,425,Critical,Regular Air,39,3607.8505,0.05,784.49,110.99,8.99,0.2174397193010076,2
770,5509,20090407,20090412,626,12,686,Low,Regular Air,11,68.46,0.02,-22.48,5.58,5.3,-0.3283669295939235,5
771,5509,20090407,20090414,626,12,529,Low,Regular Air,21,885.23,0.03,78.98,40.89,18.98,0.08921975079922732,7
1107,8132,20090514,20090514,700,12,24,Low,Express Air,46,229.35,0.08,-165.45,4.89,4.93,-0.7213865271419228,0
1108,8132,20090514,20090521,700,12,526,Low,Regular Air,45,294.86,0.07,-141.12,6.68,6.92,-0.47860001356576004,7
1209,8868,20090128,20090206,699,12,324,Low,Regular Air,3,190.45,0.02,-44.05,59.98,3.99,-0.23129430296665793,9
1210,8868,20090128,20090201,699,12,460,Low,Regular Air,34,179.99,0.03,-102.27,5.18,5.74,-0.5681982332351797,4
1351,9857,20100511,20100513,536,12,601,High,Regular Air,50,3615.8405,0.03,1861.35,85.99,3.3,0.5147765782257265,2
1407,10213,20110217,20110219,701,12,701,High,Regular Air,12,464.57,0.04,-79.18,39.98,4.0,-0.17043717846610845,2
1505,10884,20091125,20091202,699,12,628,Low,Regular Air,24,2525.9875,0.09,416.67,125.99,8.99,0.16495331033902583,7
1638,11843,20090717,20090719,699,12,735,Medium,Delivery Truck,42,4993.42,0.03,190.14,119.99,56.14,0.038078110793804645,2
1639,11843,20090717,20090719,699,12,799,Medium,Regular Air,9,1059.3,0.05,67.6,115.79,1.99,0.06381572736712923,2
1679,12099,20090911,20090911,702,12,400,Critical,Express Air,1,17.59,0.06,10.85,2.61,0.5,0.6168277430358158,0
1680,12099,20090911,20090913,702,12,63,Critical,Regular Air,48,308.81,0.01,128.28,6.35,1.02,0.41540105566529584,2
1726,12418,20120218,20120220,570,12,1077,Not Specified,Regular Air,38,299.01,0.09,-142.86,7.98,6.5,-0.47777666298786,2
1944,13923,20120708,20120710,570,12,44,High,Regular Air,39,220.09,0.04,-1795.74,4.48,49.0,-8.159116724976146,2
1945,13923,20120708,20120709,570,12,1062,High,Regular Air,49,1220.23,0.0,172.62,22.84,11.54,0.1414651336223499,1
1946,13923,20120708,20120710,570,12,276,High,Delivery Truck,27,6152.8,0.04,554.55,225.02,28.66,0.09012969704849823,2
2028,14439,20120830,20120831,702,12,230,High,Regular Air,27,1428.64,0.09,494.26,54.96,10.75,0.34596539366110424,1
2310,16643,20100411,20100415,553,12,32,Low,Regular Air,40,312.63,0.01,167.3,7.31,0.49,0.535137382848735,4
2311,16643,20100411,20100415,553,12,456,Low,Regular Air,46,441.4,0.06,146.04,10.06,2.06,0.3308563661078387,4
2337,16807,20120115,20120116,553,12,371,Medium,Regular Air,48,1585.6,0.08,632.13,35.44,4.92,0.3986692734611504,1
2338,16807,20120115,20120117,553,12,677,Medium,Regular Air,30,215.85,0.09,60.95,7.4,1.71,0.28237201760481817,2
2342,16864,20121029,20121029,699,12,1104,Not Specified,Delivery Truck,42,12837.11,0.05,1881.76,320.64,43.57,0.14658751074034576,0
2494,18147,20090717,20090718,536,12,75,Not Specified,Regular Air,42,82.03,0.0,-15.56,1.88,1.49,-0.18968669998780935,1
2495,18147,20090717,20090718,536,12,443,Not Specified,Regular Air,50,290.91,0.06,-108.19,5.78,5.67,-0.37190196280636617,1
2617,18918,20121027,20121028,553,12,1036,Not Specified,Regular Air,7,6362.94,0.1,-221.78,999.99,13.99,-0.034854956985292965,1
2618,18919,20090628,20090703,703,12,1131,Low,Regular Air,39,739.28,0.0,43.97,17.52,8.17,0.05947678822638243,5
2638,19104,20100810,20100812,553,12,163,High,Regular Air,48,5085.907,0.03,1366.69,125.99,8.08,0.26872099706109454,2
2659,19207,20120315,20120317,699,12,1165,Not Specified,Regular Air,23,66.02,0.1,10.88,3.08,0.99,0.1647985458951833,2
2660,19207,20120315,20120316,699,12,231,Not Specified,Regular Air,11,15.53,0.0,-5.92,1.26,0.7,-0.3811976819059884,1
2747,19840,20100524,20100527,701,12,749,Critical,Delivery Truck,25,8270.57,0.08,2851.46,400.97,48.26,0.34477188392093894,3
2760,19943,20091124,20091125,541,12,308,Critical,Delivery Truck,16,1959.92,0.07,-374.96,124.49,51.94,-0.1913139311808645,1
2765,20002,20120812,20120813,701,12,568,Medium,Regular Air,9,41.03,0.1,-30.47,4.77,2.39,-0.742627345844504,1
2778,20066,20120902,20120903,704,12,189,Critical,Regular Air,3,40.79,0.02,-11.69,11.58,5.72,-0.2865898504535425,1
2779,20066,20120902,20120904,704,12,720,Critical,Regular Air,16,524.25,0.0,124.18,30.98,8.74,0.23687172150691466,2
2859,20615,20120415,20120416,700,12,697,Medium,Express Air,29,151.09,0.02,4.59,4.76,3.01,0.03037924415911046,1
2892,20864,20111206,20111208,701,12,1148,High,Regular Air,19,251.45,0.06,90.0,13.4,4.95,0.3579240405647246,2
2893,20868,20101009,20101016,703,12,902,Low,Regular Air,9,1609.19,0.03,188.91,178.47,19.99,0.11739446553856288,7
2983,21541,20091008,20091010,553,12,523,Not Specified,Delivery Truck,43,3044.7,0.04,-78.36,70.98,26.74,-0.02573652576608533,2
3158,22661,20100926,20100929,701,12,1222,Not Specified,Regular Air,11,18.26,0.05,-3.89,1.68,0.7,-0.21303395399780942,3
3162,22689,20111009,20111011,700,12,315,Low,Regular Air,39,2405.0,0.1,696.17,67.84,0.99,0.28946777546777547,2
3263,23361,20100703,20100704,541,12,231,Critical,Regular Air,2,3.23,0.06,-2.73,1.26,0.7,-0.8452012383900929,1
3264,23361,20100703,20100704,541,12,74,Critical,Regular Air,36,2861.66,0.04,-921.68,80.98,35.0,-0.322078793427591,1
3265,23361,20100703,20100703,541,12,267,Critical,Regular Air,7,373.2775,0.07,-204.93,65.99,5.26,-0.5490017480292813,0
3273,23396,20100618,20100620,553,12,802,Low,Delivery Truck,30,11481.03,0.08,2799.65,399.98,12.06,0.24385007268511621,2
3278,23427,20110808,20110815,699,12,319,Low,Regular Air,30,442.76,0.09,-17.11,15.01,8.4,-0.03864396061071461,7
3279,23427,20110808,20110817,699,12,352,Low,Regular Air,22,2684.98,0.03,1115.14,120.98,9.07,0.41532525381939533,9
3323,23751,20090318,20090319,705,12,778,Medium,Delivery Truck,44,10364.36,0.01,1049.03,220.98,64.66,0.10121512568069807,1
3348,23943,20110623,20110625,702,12,344,Critical,Regular Air,24,376.53,0.03,3.44,15.94,5.45,0.009136058215812818,2
3450,24608,20120814,20120815,553,12,841,Medium,Regular Air,50,197.36,0.07,-43.5,4.18,2.99,-0.22040940413457638,1
3579,25507,20090805,20090806,570,12,809,Not Specified,Regular Air,8,555.2,0.06,-267.86,64.65,35.0,-0.48245677233429396,1
3580,25509,20090522,20090524,553,12,538,Critical,Regular Air,43,212.28,0.06,-103.22,4.98,4.95,-0.48624458262671943,2
3631,25952,20100904,20100905,570,12,1199,High,Regular Air,50,2864.1005,0.03,697.82,65.99,8.99,0.24364368498940595,1
3680,26336,20120526,20120528,700,12,850,High,Regular Air,39,1516.82,0.1,-83.28,40.98,6.5,-0.054904339341517124,2
3681,26336,20120526,20120527,700,12,1241,High,Regular Air,45,2752.68,0.04,430.32,62.18,12.78,0.1563276515977157,1
3865,27558,20110707,20110708,699,12,1074,Not Specified,Regular Air,21,423.24,0.1,128.83,21.38,2.99,0.3043899442396749,1
3920,27969,20100608,20100615,570,12,631,Low,Delivery Truck,43,5677.87,0.04,-824.09,130.98,54.74,-0.1451406953663962,7
3921,27969,20100608,20100612,570,12,432,Low,Regular Air,9,732.72,0.03,8.6,83.1,6.13,0.011737089201877934,4
3922,27969,20100608,20100613,570,12,112,Low,Delivery Truck,32,687.47,0.1,-1533.15,20.98,53.03,-2.2301336785605193,5
4176,29637,20090525,20090527,536,12,169,High,Regular Air,34,598.19,0.09,-6.61,17.98,8.51,-0.011050000835854829,2
4279,30469,20121225,20121227,699,12,175,Not Specified,Regular Air,46,304.26,0.1,28.93,7.08,2.35,0.09508315256688359,2
4409,31460,20120826,20120828,541,12,787,High,Regular Air,9,990.67,0.08,-365.32,110.98,35.0,-0.3687605357990047,2
4487,31939,20110625,20110627,626,12,625,High,Regular Air,13,1506.8375,0.07,-75.01,140.99,4.2,-0.04977975395488896,2
4760,33826,20101219,20101223,626,12,551,Low,Regular Air,13,185.83,0.03,58.16,14.34,5.0,0.3129742237528924,4
4802,34151,20110909,20110910,341,12,1044,Not Specified,Regular Air,26,4097.1445,0.1,501.54,205.99,8.99,0.12241208480686976,1
4868,34659,20121119,20121121,699,12,873,High,Regular Air,42,259.43,0.0,-52.52,5.77,4.97,-0.20244381914196508,2
4949,35200,20090205,20090207,705,12,981,Medium,Regular Air,15,150.24,0.08,-102.93,9.98,12.52,-0.6851038338658147,2
4983,35456,20121101,20121103,699,12,231,Critical,Regular Air,37,46.37,0.03,-19.81,1.26,0.7,-0.42721587233124864,2
5025,35840,20100529,20100530,626,12,999,High,Regular Air,36,173.08,0.04,81.63,4.91,0.5,0.4716316154379477,1
5026,35840,20100529,20100531,626,12,576,High,Regular Air,49,3492.6585,0.08,1181.81,85.99,0.99,0.33836975472981395,2
5059,36069,20091205,20091210,626,12,1039,Low,Regular Air,13,453.09,0.09,107.74,35.94,6.66,0.23778940166412854,5
5060,36069,20091205,20091212,626,12,1075,Low,Regular Air,15,2758.22,0.0,966.81,170.98,13.99,0.3505195379628891,7
5061,36069,20091205,20091207,626,12,877,Low,Regular Air,20,102.61,0.09,-92.01,4.98,7.44,-0.8966962284377742,2
5135,36640,20111118,20111120,541,12,847,Not Specified,Express Air,18,416.39,0.06,119.47,22.24,1.99,0.2869185138932251,2
5197,36931,20110119,20110119,626,12,785,Not Specified,Regular Air,46,180.56,0.1,-15.79,4.28,1.6,-0.08745015507310588,0
5279,37543,20111231,20120101,570,12,177,Medium,Regular Air,6,241.85,0.01,-4.5,36.55,13.89,-0.018606574322927436,1
5517,39111,20110725,20110728,702,12,902,Medium,Regular Air,1,182.4,0.09,-114.22,178.47,19.99,-0.6262061403508772,3
5518,39111,20110725,20110727,702,12,1130,Medium,Regular Air,20,6004.35,0.05,1767.56,300.97,7.18,0.2943799079001057,2
5520,39139,20101113,20101113,570,12,442,Not Specified,Regular Air,6,627.453,0.07,-408.25,125.99,8.08,-0.6506463432320827,0
5521,39139,20101113,20101115,570,12,127,Not Specified,Delivery Truck,50,3000.88,0.01,-719.17,58.14,36.61,-0.23965303510970112,2
5522,39139,20101113,20101115,570,12,922,Not Specified,Regular Air,31,6118.38,0.09,2042.58,209.84,21.21,0.33384327223872984,2
5573,39490,20120812,20120812,626,12,393,Low,Regular Air,38,456.03,0.02,-61.61,11.97,5.81,-0.1351007609148521,0
5574,39490,20120812,20120816,626,12,740,Low,Delivery Truck,17,2844.64,0.03,16.47,159.31,60.0,0.005789836323752742,4
5645,39938,20120610,20120611,699,12,555,High,Regular Air,5,169.27,0.1,-41.66,34.58,8.99,-0.24611567318485256,1
5667,40098,20120205,20120207,701,12,275,Low,Regular Air,46,557.35,0.0,-9.19,11.5,7.19,-0.01648874136538979,2
5668,40098,20120205,20120209,701,12,849,Low,Regular Air,50,490.87,0.0,190.93,9.68,2.03,0.3889624544176666,4
5785,41056,20120326,20120329,698,12,874,Critical,Regular Air,4,137.54,0.08,-138.84,34.98,7.53,-1.00945179584121,3
5937,42115,20120218,20120218,570,12,48,Critical,Regular Air,21,673.92,0.01,224.71,31.78,1.99,0.33343720322886994,0
5938,42115,20120218,20120219,570,12,159,Critical,Regular Air,19,540.56,0.02,-93.46,28.28,13.99,-0.17289477578807164,1
6136,43459,20111107,20111108,570,12,176,Critical,Regular Air,26,13905.88,0.05,6441.18,574.74,24.49,0.463198301725601,1
6403,45476,20120418,20120418,626,12,5,Critical,Regular Air,48,1055.98,0.07,204.58,21.78,5.94,0.1937347298244285,0
6452,45958,20110525,20110526,698,12,984,Medium,Regular Air,28,17599.39,0.03,5513.86,599.99,24.49,0.31329835863629363,1
6453,45958,20110525,20110527,698,12,898,Medium,Regular Air,16,115.34,0.02,13.83,6.69,3.1,0.11990636379400034,2
6690,47591,20120102,20120103,698,12,1242,Critical,Regular Air,27,279.4,0.1,-92.25,10.48,6.91,-0.3301717967072298,1
6962,49764,20101003,20101007,700,12,341,Low,Express Air,37,395.37,0.07,17.15,10.98,3.37,0.04337708981460404,4
7022,50118,20100318,20100319,701,12,897,Not Specified,Delivery Truck,19,337.38,0.0,-409.79,15.23,27.75,-1.2146244590669275,1
7031,50183,20100524,20100525,698,12,686,High,Express Air,20,116.55,0.09,-39.67,5.58,5.3,-0.3403689403689404,1
7117,50786,20091012,20091019,702,12,835,Low,Delivery Truck,4,487.72,0.06,-192.3,119.99,14.0,-0.3942836053473304,7
7144,50978,20120331,20120402,702,12,524,High,Regular Air,4,816.09,0.05,-150.29,210.55,9.99,-0.1841586099572351,2
7147,50983,20110628,20110629,536,12,74,Critical,Regular Air,39,3063.1,0.06,-1022.02,80.98,35.0,-0.33365544709607914,1
7148,50983,20110628,20110630,536,12,1186,Critical,Regular Air,15,229.03,0.05,-28.58,15.51,5.8,-0.1247871457887613,2
7291,52002,20090604,20090605,702,12,147,High,Delivery Truck,11,2489.85,0.06,-566.5,218.75,69.64,-0.22752374641042633,1
7330,52227,20090212,20090215,706,12,78,Medium,Regular Air,37,240.52,0.05,-164.18,6.48,8.19,-0.6826043572260103,3
7334,52261,20110421,20110422,536,12,763,Not Specified,Delivery Truck,49,10261.25,0.02,611.11,212.6,52.2,0.05955512242660495,1
7401,52743,20100704,20100704,626,12,222,High,Regular Air,46,5699.22,0.09,2812.63,150.98,13.99,0.4935113927870831,0
7444,53120,20120517,20120519,699,12,565,Not Specified,Regular Air,5,22.75,0.09,-0.45,4.76,0.88,-0.01978021978021978,2
7543,53920,20090318,20090320,704,12,112,Critical,Delivery Truck,18,433.31,0.05,-815.79,20.98,53.03,-1.8826936835060348,2
7634,54630,20120810,20120814,703,12,731,Low,Regular Air,11,73.22,0.06,-34.53,6.48,6.22,-0.4715924610762087,4
7717,55299,20120330,20120330,553,12,1129,Low,Regular Air,20,22.28,0.09,-2.66,1.14,0.7,-0.11938958707360862,0
7758,55520,20110507,20110508,698,12,765,Critical,Express Air,43,525.77,0.08,34.63,11.99,5.99,0.06586530231850429,1
7778,55653,20101126,20101127,700,12,780,Medium,Delivery Truck,34,15152.55,0.05,7719.21,500.98,28.14,0.5094330657216113,1
7909,56577,20111102,20111103,553,12,301,Critical,Delivery Truck,30,7497.08,0.02,698.67,296.18,54.12,0.09319228286212765,1
7940,56711,20110206,20110211,706,12,399,Low,Regular Air,25,1279.45,0.01,558.25,48.04,7.23,0.43632029387627497,5
7947,56769,20101129,20101201,702,12,1014,Medium,Regular Air,11,455.59,0.02,98.02,37.93,13.99,0.21514958625079567,2
8040,57440,20100723,20100730,703,12,825,Low,Express Air,12,1171.232,0.04,-43.25,115.99,2.5,-0.036926928226004754,7
8108,57889,20100407,20100411,706,12,652,Low,Regular Air,39,723.3075,0.01,216.7,20.99,0.99,0.2995959533116966,4
8188,58564,20121112,20121113,700,12,583,Critical,Regular Air,49,103.03,0.07,-82.63,2.08,2.56,-0.801999417645346,1
8259,59072,20090525,20090527,701,12,1216,Not Specified,Express Air,12,78.94,0.03,-51.7,5.44,7.46,-0.6549277932607044,2
8260,59072,20090525,20090526,701,12,1243,Not Specified,Regular Air,22,576.89,0.08,175.03,26.38,5.58,0.3034027284230963,1
8261,59072,20090525,20090527,701,12,33,Not Specified,Regular Air,2,35.666,0.06,-112.19,20.99,2.5,-3.14557281444513,2
8262,59072,20090525,20090527,701,12,1195,Not Specified,Regular Air,38,4191.5625,0.0,1286.53,125.99,2.5,0.306933273689704,2
8346,59652,20110127,20110129,704,12,924,Medium,Regular Air,17,312.035,0.05,-55.94,20.99,0.99,-0.17927476084413604,2
8371,59783,20100819,20100824,699,12,583,Low,Regular Air,36,77.43,0.01,-60.07,2.08,2.56,-0.7757974945111713,5
30,195,20101227,20101229,362,12,177,Medium,Regular Air,34,1315.74,0.03,260.87,36.55,13.89,0.19826865490142428,2
32,224,20090617,20090618,456,12,386,Not Specified,Regular Air,25,184.86,0.09,-33.95,7.38,5.21,-0.18365249377907605,1
33,224,20090617,20090618,456,12,773,Not Specified,Regular Air,44,267.85,0.04,-65.43,5.98,5.15,-0.24427851409370918,1
34,224,20090617,20090618,456,12,1119,Not Specified,Regular Air,33,528.5,0.04,-149.92,15.42,10.68,-0.2836707663197729,1
46,263,20090516,20090517,383,12,213,High,Regular Air,25,136.77,0.09,-136.25,5.4,7.78,-0.9961979966366893,1
60,353,20101230,20110401,364,12,1157,Low,Regular Air,21,46.94,0.02,3.88,2.21,1.0,0.08265871325095868,92
70,417,20090205,20090206,406,12,780,Medium,Delivery Truck,39,15260.78,0.07,8734.88,500.98,28.14,0.5723744133655029,1
71,417,20090205,20090207,406,12,902,Medium,Regular Air,3,540.41,0.1,-170.98,178.47,19.99,-0.31638940804204213,2
74,448,20110820,20110822,362,12,711,Medium,Regular Air,22,1162.4005,0.09,-284.63,65.99,19.99,-0.24486396900207802,2
137,871,20111114,20111114,425,12,864,Low,Regular Air,17,104.94,0.06,-34.97,6.24,5.22,-0.3332380407852106,0
145,929,20121001,20121004,427,12,218,High,Regular Air,21,227.66,0.04,-100.16,10.97,6.5,-0.4399543178423965,3
146,929,20121001,20121003,427,12,583,High,Regular Air,39,84.33,0.04,-64.29,2.08,2.56,-0.7623621487015297,2
156,967,20120620,20120622,369,12,535,Medium,Regular Air,6,90.56,0.03,-37.58,13.99,7.51,-0.4149734982332155,2
157,967,20120620,20120621,369,12,755,Medium,Regular Air,42,1634.9,0.01,502.42,37.74,2.9,0.30730931555446817,1
158,967,20120620,20120623,369,12,1110,Medium,Delivery Truck,48,11278.18,0.01,1836.81,227.55,32.48,0.16286404366661997,3
212,1411,20091220,20091222,333,12,602,High,Regular Air,47,6717.9325,0.09,1717.89,175.99,4.99,0.2557170677139135,2
235,1575,20110912,20110914,399,12,657,Medium,Regular Air,26,133.65,0.05,56.28,4.98,0.8,0.42109988776655444,2
236,1575,20110912,20110914,399,12,267,Medium,Regular Air,10,525.674,0.08,-147.02,65.99,5.26,-0.27967904062213467,2
240,1637,20110207,20110207,647,12,1244,Not Specified,Express Air,36,1225.52,0.1,-1191.13,35.48,35.0,-0.9719384424570795,0
241,1637,20110207,20110207,647,12,219,Not Specified,Regular Air,10,1024.29,0.07,-95.52,99.99,19.99,-0.09325483993790822,0
242,1637,20110207,20110209,647,12,805,Not Specified,Regular Air,47,1348.57,0.08,19.57,30.98,8.99,0.014511667914902453,2
272,1888,20101030,20101030,546,12,465,Not Specified,Delivery Truck,38,1264.46,0.0,-1249.39,31.76,45.51,-0.988081868940101,0
273,1888,20101030,20101031,546,12,329,Not Specified,Regular Air,35,158.25,0.09,-114.74,4.57,5.42,-0.7250552922590837,1
296,2052,20120412,20120414,707,12,528,High,Regular Air,23,107.93,0.0,-68.14,4.13,5.34,-0.6313351246178078,2
301,2055,20100903,20100905,347,12,427,Critical,Regular Air,7,66.41,0.05,-32.35,8.74,8.29,-0.48712543291672944,2
340,2309,20110903,20110905,339,12,161,Low,Regular Air,7,27.01,0.05,-1.3,3.8,1.49,-0.04813032210292484,2
343,2341,20100529,20100605,373,12,572,Low,Regular Air,29,157.49,0.09,-58.25,5.78,4.96,-0.36986475331767094,7
350,2436,20110910,20110913,708,12,209,Not Specified,Express Air,14,330.21,0.07,83.24,22.84,5.47,0.25208200841888495,3
357,2500,20120814,20120816,410,12,286,High,Regular Air,5,22.56,0.04,-25.56,3.36,6.27,-1.1329787234042554,2
364,2535,20100524,20100526,709,12,190,Low,Regular Air,6,82.72,0.08,-29.71,14.48,1.99,-0.3591634429400387,2
386,2658,20110922,20110923,422,12,390,Medium,Regular Air,34,229.51,0.04,-189.33,6.48,9.54,-0.8249313755391923,1
387,2658,20110922,20110922,422,12,1119,Medium,Express Air,32,473.0,0.09,-185.8,15.42,10.68,-0.39281183932346725,0
395,2725,20090520,20090521,399,12,893,Not Specified,Express Air,39,2178.431,0.01,396.97,65.99,8.99,0.1822274839092907,1
404,2756,20090417,20090418,710,12,377,Critical,Regular Air,25,1344.88,0.06,-13.77,55.94,4.0,-0.010238831717327939,1
405,2756,20090417,20090417,710,12,698,Critical,Regular Air,42,248.54,0.07,111.75,6.3,0.5,0.44962581475818786,0
428,2853,20090504,20090507,418,12,902,High,Express Air,25,4253.65,0.05,943.0,178.47,19.99,0.22169195867078864,3
436,2914,20100302,20100303,369,12,439,Medium,Regular Air,3,62.88,0.09,-24.74,18.97,9.54,-0.3934478371501272,1
441,2978,20110502,20110503,544,12,1245,Critical,Regular Air,34,6264.1855,0.01,1312.04,205.99,19.99,0.20945101322430507,1
442,2978,20110502,20110504,544,12,325,Critical,Regular Air,36,5410.95,0.09,2077.91,162.93,19.99,0.3840194420573097,2
444,3008,20111107,20111108,711,12,325,Medium,Regular Air,41,6831.72,0.01,3081.02,162.93,19.99,0.45098745264735673,1
448,3042,20091120,20091121,359,12,678,Medium,Regular Air,26,103.87,0.1,15.42,4.26,1.2,0.14845479926831615,1
453,3078,20100211,20100212,383,12,808,High,Regular Air,12,33.86,0.05,0.35,2.88,0.7,0.010336680448907265,1
467,3175,20090714,20090716,400,12,1176,Low,Regular Air,23,3553.62,0.07,521.69,165.2,19.99,0.14680522959686182,2
477,3300,20110714,20110719,712,12,404,Low,Regular Air,6,92.02,0.1,-47.36,15.98,4.0,-0.5146707237557053,5
478,3328,20121118,20121125,708,12,838,Low,Delivery Truck,12,1736.41,0.1,-762.44,146.05,80.2,-0.4390898462920624,7
514,3525,20111221,20111223,712,12,149,Not Specified,Regular Air,38,115.43,0.0,11.41,2.78,1.34,0.09884778653729533,2
515,3526,20110315,20110317,360,12,1180,Low,Regular Air,20,246.06,0.08,20.67,12.07,6.2,0.08400390148744209,2
532,3621,20100505,20100506,339,12,686,Medium,Regular Air,14,83.87,0.06,-28.83,5.58,5.3,-0.34374627399546914,1
536,3649,20090705,20090710,362,12,886,Low,Regular Air,8,79.42,0.01,-15.46,8.88,6.28,-0.1946612943842861,5
537,3649,20090705,20090714,362,12,746,Low,Regular Air,26,75.6,0.06,17.14,2.88,0.99,0.22671957671957674,9
541,3654,20120602,20120607,337,12,110,Low,Regular Air,41,95.73,0.0,-151.15,2.08,5.33,-1.5789198788258645,5
565,3814,20110221,20110227,713,12,159,Low,Express Air,43,1225.41,0.04,-138.02,28.28,13.99,-0.11263169061783403,6
578,3911,20110316,20110316,410,12,102,Not Specified,Regular Air,24,370.72,0.1,-156.76,15.7,11.25,-0.4228528269313767,0
607,4134,20110111,20110113,397,12,631,Critical,Delivery Truck,48,6403.39,0.01,-824.15,130.98,54.74,-0.1287052639305118,2
608,4134,20110111,20110111,397,12,730,Critical,Regular Air,23,757.91,0.02,-16.05,30.97,4.0,-0.021176656858993812,0
615,4230,20120303,20120304,714,12,200,Critical,Regular Air,18,409.16,0.05,21.96,22.72,8.99,0.053670935575325054,1
616,4230,20120303,20120305,714,12,893,Critical,Express Air,46,2508.316,0.07,456.81,65.99,8.99,0.18211820201282455,2
624,4324,20110716,20110718,350,12,608,Critical,Regular Air,28,1165.33,0.04,154.85,40.97,8.99,0.13288081487647277,2
651,4581,20120903,20120905,331,12,881,Not Specified,Regular Air,25,2325.42,0.02,739.91,90.48,19.99,0.3181833819267057,2
674,4706,20121228,20121230,400,12,490,Not Specified,Regular Air,30,2116.7,0.02,488.82,67.28,19.99,0.2309349459063637,2
677,4738,20120407,20120408,425,12,22,High,Regular Air,2,10.39,0.02,-7.97,4.71,0.7,-0.7670837343599615,1
683,4771,20121213,20121215,359,12,465,Critical,Delivery Truck,4,135.928,0.04,-126.47,31.76,45.51,-0.9304190453769643,2
691,4804,20120127,20120128,546,12,1070,High,Regular Air,13,463.83,0.0,103.26,33.98,1.99,0.22262466852079427,1
696,4870,20090805,20090806,427,12,861,Medium,Delivery Truck,44,17248.09,0.08,2048.63,400.98,42.52,0.11877431066280383,1
702,4931,20091116,20091116,354,12,973,Critical,Regular Air,22,168.31,0.1,46.49,8.17,1.69,0.2762165052581546,0
703,4931,20091116,20091118,354,12,368,Critical,Regular Air,45,4282.725,0.03,1371.74,110.99,2.5,0.3202960731777081,2
716,5094,20100328,20100330,401,12,1189,Not Specified,Regular Air,2,79.58,0.06,-38.28,37.44,4.27,-0.4810253832621262,2
721,5188,20110301,20110304,400,12,548,Not Specified,Regular Air,24,192.8,0.05,31.0,8.01,2.87,0.16078838174273857,3
722,5189,20101125,20101202,384,12,640,Low,Regular Air,12,900.06,0.05,-221.12,73.98,14.52,-0.24567251072150748,7
753,5408,20120720,20120727,410,12,85,Low,Regular Air,20,88.82,0.01,38.35,4.13,0.5,0.43177212339563165,7
754,5408,20120720,20120729,410,12,922,Low,Regular Air,11,2392.23,0.04,1216.74,209.84,21.21,0.5086216626327736,9
763,5472,20100410,20100412,337,12,59,Low,Regular Air,32,216.08,0.0,-84.33,6.48,6.65,-0.39027212143650497,2
764,5472,20100410,20100414,337,12,28,Low,Regular Air,27,339.03,0.09,-24.44,13.48,4.51,-0.07208801580981035,4
765,5472,20100410,20100412,337,12,757,Low,Regular Air,12,1098.149,0.09,-182.97,115.99,5.92,-0.16661673415902578,2
799,5702,20100906,20100908,451,12,219,Not Specified,Regular Air,20,2039.39,0.01,199.73,99.99,19.99,0.09793614757353913,2
827,5958,20110915,20110917,354,12,287,Medium,Regular Air,3,2036.97,0.03,-2397.44,699.99,24.49,-1.1769638237185625,2
828,5958,20110915,20110915,354,12,740,Medium,Delivery Truck,21,2629.664,0.09,27.74,159.31,60.0,0.010548876206237753,0
829,5984,20090617,20090622,339,12,226,Low,Regular Air,37,394.62,0.06,-31.39,10.89,4.5,-0.07954487861740409,5
830,5984,20090617,20090622,339,12,448,Low,Regular Air,42,464.64,0.03,14.48,10.64,5.16,0.03116391184573003,5
831,5984,20090617,20090619,339,12,736,Low,Regular Air,11,96.68,0.03,22.25,7.96,4.95,0.23014067025237897,2
836,5989,20111014,20111016,453,12,70,Medium,Regular Air,6,155.48,0.1,-6.64,25.98,5.37,-0.042706457422176484,2
837,5989,20111014,20111015,453,12,149,Medium,Regular Air,21,56.77,0.06,-3.2,2.78,1.34,-0.05636779989431037,1
838,5990,20100407,20100408,374,12,1108,Critical,Regular Air,9,63.91,0.06,-27.78,6.48,6.35,-0.4346737599749648,1
846,6054,20110908,20110910,647,12,110,Low,Express Air,6,27.32,0.05,-5.87,2.08,5.33,-0.21486090775988287,2
847,6054,20110908,20110913,647,12,1119,Low,Express Air,43,643.31,0.08,-231.34,15.42,10.68,-0.35960889773204213,5
909,6531,20100717,20100719,612,12,537,High,Regular Air,42,188.23,0.05,-145.1,4.37,5.15,-0.7708654305902354,2
910,6531,20100717,20100719,612,12,93,High,Regular Air,28,541.95,0.06,143.04,19.84,4.1,0.2639357874342651,2
915,6564,20110121,20110121,715,12,404,Low,Regular Air,26,448.23,0.01,110.6,15.98,4.0,0.24674832117439705,0
916,6566,20110521,20110521,546,12,1070,Critical,Regular Air,21,748.83,0.01,250.01,33.98,1.99,0.3338674999666146,0
925,6693,20120524,20120526,353,12,675,Critical,Regular Air,16,40.85,0.09,6.46,2.62,0.8,0.15813953488372093,2
931,6753,20100926,20100928,406,12,6,Low,Regular Air,7,53.14,0.04,14.57,6.64,4.95,0.27418140760255927,2
937,6788,20110804,20110806,410,12,361,Not Specified,Express Air,41,127.84,0.02,12.69,2.94,0.96,0.09926470588235294,2
938,6788,20110804,20110805,410,12,261,Not Specified,Regular Air,6,11.15,0.07,-2.62,1.81,0.75,-0.23497757847533632,1
949,6880,20090525,20090527,118,12,656,Medium,Regular Air,5,235.49,0.06,21.78,47.9,5.86,0.09248800373688904,2
954,6886,20120119,20120120,369,12,902,High,Regular Air,46,8177.07,0.08,2385.3,178.47,19.99,0.2917059533549303,1
969,7042,20120108,20120110,716,12,564,Medium,Delivery Truck,4,1187.864,0.07,-347.16,376.13,85.63,-0.2922556791013113,2
970,7043,20090125,20090126,354,12,332,Critical,Regular Air,4,11.08,0.06,-8.93,1.74,4.08,-0.805956678700361,1
996,7174,20120310,20120312,713,12,1246,Not Specified,Regular Air,10,141.92,0.06,12.2,13.73,8.99,0.08596392333709132,2
1023,7458,20120404,20120406,381,12,65,Critical,Regular Air,9,337.34,0.06,-69.84,39.48,1.99,-0.20703148159127294,2
1056,7812,20110420,20110427,337,12,786,Low,Regular Air,17,475.9,0.04,-5.18,27.42,19.46,-0.010884639630174405,7
1057,7812,20110420,20110422,337,12,1104,Low,Delivery Truck,12,3635.63,0.09,104.48,320.64,29.2,0.02873779785071638,2
1059,7840,20110108,20110112,118,12,24,Low,Regular Air,34,157.56,0.1,-139.35,4.89,4.93,-0.8844249809596344,4
1081,7938,20100313,20100315,335,12,334,Medium,Delivery Truck,16,2026.05,0.1,-357.65,135.99,28.63,-0.17652575207916882,2
1086,8001,20101119,20101121,711,12,943,High,Regular Air,15,37.7,0.1,-81.08,2.18,7.09,-2.1506631299734744,2
1087,8001,20101119,20101121,711,12,558,High,Regular Air,47,1059.72,0.01,112.22,20.98,5.42,0.105895897029404,2
1102,8101,20100304,20100306,369,12,35,Medium,Delivery Truck,35,3491.71,0.04,-1216.64,95.95,74.35,-0.34843672584492985,2
1103,8101,20100304,20100306,369,12,555,Medium,Regular Air,15,485.16,0.1,-9.32,34.58,8.99,-0.01921015747382307,2
1111,8161,20090603,20090605,354,12,282,High,Regular Air,45,112.72,0.09,39.19,2.61,0.5,0.3476756564939673,2
1141,8320,20090919,20090921,337,12,896,Not Specified,Express Air,22,150.34,0.06,-28.45,6.48,5.14,-0.18923772781694825,2
1144,8325,20090114,20090116,377,12,357,Critical,Delivery Truck,21,2364.29,0.08,-220.05,115.99,56.14,-0.09307233884168187,2
1145,8325,20090114,20090117,377,12,406,Critical,Regular Air,27,112.57,0.08,13.92,4.28,0.94,0.12365639157857333,3
1173,8576,20090109,20090111,363,12,372,High,Express Air,43,541.45,0.0,-164.25,11.66,8.99,-0.3033521100747991,2
1177,8582,20101120,20101120,425,12,98,Low,Regular Air,15,1556.55,0.04,436.02,105.34,24.49,0.28011949503710126,0
1204,8832,20120202,20120206,354,12,594,Low,Regular Air,39,647.81,0.1,8.65,17.67,8.99,0.013352680569920195,4
1212,8901,20110820,20110827,717,12,1187,Low,Express Air,15,168.9,0.09,-16.19,9.99,6.24,-0.09585553582001184,7
1214,8930,20090519,20090521,391,12,545,Medium,Regular Air,14,145.86,0.04,-92.32,9.99,11.59,-0.632935691759221,2
1237,8999,20090612,20090614,414,12,381,High,Regular Air,28,1676.48,0.0,590.35,55.48,14.3,0.3521366195838901,2
1249,9091,20101111,20101112,708,12,551,High,Regular Air,42,605.77,0.05,129.33,14.34,5.0,0.21349687175000415,1
1250,9091,20101111,20101112,708,12,720,High,Regular Air,44,1480.91,0.0,489.14,30.98,8.74,0.330296912033817,1
1251,9092,20090724,20090725,718,12,925,Not Specified,Express Air,33,3644.24,0.0,-457.73,101.41,35.0,-0.12560369240225672,1
1252,9092,20090724,20090725,718,12,936,Not Specified,Regular Air,8,599.2075,0.1,-268.66,95.99,4.9,-0.4483588740127586,1
1253,9093,20111209,20111209,719,12,483,Medium,Regular Air,36,268.55,0.1,-99.02,8.12,2.83,-0.3687209085831316,0
1274,9251,20100829,20100831,354,12,668,Medium,Delivery Truck,38,3632.6,0.0,-400.33,89.99,42.0,-0.1102048119803997,2
1282,9344,20111206,20111208,359,12,1029,Low,Regular Air,18,1733.1,0.09,-505.69,95.99,35.0,-0.2917835093185621,2
1283,9344,20111206,20111206,359,12,628,Low,Regular Air,31,3448.6455,0.02,900.41,125.99,8.99,0.2610909123596496,0
1342,9824,20110122,20110124,713,12,606,Critical,Express Air,39,1939.66,0.03,540.67,48.92,4.5,0.2787447284575647,2
1343,9824,20110122,20110124,713,12,85,Critical,Regular Air,5,21.56,0.0,2.75,4.13,0.5,0.12755102040816327,2
1344,9824,20110122,20110124,713,12,571,Critical,Regular Air,43,115.81,0.1,-1.49,2.88,1.01,-0.012865901044814783,2
1383,10052,20090907,20090908,350,12,997,Not Specified,Regular Air,16,95.9,0.07,19.57,6.08,0.91,0.2040667361835245,1
1384,10052,20090907,20090909,350,12,1247,Not Specified,Regular Air,28,517.91,0.08,107.11,19.9,5.29,0.2068119943619548,2
1385,10052,20090907,20090909,350,12,286,Not Specified,Regular Air,46,162.28,0.02,-216.15,3.36,6.27,-1.331957111165886,2
1390,10080,20100212,20100219,451,12,162,Low,Regular Air,20,637.04,0.0,-26.83,30.73,4.0,-0.042116664573653144,7
1393,10117,20101116,20101117,294,12,183,Medium,Express Air,6,64.37,0.07,-6.96,8.85,5.6,-0.10812490290507999,1
1394,10117,20101116,20101118,294,12,27,Medium,Regular Air,10,4588.55,0.01,-266.62,449.99,24.49,-0.058105501738021814,2
1398,10146,20090501,20090506,384,12,671,Low,Regular Air,19,596.21,0.1,211.59,34.23,5.02,0.3548917327787189,5
1410,10245,20110213,20110214,353,12,66,Medium,Delivery Truck,27,2645.88,0.06,-1231.98,100.98,57.38,-0.46562202367454303,1
1417,10277,20090407,20090408,451,12,19,Medium,Regular Air,36,2144.924,0.0,542.25,65.99,5.26,0.25280616003177736,1
1419,10305,20090707,20090712,414,12,708,Low,Regular Air,12,65.89,0.03,20.6,5.08,2.03,0.3126422825921991,5
1427,10339,20111011,20111015,400,12,922,Low,Regular Air,49,9752.25,0.09,3066.17,209.84,21.21,0.31440641903150557,4
1451,10466,20121225,20121226,384,12,406,High,Regular Air,27,114.86,0.07,16.21,4.28,0.94,0.14112833014104129,1
1464,10562,20091111,20091112,361,12,1029,Not Specified,Regular Air,10,994.04,0.03,-335.06,95.99,35.0,-0.3370689308277333,1
1465,10563,20100929,20100930,414,12,866,Critical,Regular Air,38,10223.19,0.08,2723.31,289.53,19.99,0.2663855411080103,1
1466,10563,20100929,20101001,414,12,1156,Critical,Regular Air,50,312.42,0.08,-90.42,6.48,5.4,-0.289418091031304,2
1477,10658,20090827,20090831,411,12,676,Low,Regular Air,31,262.54,0.04,29.24,8.5,1.99,0.11137350498971584,4
1478,10658,20090827,20090827,411,12,364,Low,Regular Air,12,190.73,0.1,-69.64,15.99,9.4,-0.3651234729722645,0
1479,10658,20090827,20090903,411,12,95,Low,Regular Air,17,1332.97,0.09,4.75,95.99,8.99,0.0035634710458599967,7
1483,10662,20110512,20110521,398,12,184,Low,Regular Air,45,283.13,0.08,-141.26,6.48,6.81,-0.498922756331014,9
1514,10948,20120813,20120813,350,12,36,Medium,Regular Air,50,193.11,0.08,-263.76,3.89,7.01,-1.3658536585365852,0
1530,11014,20100907,20100909,720,12,972,High,Regular Air,13,158.79,0.05,1.16,11.7,5.63,0.007305245922287298,2
1539,11077,20090320,20090324,711,12,245,Low,Delivery Truck,30,4620.05,0.06,-229.68,160.98,35.02,-0.04971374768671335,4
1550,11174,20090409,20090410,384,12,658,Medium,Regular Air,30,3197.003,0.07,603.46,125.99,7.69,0.18875803369593336,1
1555,11236,20101030,20101030,406,12,810,High,Regular Air,45,298.57,0.07,74.07,6.88,2.0,0.2480825267106541,0
1556,11236,20101030,20101030,406,12,842,High,Regular Air,15,44.32,0.01,-41.55,2.52,4.28,-0.9374999999999999,0
1611,11680,20090904,20090906,647,12,484,Medium,Regular Air,50,7312.0315,0.06,2031.51,175.99,8.99,0.27783113352287936,2
1612,11682,20100704,20100711,362,12,507,Low,Regular Air,5,102.18,0.09,-65.67,19.98,4.0,-0.6426893716970052,7
1618,11714,20090804,20090805,714,12,1248,Critical,Delivery Truck,1,3501.79,0.01,-7838.33,3502.14,8.73,-2.238378086635692,1
1619,11714,20090804,20090805,714,12,949,Critical,Regular Air,9,141.83,0.06,-35.69,15.73,7.42,-0.2516392864697172,1
1625,11748,20090603,20090603,714,12,726,Not Specified,Delivery Truck,23,3503.12,0.01,-168.14,145.98,46.2,-0.04799721391216972,0
1630,11780,20100921,20100922,360,12,1215,Critical,Regular Air,7,54.23,0.08,-16.46,7.28,5.47,-0.30352203577355713,1
1666,12007,20090927,20090929,720,12,99,Not Specified,Regular Air,42,152.26,0.04,64.99,3.69,0.5,0.4268356758176803,2
1668,12039,20100616,20100618,335,12,1044,High,Regular Air,13,2048.568,0.1,-259.99,205.99,8.99,-0.12691304364805073,2
1669,12066,20110206,20110207,710,12,104,Medium,Regular Air,27,4442.049,0.1,720.95,200.99,8.08,0.1623012263034469,1
1708,12262,20111210,20111215,414,12,465,Low,Delivery Truck,45,1212.928,0.02,-1460.77,31.76,45.51,-1.204333645525538,5
1746,12486,20110220,20110221,721,12,66,High,Delivery Truck,31,3081.33,0.08,-1341.11,100.98,57.38,-0.43523738126068934,1
1747,12486,20110220,20110221,721,12,1163,High,Regular Air,42,1692.56,0.04,275.5,40.98,7.2,0.1627711868412346,1
1755,12580,20100113,20100115,399,12,470,Low,Regular Air,50,8038.08,0.1,2821.41,172.99,19.99,0.3510054639914009,2
1758,12612,20101221,20101221,414,12,370,Low,Regular Air,29,2360.98,0.02,611.93,78.65,13.99,0.2591847453176223,0
1759,12612,20101221,20101226,414,12,743,Low,Express Air,49,182.2,0.09,82.21,3.75,0.5,0.45120746432491765,5
1772,12706,20091120,20091121,721,12,127,Critical,Delivery Truck,46,2494.69,0.09,-937.06,58.14,36.61,-0.3756218207472672,1
1774,12708,20100107,20100112,361,12,1080,Low,Express Air,44,159.41,0.0,34.68,3.28,0.98,0.217552223825356,5
1808,12930,20111124,20111125,451,12,863,High,Regular Air,49,1147.64,0.06,261.87,22.98,4.5,0.22818131121257534,1
1812,12965,20100625,20100626,387,12,241,Medium,Regular Air,7,44.74,0.04,-20.1,5.74,5.01,-0.44926240500670545,1
1813,12965,20100625,20100626,387,12,683,Medium,Regular Air,21,90.78,0.06,-71.84,4.24,5.41,-0.7913637365058384,1
1822,13090,20100726,20100727,722,12,277,Not Specified,Regular Air,15,150.2,0.02,12.97,9.27,4.39,0.0863515312916112,1
1836,13157,20120211,20120212,393,12,591,Medium,Regular Air,2,38.93,0.07,-102.43,20.99,4.81,-2.631132802465965,1
1838,13218,20090516,20090517,720,12,258,High,Regular Air,18,513.08,0.03,198.94,28.53,1.49,0.3877368051765806,1
1839,13218,20090516,20090518,720,12,1034,High,Regular Air,16,98.8,0.07,-62.0,5.98,7.15,-0.6275303643724697,2
1852,13314,20090513,20090515,354,12,675,High,Express Air,34,89.4,0.08,22.22,2.62,0.8,0.2485458612975391,2
1877,13536,20090818,20090820,647,12,268,Medium,Regular Air,23,123.15,0.05,22.98,5.18,2.04,0.1866017052375152,2
1887,13569,20110410,20110412,335,12,1163,Critical,Express Air,13,563.18,0.02,67.98,40.98,7.2,0.12070741148478285,2
1888,13569,20110410,20110411,335,12,612,Critical,Regular Air,16,47.45,0.05,1.07,2.88,1.49,0.02255005268703899,1
1889,13570,20121202,20121203,451,12,956,Not Specified,Regular Air,2,16.97,0.04,-8.8,8.34,0.96,-0.5185621685327049,1
1890,13570,20121202,20121202,451,12,425,Not Specified,Regular Air,42,4077.756,0.04,1086.96,110.99,8.99,0.26655837181037806,0
1894,13602,20090113,20090118,294,12,128,Low,Delivery Truck,3,445.34,0.03,-377.9,145.45,17.85,-0.8485651412404006,5
1895,13602,20090113,20090113,294,12,784,Low,Regular Air,13,660.99,0.02,267.67,48.04,5.09,0.40495317629616184,0
1911,13668,20120224,20120226,612,12,864,Critical,Regular Air,42,282.61,0.02,-106.36,6.24,5.22,-0.3763490322352358,2
1943,13923,20120708,20120710,570,12,187,High,Delivery Truck,28,4332.3,0.08,2066.12,200.97,15.59,0.4769106479237356,2
1949,13958,20100123,20100201,723,12,576,Low,Regular Air,11,808.673,0.06,-10.67,85.99,0.99,-0.013194455608138271,9
1957,13991,20120306,20120308,363,12,865,High,Regular Air,24,170.7,0.0,-37.88,6.48,2.74,-0.2219097832454599,2
1958,13991,20120306,20120307,363,12,995,High,Regular Air,21,1839.448,0.07,-742.88,111.96,69.0,-0.403860288521339,1
1964,14048,20100517,20100517,347,12,608,Not Specified,Regular Air,47,1837.15,0.06,196.58,40.97,8.99,0.10700269439076832,0
1965,14048,20100517,20100519,347,12,925,Not Specified,Regular Air,5,540.22,0.06,-253.38,101.41,35.0,-0.4690311354633297,2
1966,14048,20100517,20100519,347,12,733,Not Specified,Regular Air,40,2035.393,0.01,1152.69,55.99,1.25,0.566323063899699,2
2007,14311,20090801,20090802,294,12,1007,Critical,Regular Air,30,192.41,0.03,-55.95,6.37,5.19,-0.2907853022192194,1
2024,14434,20110215,20110217,724,12,735,Not Specified,Delivery Truck,39,4733.88,0.02,239.41,119.99,56.14,0.05057373655436977,2
2050,14630,20121016,20121016,343,12,869,Low,Regular Air,17,363.54,0.08,4.75,22.01,5.53,0.013065962480057215,0
2075,14851,20120511,20120512,725,12,497,Not Specified,Regular Air,6,3378.18,0.08,-1352.68,599.99,24.49,-0.4004167924740541,1
2076,14851,20120511,20120513,725,12,403,Not Specified,Regular Air,26,1443.266,0.08,156.11,65.99,8.99,0.10816439935535099,2
2088,14950,20100926,20100926,354,12,373,Low,Regular Air,48,525.0,0.03,63.5,10.48,2.89,0.12095238095238095,0
2095,14981,20101026,20101027,570,12,140,Medium,Regular Air,8,279.77,0.07,-14.02,34.76,8.22,-0.050112592486685495,1
2096,14981,20101026,20101028,570,12,897,Medium,Delivery Truck,8,154.21,0.03,-160.39,15.23,27.75,-1.040075222099734,2
2113,15105,20091103,20091110,354,12,167,Low,Regular Air,39,460.43,0.07,-76.18,12.28,6.13,-0.16545403210042786,7
2123,15111,20091217,20091219,725,12,1228,Not Specified,Regular Air,13,970.47,0.1,192.38,81.32,0.99,0.19823384545632527,2
2128,15202,20100709,20100711,407,12,132,High,Express Air,36,1340.93,0.09,154.16,39.98,9.2,0.11496498698664359,2
2131,15206,20101104,20101109,707,12,208,Low,Delivery Truck,35,5287.16,0.05,-769.05,150.98,66.27,-0.14545616172009168,5
2162,15616,20120323,20120324,335,12,455,Critical,Express Air,12,386.71,0.01,-84.12,30.98,6.5,-0.21752734607328492,1
2163,15616,20120323,20120325,335,12,1041,Critical,Regular Air,34,134.06,0.09,5.98,4.13,1.17,0.04460689243622259,2
2176,15654,20091002,20091004,726,12,420,Not Specified,Delivery Truck,27,7937.59,0.03,1383.24,300.98,54.92,0.17426448078069035,2
2177,15654,20091002,20091004,726,12,380,Not Specified,Delivery Truck,4,9396.41,0.02,-4991.42,2550.14,29.7,-0.531205002761693,2
2228,16102,20091213,20091215,398,12,39,Not Specified,Delivery Truck,25,13255.93,0.02,4089.27,500.98,26.0,0.3084860888673974,2
2254,16229,20090329,20090330,347,12,850,High,Regular Air,27,1068.7,0.04,-89.5,40.98,6.5,-0.08374660802844577,1
2274,16356,20110802,20110803,720,12,863,Critical,Express Air,6,157.94,0.04,9.15,22.98,4.5,0.057933392427504116,1
2287,16481,20110218,20110223,727,12,407,Low,Regular Air,50,3089.06,0.0,719.26,56.96,13.22,0.23284105844496383,5
2288,16481,20110218,20110223,727,12,331,Low,Delivery Truck,47,20265.22,0.08,6168.64,442.14,14.7,0.3043954124356903,5
2308,16641,20100510,20100511,712,12,1069,High,Delivery Truck,33,1209.168,0.03,-1052.79,44.43,46.59,-0.8706730578381169,1
2309,16642,20110302,20110304,708,12,1038,Not Specified,Regular Air,46,7640.225,0.07,2027.68,205.99,2.5,0.2653953253994483,2
2319,16709,20121006,20121008,354,12,552,High,Regular Air,3,24.36,0.07,-13.01,6.48,5.74,-0.534072249589491,2
2354,16992,20101212,20101213,333,12,855,High,Regular Air,15,126.74,0.08,-18.53,8.67,3.5,-0.146204828783336,1
2356,16995,20101218,20101220,407,12,1129,Not Specified,Regular Air,42,48.41,0.06,-1.46,1.14,0.7,-0.030159058045858295,2
2365,17093,20120211,20120213,310,12,966,Not Specified,Delivery Truck,50,4550.06,0.1,-1335.32,95.98,58.2,-0.2934730531025964,2
2414,17510,20121030,20121031,710,12,889,Critical,Regular Air,28,462.12,0.0,226.4,15.57,1.39,0.48991603912403703,1
2417,17542,20100831,20100902,711,12,43,Low,Regular Air,37,105.99,0.01,43.37,2.88,0.5,0.4091895461836022,2
2421,17568,20101008,20101009,362,12,663,Not Specified,Regular Air,31,512.87,0.0,170.69,16.48,1.99,0.33281338350849143,1
2422,17571,20120315,20120316,713,12,958,Not Specified,Regular Air,32,102.59,0.01,8.88,2.98,1.58,0.08655814406862268,1
2423,17571,20120315,20120317,713,12,280,Not Specified,Express Air,50,1695.65,0.02,51.98,32.98,5.5,0.030654911096039864,2
2428,17636,20090204,20090208,716,12,361,Low,Regular Air,2,7.01,0.03,-4.2,2.94,0.96,-0.5991440798858774,4
2434,17669,20090429,20090430,368,12,210,High,Regular Air,32,1116.03,0.04,203.44,34.76,5.49,0.1822890065679238,1
2439,17700,20121027,20121028,264,12,864,Critical,Regular Air,20,2305.75,0.03,-530.68,113.64,35.0,-0.23015504716469692,1
2440,17701,20120521,20120522,362,12,1093,Critical,Regular Air,21,80.45,0.09,-60.96,3.74,4.69,-0.7577377252952144,1
2450,17799,20120920,20120922,264,12,98,Medium,Regular Air,8,149.51,0.02,-31.11,16.98,12.39,-0.20807972710855463,2
2515,18275,20120110,20120114,191,12,1148,Low,Regular Air,25,322.73,0.07,101.83,13.4,4.95,0.3155269110401884,4
2523,18336,20090424,20090424,354,12,808,Not Specified,Express Air,1,7.96,0.0,-0.11,2.88,0.7,-0.013819095477386936,0
2536,18402,20090829,20090905,393,12,649,Low,Delivery Truck,5,1548.45,0.03,-224.2,284.98,69.55,-0.14478995124156413,7
2537,18402,20090829,20090829,393,12,856,Low,Regular Air,3,56.07,0.0,10.49,12.99,14.37,0.187087569110041,0
2549,18466,20120521,20120530,393,12,621,Low,Regular Air,25,270.16,0.09,16.92,11.09,5.25,0.06262955285756588,9
2550,18466,20120521,20120521,393,12,106,Low,Express Air,24,2694.01,0.08,994.31,120.97,7.11,0.3690817777216862,0
2563,18530,20101231,20101231,451,12,693,Not Specified,Regular Air,2,56.13,0.02,48.85,20.28,14.39,0.8703010867628719,0
2564,18530,20101231,20110102,451,12,421,Not Specified,Regular Air,25,1491.5205,0.0,286.36,65.99,5.99,0.19199199742812786,2
2602,18790,20090211,20090213,376,12,1235,High,Delivery Truck,7,13253.93,0.01,-1596.75,2036.48,14.7,-0.12047370100792745,2
2604,18819,20090225,20090227,350,12,950,Low,Regular Air,22,1102.3,0.1,98.12,50.98,22.24,0.08901388006894675,2
2607,18849,20120805,20120805,393,12,621,High,Regular Air,43,471.87,0.05,52.27,11.09,5.25,0.11077203467056605,0
2608,18849,20120805,20120807,393,12,494,High,Regular Air,39,539.6,0.06,-6.5,13.79,8.78,-0.012045959970348406,2
2612,18855,20090915,20090918,333,12,7,High,Regular Air,31,229.43,0.03,-127.05,7.3,7.72,-0.5537636751950485,3
2625,19040,20111219,20111220,708,12,312,High,Regular Air,10,211.97,0.06,-46.83,21.38,8.99,-0.22092748973911402,1
2626,19041,20110726,20110730,451,12,226,Low,Regular Air,3,36.06,0.08,-18.5,10.89,4.5,-0.5130338325013866,4
2627,19041,20110726,20110804,451,12,667,Low,Regular Air,43,1849.8,0.04,530.22,42.98,4.62,0.28663639312358097,9
2631,19047,20090128,20090129,708,12,381,High,Regular Air,1,67.49,0.06,-22.82,55.48,14.3,-0.3381241665431916,1
2632,19047,20090128,20090130,708,12,114,High,Regular Air,3,6.76,0.02,-4.28,1.68,1.57,-0.6331360946745562,2
2647,19143,20121104,20121105,570,12,960,High,Delivery Truck,3,2421.02,0.07,-1943.17,810.98,16.06,-0.8026245136347491,1
2665,19264,20110929,20111001,170,12,983,High,Regular Air,40,161.72,0.09,-134.71,3.98,5.26,-0.8329829334652487,2
2666,19264,20110929,20110930,170,12,1065,High,Regular Air,23,107.75,0.07,24.17,4.73,1.52,0.22431554524361952,1
2667,19296,20100410,20100412,374,12,114,High,Express Air,43,75.73,0.04,-37.76,1.68,1.57,-0.4986134953122936,2
2668,19299,20090318,20090320,402,12,43,Not Specified,Regular Air,10,29.23,0.05,8.1,2.88,0.5,0.27711255559356823,2
2685,19429,20090824,20090824,716,12,308,Not Specified,Delivery Truck,2,240.24,0.05,-84.93,124.49,51.94,-0.3535214785214785,0
2686,19430,20101113,20101115,191,12,758,Critical,Regular Air,39,6742.49,0.03,-502.05,167.27,35.0,-0.07446062211438208,2
2700,19524,20100114,20100115,298,12,804,Critical,Regular Air,9,92.02,0.07,-24.88,10.23,4.68,-0.2703760052162573,1
2703,19556,20101230,20110116,711,12,157,Not Specified,Delivery Truck,45,5785.59,0.07,-423.77,130.98,30.0,-0.07324577095853664,17
2704,19556,20101230,20110110,711,12,938,Not Specified,Regular Air,22,1131.93,0.09,469.69,55.98,4.86,0.41494615391411127,11
2705,19556,20101230,20110127,711,12,1082,Not Specified,Regular Air,35,3238.143,0.08,727.36,115.99,4.23,0.22462256917004592,28
2746,19815,20100325,20100328,381,12,232,Not Specified,Regular Air,33,167.07,0.03,-102.36,4.98,6.07,-0.612677320883462,3
2783,20096,20120819,20120824,118,12,103,Low,Delivery Truck,35,6116.11,0.03,91.57,179.29,29.21,0.01497193477553543,5
2791,20132,20100517,20100524,407,12,242,Low,Delivery Truck,30,8719.69,0.01,2241.71,270.97,28.06,0.2570859743867041,7
2802,20225,20100726,20100802,546,12,983,Low,Regular Air,33,124.78,0.09,-122.67,3.98,5.26,-0.9830902388203238,7
2803,20225,20100726,20100802,546,12,794,Low,Regular Air,22,123.4,0.1,30.5,5.84,0.83,0.24716369529983792,7
2818,20325,20100703,20100705,373,12,735,Critical,Delivery Truck,35,4043.29,0.06,-34.3,119.99,56.14,-0.00848319066898491,2
2819,20325,20100703,20100706,373,12,177,Critical,Regular Air,24,870.48,0.07,104.37,36.55,13.89,0.11989936586710781,3
2833,20450,20121207,20121210,570,12,384,Critical,Delivery Truck,26,6878.55,0.03,506.71,259.71,66.67,0.07366523467882038,3
2851,20519,20090410,20090411,362,12,1230,High,Regular Air,7,124.19,0.03,-53.3,15.99,11.28,-0.42918109348578787,1
2865,20679,20100814,20100814,667,12,533,Medium,Regular Air,32,4976.6,0.06,601.88,161.55,19.99,0.12094200860024916,0
2869,20706,20090712,20090714,377,12,355,High,Express Air,41,5583.27,0.04,1539.59,136.98,24.49,0.27575059060371426,2
2894,20898,20111030,20111101,721,12,1032,Medium,Regular Air,33,1756.593,0.09,298.21,65.99,5.63,0.16976613250764405,2
2911,20995,20120327,20120328,723,12,208,Medium,Delivery Truck,37,5817.88,0.01,-567.14,150.98,66.27,-0.0974822443914278,1
2923,21159,20110607,20110611,411,12,1169,Low,Express Air,5,20.28,0.05,-4.32,2.98,2.03,-0.21301775147928995,4
2926,21191,20121114,20121114,264,12,335,High,Regular Air,48,7235.83,0.01,3496.37,140.99,13.99,0.48320234168022186,0
2937,21286,20090516,20090517,710,12,793,Critical,Express Air,17,280.39,0.0,9.33,14.42,6.75,0.033275081136987766,1
2948,21346,20110607,20110607,411,12,718,High,Regular Air,46,400.49,0.09,-237.89,9.06,9.86,-0.5939973532422782,0
2970,21475,20110220,20110222,354,12,190,Critical,Regular Air,39,538.14,0.06,111.42,14.48,1.99,0.20704649347753373,2
2971,21475,20110220,20110221,354,12,516,Critical,Delivery Truck,15,4956.784,0.06,-296.06,417.4,75.23,-0.059728243151204494,1
2981,21539,20100709,20100710,359,12,193,Medium,Regular Air,18,388.13,0.04,40.11,21.98,8.32,0.10334166387550563,1
2982,21539,20100709,20100709,359,12,18,Medium,Regular Air,39,2339.84,0.05,-1730.3,71.37,69.0,-0.7394950082056893,0
3008,21639,20110202,20110204,728,12,1040,Not Specified,Regular Air,24,145.15,0.07,-169.17,5.94,9.92,-1.1654839820874956,2
3009,21639,20110202,20110203,728,12,132,Not Specified,Regular Air,3,131.5,0.01,105.9,39.98,9.2,0.8053231939163499,1
3010,21639,20110202,20110202,728,12,105,Not Specified,Regular Air,38,7814.59,0.02,3408.46,194.3,11.54,0.43616619681902696,0
3011,21639,20110202,20110202,728,12,959,Not Specified,Regular Air,23,158.99,0.07,-197.13,6.98,9.69,-1.2398893012139127,0
3025,21760,20110130,20110131,376,12,386,Not Specified,Regular Air,9,71.2,0.08,1.87,7.38,5.21,0.026264044943820224,1
3038,21827,20121109,20121111,393,12,407,Not Specified,Regular Air,25,1351.78,0.06,109.92,56.96,13.22,0.08131500687981773,2
3039,21827,20121109,20121110,393,12,640,Not Specified,Express Air,21,1560.96,0.07,-120.27,73.98,4.0,-0.07704873923739237,1
3055,21890,20110124,20110126,298,12,189,Not Specified,Regular Air,44,495.5,0.06,-12.67,11.58,6.97,-0.025570131180625632,2
3063,21927,20111210,20111211,381,12,1019,High,Delivery Truck,23,8225.24,0.06,1909.03,350.98,30.0,0.2320941395023124,1
3068,21988,20100328,20100330,718,12,888,Medium,Delivery Truck,4,1337.19,0.06,-431.45,328.14,91.05,-0.32265422266095317,2
3077,22083,20090217,20090219,722,12,1191,Critical,Express Air,2,16.81,0.05,-4.14,6.04,2.14,-0.2462819750148721,2
3117,22402,20090527,20090528,362,12,737,Critical,Regular Air,33,1194.34,0.04,497.11,37.7,2.99,0.41622151146239766,1
3118,22402,20090527,20090528,362,12,141,Critical,Regular Air,1,51.833,0.01,-235.9,55.99,5.0,-4.5511546698049505,1
3124,22433,20110303,20110305,712,12,652,Critical,Regular Air,44,797.98,0.05,237.47,20.99,0.99,0.29758891200280707,2
3127,22465,20120721,20120722,331,12,115,Not Specified,Delivery Truck,4,1121.78,0.04,-454.8,270.98,50.0,-0.40542708909055253,1
3128,22466,20120328,20120404,714,12,741,Low,Delivery Truck,31,5404.18,0.07,241.06,180.98,30.0,0.04460621222831215,7
3129,22466,20120328,20120404,714,12,172,Low,Regular Air,40,430.19,0.02,181.26,10.31,1.79,0.42134870638555055,7
3136,22497,20120428,20120429,402,12,475,Medium,Delivery Truck,37,3259.25,0.04,580.33,90.97,28.0,0.1780563012963105,1
3152,22627,20100403,20100403,422,12,208,Low,Delivery Truck,46,6803.0,0.03,-1061.68,150.98,66.27,-0.1560605615169778,0
3165,22752,20121207,20121212,34,12,787,Low,Regular Air,2,238.76,0.1,-235.21,110.98,35.0,-0.9851315128162172,5
3176,22848,20111210,20111211,376,12,44,Not Specified,Regular Air,20,140.37,0.01,-893.39,4.48,49.0,-6.364536581890717,1
3177,22848,20111210,20111212,376,12,157,Not Specified,Delivery Truck,45,5921.74,0.02,-287.62,130.98,30.0,-0.048570183763555985,2
3178,22848,20111210,20111212,376,12,404,Not Specified,Regular Air,4,68.16,0.09,-52.44,15.98,6.5,-0.7693661971830986,2
3183,22850,20110430,20110501,695,12,593,Medium,Regular Air,4,105.13,0.08,-103.23,27.48,4.0,-0.9819271378293543,1
3192,22912,20101016,20101020,725,12,880,Low,Express Air,33,10168.23,0.03,4141.8,304.99,19.99,0.40732752897997,4
3193,22913,20100625,20100626,354,12,751,Critical,Express Air,32,176.77,0.06,-41.6,4.98,4.72,-0.23533404989534423,1
3194,22913,20100625,20100628,354,12,453,Critical,Delivery Truck,24,6568.024,0.06,1715.9,348.21,40.19,0.26125056790291873,3
3195,22913,20100625,20100626,354,12,702,Critical,Regular Air,50,1579.028,0.02,624.98,35.99,5.99,0.3958004544567924,1
3196,22914,20120113,20120114,708,12,906,Critical,Regular Air,30,336.65,0.07,-71.05,11.7,6.96,-0.21105005198277144,1
3212,23042,20090426,20090427,376,12,1127,Medium,Regular Air,20,8048.45,0.04,1947.67,419.19,19.99,0.24199317881082694,1
3226,23168,20100915,20100922,264,12,111,Low,Express Air,46,23949.51,0.0,-1312.84,499.99,24.49,-0.05481698790497175,7
3242,23235,20110705,20110707,264,12,861,High,Regular Air,6,17.43,0.02,2.45,2.88,0.5,0.14056224899598393,2
3243,23238,20100331,20100402,400,12,357,Not Specified,Delivery Truck,25,2976.19,0.05,-44.52,115.99,56.14,-0.014958722393395584,2
3251,23297,20120702,20120704,708,12,70,Critical,Regular Air,20,498.68,0.06,79.52,25.98,5.37,0.15946097697922515,2
3252,23297,20120702,20120704,708,12,376,Critical,Regular Air,34,5208.78,0.05,1547.78,155.06,7.07,0.2971482765638019,2
3253,23301,20110418,20110420,708,12,1143,High,Regular Air,4,28.46,0.02,-27.13,5.98,3.85,-0.9532677442023892,2
3254,23301,20110418,20110420,708,12,449,High,Regular Air,3,23.44,0.05,-10.58,5.98,5.2,-0.4513651877133106,2
3257,23329,20101226,20110119,729,12,52,Low,Regular Air,4,31.1185,0.05,-46.9,7.99,5.03,-1.5071420537622313,24
3258,23329,20101226,20101230,729,12,628,Low,Regular Air,47,4829.4535,0.05,1235.15,125.99,8.99,0.2557535754304292,4
3268,23366,20101119,20101121,724,12,717,Not Specified,Regular Air,12,136.1,0.06,-3.78,10.52,7.94,-0.02777369581190301,2
3269,23366,20101119,20101119,724,12,1234,Not Specified,Regular Air,5,297.85,0.04,-69.89,54.1,19.99,-0.23464831290918245,0
3272,23395,20121027,20121029,310,12,65,Medium,Regular Air,31,1296.46,0.01,376.47,39.48,1.99,0.29038304305570556,2
3283,23488,20090106,20090108,414,12,429,High,Regular Air,29,101.77,0.03,-73.19,3.28,3.97,-0.7191706789820183,2
3292,23555,20121211,20121212,708,12,21,High,Regular Air,29,104.7,0.09,42.16,3.69,0.5,0.40267430754536765,1
3293,23555,20121211,20121212,708,12,451,High,Regular Air,5,284.4525,0.06,-254.78,65.99,8.99,-0.8956855714047162,1
3304,23617,20110505,20110507,359,12,737,Not Specified,Express Air,6,247.34,0.04,63.61,37.7,2.99,0.2571763564324412,2
3313,23652,20090830,20090830,373,12,769,Not Specified,Regular Air,27,305.48,0.1,47.14,11.55,2.36,0.1543145214089302,0
3314,23680,20101106,20101107,170,12,1104,Not Specified,Delivery Truck,8,2029.496,0.1,251.64,320.64,43.57,0.12399137519857145,1
3318,23719,20100725,20100727,294,12,1215,Critical,Regular Air,17,122.74,0.08,-28.13,7.28,5.47,-0.2291836402150888,2
3325,23778,20090713,20090717,335,12,44,Low,Regular Air,13,105.94,0.06,-566.0,4.48,49.0,-5.342646781196904,4
3329,23808,20090207,20090214,570,12,471,Low,Regular Air,30,630.14,0.04,108.0,19.98,8.68,0.17139048465420384,7
3330,23808,20090207,20090209,570,12,45,Low,Regular Air,28,2813.8485,0.08,377.15,125.99,7.69,0.13403351317599366,2
3338,23877,20090712,20090712,376,12,858,Not Specified,Regular Air,31,1624.5965,0.07,109.84,65.99,8.8,0.0676106343944481,0
3339,23877,20090712,20090714,376,12,320,Not Specified,Express Air,35,381.36,0.0,128.03,10.01,1.99,0.33571953010279,2
3353,24003,20091031,20091031,350,12,231,Critical,Regular Air,9,11.89,0.06,-6.12,1.26,0.7,-0.5147182506307821,0
3440,24548,20110314,20110315,393,12,736,High,Express Air,32,269.3,0.04,22.38,7.96,4.95,0.0831043445971036,1
3451,24610,20100118,20100120,716,12,317,Not Specified,Delivery Truck,4,883.31,0.01,-79.96,200.98,23.76,-0.09052314589441986,2
3467,24677,20120305,20120307,411,12,676,Low,Regular Air,44,364.4,0.05,51.08,8.5,1.99,0.1401756311745335,2
3511,25027,20091216,20091218,730,12,100,Medium,Delivery Truck,25,3585.91,0.06,-178.54,146.34,43.75,-0.0497893142884233,2
3537,25157,20100525,20100527,391,12,1073,Not Specified,Regular Air,24,545.38,0.02,89.6,22.84,8.18,0.1642891195130001,2
3561,25378,20111218,20111220,724,12,1249,Not Specified,Regular Air,48,3713.0125,0.09,803.6,95.99,7.69,0.21642803518706175,2
3567,25445,20090525,20090527,667,12,143,Low,Regular Air,48,1444.0,0.08,617.06,30.56,2.99,0.42732686980609413,2
3574,25476,20121002,20121004,719,12,753,Not Specified,Regular Air,21,676.69,0.09,138.1,35.41,1.99,0.2040816326530612,2
3575,25476,20121002,20121003,719,12,480,Not Specified,Regular Air,4,13698.96,0.05,-9078.94,3499.99,24.49,-0.6627466610604017,1
3607,25797,20120901,20120903,709,12,48,Not Specified,Regular Air,28,925.43,0.0,368.86,31.78,1.99,0.3985822806695266,2
3625,25889,20100608,20100610,731,12,551,Low,Regular Air,23,321.63,0.04,73.7,14.34,5.0,0.2291452911730871,2
3637,25986,20120622,20120623,717,12,572,Medium,Regular Air,48,278.07,0.08,-71.45,5.78,4.96,-0.25694968892724857,1
3640,26021,20120914,20120916,376,12,591,Critical,Regular Air,17,328.627,0.0,-7.77,20.99,4.81,-0.023643827196182906,2
3647,26055,20121125,20121126,414,12,659,Not Specified,Regular Air,46,6733.52,0.04,246.0,152.48,4.0,0.03653364065154629,1
3667,26274,20120612,20120613,544,12,1024,Not Specified,Regular Air,41,377.83,0.06,122.06,9.11,2.15,0.32305534234973404,1
3675,26306,20121030,20121103,402,12,894,Low,Delivery Truck,39,7725.66,0.05,-737.41,200.98,55.96,-0.09544945027350414,4
3700,26437,20111128,20111129,373,12,51,Critical,Express Air,4,52.43,0.03,-12.98,9.65,6.22,-0.24756818615296586,1
3701,26437,20111128,20111130,373,12,641,Critical,Regular Air,48,254.51,0.08,49.05,5.58,0.7,0.19272327217005225,2
3705,26464,20111211,20111211,714,12,226,High,Regular Air,25,268.58,0.03,-26.33,10.89,4.5,-0.09803410529451188,0
3706,26464,20111211,20111212,714,12,950,High,Regular Air,26,1280.65,0.06,75.36,50.98,22.24,0.05884511771366103,1
3727,26631,20101101,20101101,718,12,1037,Critical,Regular Air,37,231.65,0.0,-241.28,5.98,10.39,-1.0415713360673429,0
3734,26689,20090929,20091002,714,12,547,High,Regular Air,2,198.44,0.01,-87.46,99.23,8.99,-0.4407377544849828,3
3751,26786,20100407,20100408,384,12,1161,Medium,Regular Air,29,296.94,0.08,-25.41,10.98,3.99,-0.08557284299858557,1
3778,26976,20110520,20110521,331,12,69,Not Specified,Regular Air,44,729.75,0.02,375.25,15.67,1.39,0.5142171976704351,1
3779,26976,20110520,20110522,331,12,452,Not Specified,Regular Air,28,1417.21,0.07,63.88,51.65,18.45,0.045074477318110935,2
3780,26976,20110520,20110521,331,12,1232,Not Specified,Express Air,11,1154.9375,0.04,-176.06,125.99,8.99,-0.152441149412847,1
3814,27169,20110911,20110912,191,12,578,Not Specified,Regular Air,16,109.9,0.01,-28.95,6.54,5.27,-0.26342129208371245,1
3837,27363,20111018,20111020,405,12,925,Medium,Regular Air,6,646.14,0.07,-265.62,101.41,35.0,-0.41108738044386667,2
3858,27524,20100201,20100203,349,12,673,Not Specified,Regular Air,50,343.94,0.02,-157.4,6.48,7.37,-0.4576379601093214,2
3862,27554,20110310,20110312,421,12,453,Critical,Delivery Truck,45,12685.544,0.02,3985.11,348.21,40.19,0.3141457709657544,2
3879,27712,20100304,20100311,452,12,923,Low,Regular Air,20,246.63,0.08,31.54,12.28,4.86,0.12788387463001258,7
3880,27715,20110919,20110921,407,12,834,High,Regular Air,12,94.52,0.06,-36.23,7.45,6.28,-0.3833051206093948,2
3882,27744,20100803,20100804,732,12,971,Critical,Regular Air,22,106.69,0.01,-76.6,4.54,5.83,-0.717967944512138,1
3883,27745,20100920,20100924,362,12,838,Low,Delivery Truck,41,6126.93,0.01,-1704.89,146.05,80.2,-0.27826170692336943,4
3917,27936,20110707,20110709,585,12,1248,High,Delivery Truck,3,9172.32,0.06,-8570.45,3502.14,8.73,-0.9343819230031225,2
3930,28007,20100408,20100409,405,12,499,Not Specified,Regular Air,23,128.97,0.03,-1045.25,3.48,49.0,-8.10459796851981,1
3931,28007,20100408,20100409,405,12,417,Not Specified,Regular Air,20,238.77,0.02,-78.81,11.66,7.95,-0.33006659128031157,1
3932,28007,20100408,20100409,405,12,235,Not Specified,Regular Air,20,257.34,0.04,12.82,12.98,3.14,0.049817362244501444,1
3944,28129,20120126,20120127,347,12,985,Medium,Regular Air,5,107.41,0.05,0.19,19.98,5.86,0.0017689228191043666,1
3954,28224,20121219,20121220,546,12,764,Critical,Regular Air,25,163.41,0.07,-91.28,6.23,6.97,-0.5585949452297901,1
3970,28354,20090327,20090401,721,12,404,Low,Regular Air,34,507.66,0.1,106.71,15.98,4.0,0.21019973998345348,5
3973,28387,20120629,20120630,369,12,639,Not Specified,Regular Air,37,3212.97,0.03,1125.42,83.93,19.99,0.3502740455092952,1
3974,28387,20120629,20120630,369,12,209,Not Specified,Regular Air,13,292.95,0.06,60.36,22.84,5.47,0.206041986687148,1
3991,28485,20120112,20120112,354,12,406,High,Regular Air,12,49.18,0.07,0.58,4.28,0.94,0.011793411956079707,0
4014,28643,20100427,20100428,713,12,247,Not Specified,Regular Air,16,659.5,0.09,248.98,41.94,2.99,0.37752843062926456,1
4019,28737,20111003,20111005,362,12,342,Critical,Regular Air,50,413.37,0.04,-224.41,8.45,7.77,-0.5428792607107434,2
4020,28737,20111003,20111005,362,12,1082,Critical,Regular Air,17,1721.641,0.04,242.44,115.99,4.23,0.1408191370907175,2
4038,28807,20110331,20110401,271,12,10,High,Express Air,9,59.35,0.02,-42.61,4.98,8.33,-0.7179443976411121,1
4039,28832,20100924,20100925,721,12,635,Medium,Express Air,46,1500.84,0.1,91.56,35.89,14.72,0.0610058367314304,1
4040,28832,20100924,20100926,721,12,610,Medium,Regular Air,45,98.64,0.03,-9.36,2.08,1.49,-0.0948905109489051,2
4064,28933,20090709,20090710,387,12,686,Critical,Regular Air,1,11.16,0.01,-7.25,5.58,5.3,-0.6496415770609318,1
4065,28933,20090709,20090710,387,12,1081,Critical,Regular Air,38,156.2,0.03,43.0,3.98,0.7,0.2752880921895007,1
4080,29090,20120116,20120117,343,12,367,Medium,Regular Air,24,99.1,0.02,28.42,4.13,0.99,0.28678102926337035,1
4081,29090,20120116,20120116,343,12,1242,Medium,Regular Air,36,380.34,0.02,-108.2,10.48,6.91,-0.28448230530577906,0
4107,29221,20120529,20120601,349,12,249,High,Regular Air,41,325.33,0.0,-41.75,7.64,5.83,-0.12833123290197646,3
4116,29284,20090410,20090412,425,12,861,Medium,Delivery Truck,20,6449.056,0.01,1116.02,400.98,42.52,0.1730516838433408,2
4159,29505,20121227,20121228,362,12,92,Medium,Express Air,22,45.21,0.02,4.61,1.76,0.7,0.10196859101968592,1
4198,29831,20120329,20120330,373,12,459,Critical,Delivery Truck,29,2175.22,0.0,-520.55,68.81,60.0,-0.2393091273526356,1
4309,30720,20120927,20121004,422,12,241,Low,Regular Air,5,32.77,0.07,-17.19,5.74,5.01,-0.5245651510527922,7
4310,30720,20120927,20121004,422,12,139,Low,Express Air,37,1701.53,0.01,735.99,43.98,1.99,0.4325460027152034,7
4318,30759,20090508,20090510,362,12,982,Not Specified,Regular Air,2,64.79,0.03,-41.32,29.34,7.87,-0.6377527396203118,2
4327,30848,20110501,20110503,452,12,453,Medium,Delivery Truck,13,4324.29,0.09,298.83,348.21,40.19,0.06910498602082654,2
4334,30885,20100621,20100622,720,12,716,High,Regular Air,24,234.24,0.09,-151.8,9.71,9.45,-0.6480532786885246,1
4336,30887,20100707,20100707,362,12,757,Critical,Regular Air,44,4357.117,0.07,1192.98,115.99,5.92,0.2738003133723515,0
4382,31233,20110924,20110928,362,12,48,Low,Regular Air,41,1298.29,0.06,542.33,31.78,1.99,0.41772639394896366,4
4383,31233,20110924,20110926,362,12,549,Low,Regular Air,3,19.34,0.06,-11.36,4.98,5.02,-0.5873836608066184,2
4384,31233,20110924,20110928,362,12,644,Low,Regular Air,35,590.32,0.06,-91.31,16.99,8.99,-0.154678818268058,4
4385,31233,20110924,20111003,362,12,724,Low,Regular Air,19,4245.93,0.0,-626.45,209.37,69.0,-0.1475412924848031,9
4410,31461,20110627,20110629,708,12,324,Medium,Regular Air,26,1463.42,0.08,350.82,59.98,3.99,0.23972612100422297,2
4422,31524,20110626,20110628,333,12,541,Low,Delivery Truck,10,1025.88,0.08,-211.33,100.89,42.0,-0.20599875229071626,2
4433,31590,20100605,20100606,427,12,207,Critical,Regular Air,5,43.49,0.06,-21.44,8.33,1.99,-0.49298689353874453,1
4434,31590,20100605,20100607,427,12,96,Critical,Regular Air,27,2854.76,0.06,61.13,111.03,8.64,0.02141335874119015,2
4438,31619,20090917,20090924,732,12,1161,Low,Regular Air,11,114.87,0.1,-21.03,10.98,3.99,-0.1830765212849308,7
4439,31619,20090917,20090919,732,5,132,Low,Regular Air,9,383.23,0.01,146.51,39.98,9.2,0.38230305560629385,2
4450,31715,20090109,20090110,401,5,1111,Not Specified,Regular Air,11,68.5,0.01,-53.85,5.38,7.57,-0.7861313868613139,1
4451,31715,20090109,20090109,401,5,431,Not Specified,Regular Air,44,145.19,0.05,-116.87,3.28,3.97,-0.8049452441628212,0
4509,32099,20100505,20100505,403,5,47,Not Specified,Regular Air,41,506.73,0.08,25.58,12.28,6.47,0.05048053203875831,0
4513,32129,20110702,20110703,721,5,911,Critical,Regular Air,20,129.27,0.07,-105.15,6.48,8.74,-0.8134137851009515,1
4514,32129,20110702,20110704,721,5,1235,Critical,Delivery Truck,4,8467.68,0.01,-3669.05,2036.48,14.7,-0.43330050261700964,2
4536,32291,20091105,20091105,210,5,856,Medium,Regular Air,13,183.22,0.01,-100.89,12.99,14.37,-0.550649492413492,0
4537,32291,20091105,20091106,210,5,560,Medium,Regular Air,4,68.03,0.02,-29.42,15.14,4.53,-0.432456269292959,1
4622,32902,20120303,20120305,455,5,459,High,Delivery Truck,23,1638.67,0.05,-527.83,68.81,60.0,-0.3221087833425888,2
4623,32902,20120303,20120305,455,5,278,High,Regular Air,8,64.1,0.03,-48.28,6.84,8.37,-0.7531981279251171,2
4629,32932,20100109,20100113,381,5,497,Low,Regular Air,49,29884.6,0.05,12748.86,599.99,24.49,0.4266029995382237,4
4648,33095,20090215,20090217,730,5,782,Not Specified,Regular Air,30,4846.74,0.01,1689.93,159.99,5.5,0.348673541390708,2
4649,33095,20090215,20090216,730,5,618,Not Specified,Regular Air,34,2548.3,0.1,875.57,78.69,19.99,0.3435898442098654,1
4652,33126,20111112,20111113,405,5,410,Critical,Express Air,46,5979.84,0.01,1779.01,128.24,12.65,0.297501270937015,1
4653,33126,20111112,20111114,405,5,337,Critical,Regular Air,28,175.76,0.06,80.36,6.3,0.5,0.4572143832498862,2
4669,33222,20120619,20120621,376,5,291,Medium,Regular Air,18,420.76,0.05,-56.21,22.38,15.1,-0.13359159615933075,2
4670,33222,20120619,20120620,376,5,759,Medium,Delivery Truck,30,1676.46,0.1,-626.08,60.98,30.0,-0.37345358672440737,1
4671,33222,20120619,20120621,376,5,25,Medium,Regular Air,48,145.66,0.02,28.89,2.88,0.7,0.1983385967321159,2
4681,33317,20090511,20090513,349,5,44,High,Regular Air,35,203.35,0.08,-1605.73,4.48,49.0,-7.896385542168675,2
4682,33317,20090511,20090512,349,5,388,High,Regular Air,18,44.52,0.03,-90.59,2.16,6.05,-2.0348158131177,1
4683,33317,20090511,20090511,349,5,716,High,Regular Air,5,58.9,0.03,-36.9,9.71,9.45,-0.6264855687606112,0
4684,33317,20090511,20090513,349,5,512,High,Regular Air,13,602.4205,0.09,10.98,55.99,1.25,0.01822647137672108,2
4693,33445,20120802,20120807,725,5,550,Low,Delivery Truck,18,1776.96,0.07,-197.06,100.98,35.84,-0.1108972627408608,5
4694,33445,20120802,20120807,725,5,523,Low,Delivery Truck,49,3642.14,0.01,103.11,70.98,26.74,0.028310279121615316,5
4695,33445,20120802,20120804,725,5,359,Low,Regular Air,16,2982.5,0.05,-589.58,182.55,69.0,-0.19767979882648787,2
4719,33604,20110818,20110820,361,5,213,High,Regular Air,10,59.62,0.04,-56.3,5.4,7.78,-0.9443139885944314,2
4731,33696,20090507,20090509,400,5,593,High,Regular Air,2,57.73,0.06,-101.41,27.48,4.0,-1.756625671228131,2
4737,33702,20120902,20120903,708,5,349,Not Specified,Express Air,14,56.26,0.0,28.11,2.89,0.5,0.49964450764308566,1
4778,33923,20090107,20090111,421,5,421,Low,Regular Air,34,1961.7915,0.05,425.75,65.99,5.99,0.21702102389576058,4
4779,33924,20121018,20121020,170,5,780,Not Specified,Delivery Truck,12,6168.07,0.05,1542.0,500.98,28.14,0.2499971628078151,2
4786,33987,20111025,20111026,373,5,440,High,Regular Air,27,1521.1345,0.07,270.6,65.99,3.99,0.17789353932870502,1
4814,34243,20110211,20110213,728,5,514,High,Regular Air,10,89.04,0.08,-16.49,8.75,8.54,-0.18519766397124884,2
4815,34243,20110211,20110212,728,5,517,High,Express Air,40,297.34,0.04,-270.96,7.28,11.15,-0.9112800161431358,1
4816,34243,20110211,20110213,728,5,1244,High,Regular Air,35,1264.13,0.02,-1087.36,35.48,35.0,-0.8601646982509709,2
4825,34279,20120328,20120330,411,5,196,Not Specified,Delivery Truck,3,840.552,0.1,7.55,349.45,60.0,0.00898219265435095,2
4837,34406,20120928,20120929,374,5,288,Medium,Regular Air,29,142.59,0.02,-3.23,4.71,0.7,-0.02265235991303738,1
4861,34597,20101216,20101218,362,5,1195,Medium,Express Air,8,849.337,0.07,-258.85,125.99,2.5,-0.3047671301262044,2
4914,34980,20100802,20100804,720,5,707,Not Specified,Regular Air,7,140.77,0.01,100.77,18.65,3.77,0.7158485472756979,2
4915,34980,20100802,20100804,720,5,210,Not Specified,Express Air,25,848.19,0.06,120.02,34.76,5.49,0.14150131456395382,2
4916,34980,20100802,20100804,720,5,234,Not Specified,Regular Air,12,562.15,0.01,148.34,46.89,5.1,0.2638797473983812,2
4968,35361,20090406,20090407,455,5,41,Medium,Express Air,40,746.93,0.09,67.03,18.97,9.03,0.0897406718166361,1
4969,35361,20090406,20090407,455,5,513,Medium,Regular Air,37,313.4,0.0,-5.05,8.34,4.82,-0.016113592852584558,1
4998,35587,20111110,20111111,717,5,441,Critical,Regular Air,43,208.77,0.03,-144.24,4.82,5.72,-0.6909038654979164,1
5014,35780,20110117,20110119,731,5,785,Medium,Regular Air,6,28.55,0.01,-4.5,4.28,1.6,-0.15761821366024517,2
5024,35814,20120327,20120328,381,5,462,High,Regular Air,11,324.52,0.08,154.02,29.18,8.55,0.47460865277948977,1
5044,35938,20121117,20121119,456,5,544,Not Specified,Delivery Truck,6,1770.7,0.05,-448.25,280.98,57.0,-0.2531484723555656,2
5045,35938,20121117,20121118,456,5,569,Not Specified,Regular Air,48,628.33,0.09,-226.62,14.03,9.37,-0.360670348383811,1
5047,35968,20120303,20120305,34,5,764,Not Specified,Regular Air,21,141.2,0.05,-74.44,6.23,6.97,-0.5271954674220963,2
5053,36033,20091219,20091219,386,5,279,Not Specified,Express Air,15,83.02,0.06,-54.01,4.98,4.62,-0.6505661286437003,0
5057,36067,20090704,20090706,399,5,1176,High,Express Air,37,6176.29,0.04,1499.94,165.2,19.99,0.2428545291752816,2
5071,36131,20090517,20090518,647,5,93,High,Regular Air,26,493.43,0.07,120.18,19.84,4.1,0.24356038343838032,1
5076,36160,20121122,20121129,712,5,1044,Low,Express Air,12,2218.891,0.0,79.54,205.99,8.99,0.03584673604967527,7
5079,36196,20110806,20110808,359,5,811,Not Specified,Regular Air,7,39.01,0.07,-38.44,4.98,4.32,-0.9853883619584721,2
5101,36356,20111225,20111227,359,5,1051,Medium,Delivery Truck,45,4768.59,0.01,-593.8,100.98,45.0,-0.12452318190492366,2
5102,36356,20111225,20111227,359,5,46,Medium,Regular Air,33,117.77,0.08,47.98,3.75,0.5,0.4074042625456398,2
5140,36647,20090630,20090701,359,5,623,High,Regular Air,21,179.98,0.01,38.7,7.89,2.82,0.21502389154350487,1
5141,36647,20090630,20090701,359,5,145,High,Regular Air,16,55.44,0.09,-21.91,3.68,1.32,-0.3952020202020202,1
5142,36647,20090630,20090703,359,5,716,High,Regular Air,18,174.62,0.1,-119.77,9.71,9.45,-0.6858893597526056,3
5159,36737,20100315,20100316,348,5,219,Not Specified,Regular Air,10,999.89,0.02,-119.92,99.99,19.99,-0.11993319265119164,1
5160,36737,20100315,20100316,348,5,820,Not Specified,Regular Air,10,35.69,0.04,-31.24,3.28,4.2,-0.8753152143457551,1
5177,36832,20120601,20120608,344,5,941,Low,Regular Air,43,532.89,0.09,210.53,12.97,1.49,0.39507215372778626,7
5178,36832,20120601,20120606,344,5,926,Low,Express Air,24,60.69,0.06,-25.65,2.12,1.99,-0.4226396440929313,5
5184,36836,20100226,20100301,381,5,244,Medium,Regular Air,43,16116.33,0.08,6919.87,387.99,19.99,0.42937008611762106,3
5188,36867,20090905,20090907,452,5,68,High,Express Air,21,5482.18,0.06,1167.38,276.2,24.49,0.2129408374040984,2
5189,36867,20090905,20090907,452,5,705,High,Regular Air,16,45.57,0.09,2.81,2.88,0.7,0.06166337502743033,2
5231,37250,20100114,20100115,451,5,1039,High,Regular Air,13,473.46,0.03,128.11,35.94,6.66,0.2705825201706586,1
5266,37473,20091001,20091005,360,5,424,Low,Regular Air,42,88.23,0.1,-195.93,2.18,5.0,-2.2206732403944236,4
5268,37505,20110603,20110605,712,5,353,Low,Regular Air,1,29.19,0.03,-23.1,16.98,12.39,-0.7913669064748201,2
5269,37505,20110603,20110605,712,5,464,Low,Express Air,9,2007.24,0.03,600.4,225.04,11.79,0.29911719575138,2
5270,37505,20110603,20110608,712,5,510,Low,Regular Air,42,384.41,0.05,-44.3,9.49,5.76,-0.11524153898181627,5
5272,37537,20090102,20090102,544,5,251,Low,Delivery Truck,4,1239.06,0.0,-193.08,291.73,48.8,-0.1558278049489129,0
5273,37537,20090102,20090104,544,5,1051,Low,Delivery Truck,43,4083.19,0.07,-1049.85,100.98,45.0,-0.2571151477153892,2
5274,37537,20090102,20090109,544,5,376,Low,Regular Air,32,4902.38,0.05,1438.49,155.06,7.07,0.29342686613440816,7
5283,37606,20100222,20100223,271,5,192,Critical,Express Air,1,19.96,0.05,3.25,4.98,4.86,0.1628256513026052,1
5284,37606,20100222,20100224,271,5,574,Critical,Regular Air,41,148.99,0.03,-115.48,3.57,4.17,-0.7750855762131686,2
5285,37606,20100222,20100224,271,5,429,Critical,Regular Air,21,70.66,0.06,-57.84,3.28,3.97,-0.8185677894140958,2
5289,37668,20100108,20100108,720,5,535,Low,Regular Air,33,478.27,0.01,-4.85,13.99,7.51,-0.010140715495431451,0
5322,37830,20090816,20090818,714,5,1076,Not Specified,Express Air,39,977.92,0.05,148.89,25.99,5.37,0.15225171793193717,2
5343,37957,20101105,20101106,344,5,964,Not Specified,Regular Air,31,229.26,0.0,-37.2,6.81,5.48,-0.16226118817063598,1
5404,38406,20101202,20101203,710,5,127,Medium,Delivery Truck,12,754.94,0.01,-226.24,58.14,36.61,-0.29967944472408403,1
5431,38594,20091201,20091202,709,5,65,Medium,Regular Air,26,1011.9,0.07,247.94,39.48,1.99,0.24502421187864415,1
5444,38657,20100528,20100529,392,5,48,Not Specified,Regular Air,38,1279.25,0.01,569.3,31.78,1.99,0.44502638264608163,1
5466,38850,20100429,20100501,455,5,453,Medium,Delivery Truck,34,12570.74,0.02,-4560.43,348.21,40.19,-0.3627813477965498,2
5479,38913,20090906,20090906,425,5,920,Not Specified,Regular Air,7,230.29,0.03,-4.3,31.74,12.62,-0.018672109079855833,0
5488,38948,20110605,20110606,414,5,376,Not Specified,Regular Air,9,1394.28,0.03,197.16,155.06,7.07,0.14140631723900507,1
5489,38948,20110605,20110606,414,5,224,Not Specified,Express Air,44,6862.237,0.05,1839.2,179.99,13.99,0.2680175575399101,1
5505,39041,20111026,20111026,708,5,1172,Critical,Express Air,47,418.03,0.0,-158.58,8.09,7.96,-0.37935076429921305,0
5506,39041,20111026,20111028,708,5,457,Critical,Regular Air,23,336.86,0.06,36.32,14.2,5.3,0.10781927210116962,2
5519,39136,20090624,20090626,387,5,440,High,Regular Air,49,2693.514,0.02,662.05,65.99,3.99,0.24579415588706793,2
5535,39232,20110712,20110714,708,5,1063,Low,Regular Air,11,391.9,0.1,-47.01,35.44,19.99,-0.11995406991579485,2
5536,39232,20110712,20110717,708,5,381,Low,Regular Air,26,1451.59,0.06,435.11,55.48,14.3,0.29974717378874205,5
5586,39617,20111217,20111219,400,5,132,Not Specified,Regular Air,33,1283.68,0.08,202.47,39.98,9.2,0.15772622460426275,2
5587,39617,20111217,20111219,400,5,289,Not Specified,Regular Air,28,169.46,0.02,34.24,5.84,1.2,0.20205358196624573,2
5589,39649,20091019,20091020,381,5,554,High,Express Air,10,1351.653,0.01,-202.85,155.99,8.99,-0.15007550014685722,1
5590,39649,20091019,20091021,381,5,584,High,Regular Air,9,63.0,0.01,-17.48,5.98,5.46,-0.27746031746031746,2
5595,39654,20120930,20121001,451,5,1074,Medium,Express Air,39,856.15,0.03,330.03,21.38,2.99,0.3854815160894703,1
5618,39808,20120902,20120909,402,5,854,Low,Regular Air,50,2026.42,0.03,655.36,39.98,9.83,0.32340778318413754,7
5619,39808,20120902,20120906,402,5,738,Low,Regular Air,31,3413.4555,0.03,868.47,125.99,2.5,0.2544254641667366,4
5623,39841,20100101,20100103,421,5,526,Medium,Regular Air,43,294.13,0.01,-123.07,6.68,6.92,-0.4184204263420936,2
5630,39847,20100404,20100405,377,5,1211,Not Specified,Regular Air,29,125.41,0.08,-127.01,4.38,6.21,-1.012758153257316,1
5631,39847,20100404,20100405,377,5,391,Not Specified,Regular Air,49,3170.52,0.08,379.11,64.98,6.88,0.11957344536542902,1
5632,39847,20100404,20100406,377,5,554,Not Specified,Regular Air,20,2488.477,0.08,142.55,155.99,8.99,0.05728403356751942,2
5641,39907,20100829,20100907,377,5,162,Low,Regular Air,12,378.84,0.05,-99.38,30.73,4.0,-0.26232710379051843,9
5663,40068,20100420,20100422,377,5,580,Low,Delivery Truck,1,200.38,0.02,-90.41,160.98,30.0,-0.451192733805769,2
5664,40068,20100420,20100424,377,5,391,Low,Regular Air,2,128.52,0.1,-110.07,64.98,6.88,-0.8564425770308122,4
5665,40068,20100420,20100420,377,5,453,Low,Delivery Truck,24,6717.784,0.0,1903.1,348.21,40.19,0.28329282394313365,0
5710,40420,20110110,20110112,718,5,612,High,Regular Air,22,59.08,0.1,-2.61,2.88,1.49,-0.044177386594448205,2
5711,40420,20110110,20110112,718,5,164,High,Regular Air,50,886.363,0.08,450.02,20.99,0.99,0.5077152363083748,2
5716,40485,20091227,20091227,722,5,584,Not Specified,Regular Air,36,222.25,0.05,-63.77,5.98,5.46,-0.28692913385826774,0
5717,40485,20091227,20091228,722,5,440,Not Specified,Regular Air,7,388.7135,0.01,-190.42,65.99,3.99,-0.4898723610062423,1
5781,40998,20090502,20090503,347,5,412,Medium,Regular Air,43,1233.22,0.05,385.46,29.89,1.99,0.312563857219312,1
5782,40998,20090502,20090504,347,5,910,Medium,Regular Air,39,144.82,0.08,28.4,4.0,1.3,0.19610551028863416,2
5793,41091,20090524,20090525,348,5,87,Medium,Express Air,32,6310.69,0.1,1318.83,218.08,18.06,0.20898348675026027,1
5800,41152,20110903,20110904,344,5,323,High,Regular Air,49,3702.92,0.03,541.92,76.72,19.95,0.14634936752616853,1
5801,41152,20110903,20110905,344,5,75,High,Regular Air,29,53.99,0.1,-15.12,1.88,1.49,-0.2800518614558251,2
5804,41157,20110416,20110418,376,5,348,Medium,Regular Air,39,3854.4,0.09,1116.98,107.53,5.81,0.2897934827729348,2
5826,41349,20111217,20111218,377,5,1140,Critical,Express Air,44,346.2,0.0,-335.69,7.38,11.51,-0.9696418255343732,1
5827,41349,20111217,20111219,377,5,266,Critical,Express Air,4,85.96,0.08,-7.48,20.24,8.99,-0.08701721731037693,2
5828,41349,20111217,20111219,377,5,587,Critical,Regular Air,39,475.52,0.07,-70.43,12.44,6.27,-0.14811154104979812,2
5841,41440,20090922,20090923,545,5,383,High,Regular Air,20,92.94,0.09,37.77,4.91,0.5,0.40639122014202717,1
5842,41440,20090922,20090925,545,5,301,High,Delivery Truck,19,6070.96,0.01,173.48,296.18,54.12,0.028575381817702635,3
5850,41539,20110503,20110505,711,5,1206,High,Express Air,24,41.85,0.04,-8.44,1.6,1.29,-0.20167264038231777,2
5851,41539,20110503,20110504,711,5,451,High,Regular Air,41,2303.7125,0.04,398.22,65.99,8.99,0.17286011166758006,1
5859,41574,20100920,20100922,402,5,393,High,Regular Air,23,283.82,0.01,-38.94,11.97,5.81,-0.13719963357057288,2
5902,41831,20120721,20120723,343,5,792,Not Specified,Delivery Truck,43,3441.09,0.03,431.95,80.97,30.06,0.12552708589429512,2
5903,41831,20120721,20120722,343,5,300,Not Specified,Regular Air,38,209.61,0.05,-96.29,5.28,5.66,-0.45937693812318114,1
5906,41888,20090228,20090309,720,5,352,Low,Regular Air,18,1979.47,0.1,690.27,120.98,9.07,0.3487145549061112,9
5907,41888,20090228,20090304,720,5,1090,Low,Express Air,23,187.8,0.08,-41.83,8.32,2.38,-0.22273695420660275,4
5908,41888,20090228,20090228,720,5,1087,Low,Regular Air,29,2823.037,0.1,372.4,125.99,4.2,0.13191467203582524,0
5927,42054,20120914,20120916,271,5,612,Medium,Regular Air,32,94.55,0.01,6.74,2.88,1.49,0.07128503437334743,2
5940,42148,20111020,20111023,718,5,49,Critical,Regular Air,11,45.31,0.07,-10.64,3.98,2.97,-0.23482674906201723,3
5959,42306,20120914,20120916,369,5,3,High,Regular Air,4,36.46,0.1,-7.41,8.69,2.99,-0.20323642347778387,2
5967,42338,20091102,20091104,708,5,396,Not Specified,Regular Air,14,63.91,0.04,-44.47,4.14,6.6,-0.6958222500391176,2
5968,42338,20091102,20091104,708,5,1096,Not Specified,Regular Air,32,1909.0065,0.01,344.13,65.99,8.99,0.18026654178495463,2
5972,42343,20090814,20090816,389,5,1117,Critical,Delivery Truck,46,3412.08,0.04,239.23,70.98,26.85,0.07011265855431291,2
5973,42343,20090814,20090815,389,5,130,Critical,Regular Air,31,1311.68,0.03,230.37,40.99,17.48,0.17562972676262503,1
5991,42467,20101014,20101014,414,5,291,High,Regular Air,10,238.88,0.01,-48.21,22.38,15.1,-0.20181681178834562,0
5992,42467,20101014,20101016,414,5,455,High,Express Air,39,1235.29,0.0,53.63,30.98,6.5,0.04341490662111731,2
5993,42467,20101014,20101016,414,5,521,High,Regular Air,12,1928.327,0.09,-253.37,195.99,8.99,-0.13139368997063258,2
6005,42529,20101010,20101015,410,5,437,Low,Regular Air,8,57.15,0.03,-33.95,5.98,7.5,-0.5940507436570429,5
6008,42563,20100812,20100812,718,5,683,Medium,Express Air,7,44.25,0.07,-14.36,4.24,5.41,-0.32451977401129944,0
6011,42567,20100111,20100113,360,5,100,Critical,Delivery Truck,12,1940.32,0.0,-18.81,146.34,43.75,-0.009694277232621423,2
6024,42691,20100524,20100602,305,5,852,Low,Regular Air,50,2447.65,0.0,1170.35,46.94,6.77,0.4781525136355279,9
6025,42691,20100524,20100528,305,5,533,Low,Regular Air,7,1069.64,0.09,-139.75,161.55,19.99,-0.13065143412736993,4
6058,42919,20111006,20111007,722,5,781,Medium,Express Air,7,1143.4285,0.04,-475.66,195.99,4.2,-0.4159945287352904,1
6070,43010,20121009,20121009,712,5,259,Critical,Regular Air,40,233.2,0.0,74.83,5.68,1.46,0.3208833619210978,0
6071,43010,20121009,20121011,712,5,89,Critical,Regular Air,24,245.53,0.02,83.16,10.14,2.27,0.33869588237689896,2
6074,43043,20120414,20120416,708,5,464,Critical,Regular Air,4,904.12,0.07,28.81,225.04,11.79,0.03186523912754944,2
6092,43170,20100513,20100520,410,5,831,Low,Delivery Truck,25,7667.78,0.04,1494.01,306.14,26.53,0.19484257503475583,7
6093,43170,20100513,20100517,410,5,385,Low,Regular Air,40,1305.85,0.0,65.01,30.98,17.08,0.04978366581154038,4
6130,43397,20110512,20110513,356,5,1031,Critical,Delivery Truck,35,2130.31,0.08,-319.26,60.89,32.41,-0.14986551253104008,1
6146,43494,20120103,20120104,723,5,108,Medium,Regular Air,2,3668.28,0.09,-4858.67,1938.02,13.99,-1.3245090342067671,1
6165,43682,20120827,20120829,724,5,292,Medium,Regular Air,14,1849.6,0.06,62.16,155.99,8.99,0.03360726643598616,2
6181,43814,20110109,20110110,451,5,14,Medium,Regular Air,40,197.1,0.09,-12.88,5.28,2.99,-0.06534753932014206,1
6182,43814,20110109,20110110,451,5,1028,Medium,Regular Air,47,199.48,0.03,13.8,4.2,2.26,0.06917986765590536,1
6183,43815,20120613,20120614,332,5,1201,Not Specified,Regular Air,40,635.59,0.07,202.83,16.51,2.99,0.3191208168788055,1
6184,43815,20120613,20120614,332,5,812,Not Specified,Regular Air,22,1251.4,0.01,539.45,55.48,6.79,0.4310771935432316,1
6185,43815,20120613,20120614,332,5,1160,Not Specified,Regular Air,45,3577.81,0.03,-1097.97,78.8,35.0,-0.3068832609892644,1
6186,43844,20101031,20101031,405,5,482,High,Regular Air,25,1009.868,0.02,170.57,45.99,4.99,0.1689032626046176,0
6187,43846,20090226,20090227,723,5,996,High,Regular Air,9,31.36,0.1,-8.28,3.6,2.2,-0.26403061224489793,1
6207,43974,20090916,20090917,348,5,182,Not Specified,Regular Air,8,64.23,0.03,15.83,7.64,1.39,0.24645804141366962,1
6209,44000,20121004,20121004,350,5,311,Not Specified,Regular Air,17,119.51,0.06,-51.3,7.1,6.05,-0.4292527821939586,0
6210,44000,20121004,20121005,350,5,562,Not Specified,Regular Air,19,332.38,0.05,89.95,17.78,5.03,0.2706239845959444,1
6214,44003,20111117,20111121,729,5,283,Low,Regular Air,38,202.42,0.09,0.86,5.34,2.99,0.004248592036360043,4
6224,44069,20090102,20090104,392,5,1024,Critical,Express Air,16,137.63,0.09,26.71,9.11,2.15,0.19407106008864347,2
6225,44069,20090102,20090102,392,5,536,Critical,Regular Air,43,614.8,0.08,247.79,15.04,1.97,0.4030416395575797,0
6229,44099,20120312,20120314,544,5,1147,Medium,Regular Air,34,11823.52,0.1,4592.74,367.99,19.99,0.3884410057241836,2
6230,44099,20120312,20120314,544,5,683,Medium,Regular Air,19,80.81,0.1,-67.46,4.24,5.41,-0.8347976735552529,2
6231,44133,20100106,20100107,394,5,1136,High,Regular Air,35,181.15,0.06,-46.68,5.28,3.96,-0.2576869997239856,1
6249,44261,20120323,20120325,725,5,461,High,Express Air,31,13064.06,0.01,5979.56,420.98,19.99,0.4577106963685103,2
6250,44261,20120323,20120325,725,5,229,High,Delivery Truck,34,4771.89,0.05,-427.99,140.98,36.09,-0.08968982939673797,2
6251,44261,20120323,20120324,725,5,1248,High,Delivery Truck,1,3360.3,0.05,-7961.43,3502.14,8.73,-2.369261673064905,1
6252,44261,20120323,20120326,725,5,702,High,Regular Air,10,306.663,0.07,-17.41,35.99,5.99,-0.05677241793108396,3
6263,44323,20120807,20120809,34,5,960,Medium,Delivery Truck,27,21320.58,0.09,5381.02,810.98,16.06,0.252386192120477,2
6289,44517,20090423,20090424,359,5,1194,Medium,Regular Air,5,32.5,0.03,-16.67,5.28,5.61,-0.5129230769230769,1
6294,44549,20120122,20120123,422,5,610,Medium,Regular Air,5,11.25,0.08,-4.96,2.08,1.49,-0.4408888888888889,1
6315,44679,20120603,20120604,419,5,986,Medium,Regular Air,22,127.51,0.07,26.74,5.98,1.49,0.20970904242804483,1
6316,44679,20120603,20120605,419,5,915,Medium,Regular Air,35,2004.22,0.08,338.91,60.65,12.23,0.16909820279210866,2
6329,44836,20090911,20090912,714,5,986,Medium,Regular Air,21,125.79,0.02,28.53,5.98,1.49,0.22680658239923682,1
6358,45120,20090409,20090410,415,5,749,Critical,Delivery Truck,39,14591.44,0.07,5475.8,400.97,48.26,0.37527481866080387,1
6367,45158,20100410,20100412,725,5,849,Low,Regular Air,40,375.52,0.09,131.7,9.68,2.03,0.3507136770345121,2
6368,45158,20100410,20100415,725,5,295,Low,Express Air,15,63.84,0.03,23.52,3.78,0.71,0.3684210526315789,5
6377,45254,20100726,20100727,455,5,818,High,Delivery Truck,45,3327.84,0.06,-3033.57,70.89,89.3,-0.9115732727534978,1
6379,45315,20120420,20120421,118,5,140,Medium,Regular Air,32,1141.9,0.02,175.32,34.76,8.22,0.15353358437691564,1
6387,45380,20090430,20090501,711,5,858,Critical,Express Air,34,1912.9845,0.06,288.09,65.99,8.8,0.15059714284146053,1
6388,45380,20090430,20090502,711,5,928,Critical,Express Air,24,4170.865,0.0,1030.51,195.99,4.2,0.2470734487929962,2
6393,45409,20100412,20100415,356,5,82,Critical,Delivery Truck,11,3427.31,0.1,124.36,320.98,58.95,0.03628501652899796,3
6394,45409,20100412,20100413,356,5,431,Critical,Regular Air,10,36.26,0.08,-28.37,3.28,3.97,-0.7824048538334253,1
6395,45409,20100412,20100415,356,5,174,Critical,Regular Air,50,893.1375,0.0,11.0,20.99,1.25,0.012316132734321422,3
6406,45539,20090802,20090804,451,5,663,Not Specified,Express Air,15,269.2,0.02,69.61,16.48,1.99,0.2585809806835067,2
6407,45539,20090802,20090804,451,5,426,Not Specified,Regular Air,27,87.33,0.08,13.82,3.38,0.85,0.15825031489751518,2
6418,45605,20100410,20100412,347,5,763,Medium,Delivery Truck,7,1494.27,0.05,-248.78,212.6,52.2,-0.16648932254545698,2
6423,45664,20120609,20120610,381,5,67,Not Specified,Regular Air,24,473.03,0.09,26.27,19.98,10.49,0.05553558970889796,1
6426,45671,20110612,20110619,711,5,322,Low,Regular Air,13,126.68,0.05,7.0,9.77,6.02,0.055257341332491314,7
6430,45728,20100621,20100622,334,5,1101,High,Regular Air,49,1711.79,0.01,812.32,33.29,1.99,0.47454419058412545,1
6437,45762,20100721,20100726,34,5,532,Low,Regular Air,21,793.85,0.01,308.53,37.94,5.08,0.3886502487875543,5
6486,46151,20091108,20091110,391,5,682,Critical,Regular Air,23,203.91,0.02,-35.44,8.6,6.19,-0.1738021676229709,2
6523,46407,20090326,20090328,733,5,460,Not Specified,Regular Air,7,38.37,0.1,-29.0,5.18,5.74,-0.7557988011467293,2
6534,46499,20090607,20090608,351,5,1122,Critical,Regular Air,1,46.94,0.06,-26.54,44.01,3.5,-0.5654026416702173,1
6535,46499,20090607,20090609,351,5,284,Critical,Regular Air,22,89.96,0.07,-115.21,4.06,6.89,-1.280680302356603,2
6536,46499,20090607,20090608,351,5,231,Critical,Regular Air,10,12.95,0.1,-6.78,1.26,0.7,-0.5235521235521235,1
6561,46631,20120311,20120313,348,5,775,Not Specified,Regular Air,39,930.84,0.05,-122.12,22.84,16.92,-0.13119333075501696,2
6563,46662,20111229,20111231,398,5,227,Critical,Regular Air,8,57.22,0.07,-27.72,6.48,6.6,-0.48444599790283116,2
6564,46662,20111229,20111231,398,5,486,Critical,Regular Air,33,162.0,0.01,45.84,4.84,0.71,0.28296296296296297,2
6565,46662,20111229,20111231,398,5,576,Critical,Regular Air,48,3410.1575,0.1,1137.91,85.99,0.99,0.33368253519082336,2
6566,46691,20120624,20120626,419,5,1250,Critical,Regular Air,47,1676.25,0.04,-458.33,36.65,22.6,-0.27342580164056673,2
6583,46880,20100703,20100705,381,5,193,Critical,Regular Air,1,29.99,0.07,-8.88,21.98,8.32,-0.29609869956652224,2
6607,47011,20090219,20090221,709,5,468,High,Regular Air,33,373.13,0.05,-35.26,11.29,5.03,-0.09449789617559563,2
6637,47201,20091228,20091229,724,5,279,Critical,Express Air,18,99.55,0.03,-60.9,4.98,4.62,-0.6117528879959819,1
6663,47457,20090603,20090608,545,5,533,Low,Regular Air,50,8230.77,0.05,1577.02,161.55,19.99,0.19160054284107075,5
6679,47522,20121023,20121024,725,5,69,High,Regular Air,5,80.56,0.03,12.5,15.67,1.39,0.1551638530287984,1
6684,47553,20110522,20110523,350,5,1079,Medium,Delivery Truck,49,20701.928,0.08,3918.54,550.98,45.7,0.18928381936213864,1
6688,47584,20100727,20100729,712,5,999,Critical,Regular Air,4,20.19,0.03,1.3,4.91,0.5,0.06438831104507181,2
6689,47584,20100727,20100728,712,5,790,Critical,Regular Air,43,74.99,0.08,-8.95,1.82,0.83,-0.11934924656620882,1
6696,47683,20100901,20100908,348,5,1134,Low,Regular Air,38,81.97,0.05,-148.8,1.98,4.77,-1.815298279858485,7
6719,47872,20090612,20090614,362,5,234,Critical,Regular Air,38,1756.27,0.09,649.05,46.89,5.1,0.36956162776794,2
6720,47872,20090612,20090613,362,5,6,Critical,Regular Air,50,345.58,0.05,-38.04,6.64,4.95,-0.11007581457260258,1
6723,47877,20090828,20090831,714,5,269,Medium,Regular Air,16,273.36,0.04,32.25,17.24,3.26,0.11797629499561017,3
6724,47877,20090828,20090830,714,5,147,Medium,Delivery Truck,19,3240.728,0.07,-691.31,218.75,69.64,-0.21331935293551324,2
6725,47877,20090828,20090830,714,5,724,Medium,Regular Air,49,8058.96,0.08,-1621.38,209.37,69.0,-0.20118973167753657,2
6726,47879,20120111,20120112,714,5,1024,Critical,Regular Air,19,172.54,0.08,44.23,9.11,2.15,0.25634635446852905,1
6730,47910,20090815,20090816,362,5,902,High,Regular Air,30,5290.57,0.08,1389.18,178.47,19.99,0.26257662217870664,1
6739,47972,20101011,20101013,402,5,1176,Medium,Express Air,46,7685.62,0.02,1952.15,165.2,19.99,0.25400032788506327,2
6765,48192,20091216,20091217,723,5,229,Critical,Delivery Truck,15,2277.67,0.0,-173.96,140.98,36.09,-0.07637629682965487,1
6780,48288,20110722,20110724,376,5,631,Medium,Delivery Truck,25,3308.28,0.08,-581.59,130.98,54.74,-0.17579830002297267,2
6781,48293,20120409,20120410,720,5,182,Critical,Regular Air,47,370.6,0.03,160.72,7.64,1.39,0.43367512142471665,1
6782,48294,20100526,20100526,398,5,1155,High,Regular Air,43,4072.01,0.01,1675.98,90.24,0.99,0.4115854332381305,0
6785,48322,20120304,20120305,727,5,900,Medium,Regular Air,14,41.37,0.05,1.82,2.94,0.7,0.043993231810490696,1
6787,48353,20121215,20121217,718,5,901,Not Specified,Regular Air,18,71.22,0.04,20.43,3.85,0.7,0.2868576242628475,2
6794,48420,20091011,20091013,389,5,392,Low,Express Air,46,863.26,0.09,229.6,19.23,6.15,0.26596853786808144,2
6814,48512,20110803,20110804,719,5,751,Not Specified,Regular Air,48,238.79,0.04,-83.78,4.98,4.72,-0.3508522132417606,1
6815,48512,20110803,20110803,719,5,857,Not Specified,Express Air,47,148.26,0.04,49.04,2.94,0.81,0.33077026844732227,0
6828,48641,20111205,20111206,421,5,657,High,Regular Air,13,66.83,0.0,23.16,4.98,0.8,0.34655095017207843,1
6836,48672,20121226,20121226,347,5,622,High,Regular Air,43,255.7,0.0,-35.74,5.81,3.37,-0.13977317168556905,0
6841,48709,20110828,20110830,191,5,842,High,Regular Air,17,47.12,0.01,-47.01,2.52,4.28,-0.9976655348047538,2
6855,48832,20100505,20100505,344,5,557,High,Delivery Truck,48,4480.89,0.02,195.04,90.98,30.0,0.04352706716746003,0
6856,48836,20090214,20090216,376,5,453,Critical,Delivery Truck,8,2651.21,0.09,-93.85,348.21,40.19,-0.03539893105412246,2
6870,48935,20100107,20100109,723,5,999,Low,Regular Air,21,106.2,0.0,48.76,4.91,0.5,0.4591337099811676,2
6877,49026,20110307,20110312,709,5,372,Low,Regular Air,36,411.75,0.05,-182.87,11.66,8.99,-0.44412871888281724,5
6987,49925,20100122,20100123,708,5,705,High,Regular Air,1,3.41,0.06,-1.78,2.88,0.7,-0.5219941348973607,1
7055,50337,20090416,20090417,372,5,1224,Not Specified,Express Air,37,122.99,0.0,21.48,2.78,1.49,0.17464834539393448,1
7056,50337,20090416,20090418,372,5,380,Not Specified,Delivery Truck,6,14734.71,0.1,-3798.01,2550.14,29.7,-0.2577593994045353,2
7062,50403,20120512,20120514,600,5,311,Not Specified,Regular Air,38,264.92,0.05,-97.06,7.1,6.05,-0.366374754642911,2
7095,50656,20091025,20091027,271,5,537,Critical,Regular Air,42,194.2,0.0,-139.13,4.37,5.15,-0.7164263645726056,2
7096,50656,20091025,20091026,271,5,39,Critical,Delivery Truck,31,16451.33,0.01,5325.14,500.98,56.0,0.3236905466001837,1
7097,50656,20091025,20091025,271,5,133,Critical,Regular Air,39,485.97,0.02,48.6,12.58,5.16,0.10000617322056916,0
7098,50656,20091025,20091026,271,5,803,Critical,Regular Air,15,109.71,0.1,-20.95,7.7,3.68,-0.19095798012943213,1
7141,50950,20121230,20121230,391,5,759,Not Specified,Delivery Truck,6,391.12,0.06,-166.96,60.98,30.0,-0.4268766618940479,0
7142,50950,20121230,20121230,391,5,28,Not Specified,Express Air,35,448.1,0.1,-15.07,13.48,4.51,-0.033630885962954694,0
7143,50977,20120611,20120611,713,5,41,Low,Express Air,1,34.09,0.05,-19.9,18.97,9.03,-0.5837488999706658,0
7151,51011,20100606,20100608,713,5,150,Low,Regular Air,41,5144.8715,0.09,1435.83,155.99,3.9,0.2790798565134231,2
7169,51171,20100621,20100623,394,5,291,High,Regular Air,34,783.48,0.01,-73.4,22.38,15.1,-0.09368458671567877,2
7186,51267,20120503,20120508,455,5,550,Low,Delivery Truck,46,4394.78,0.08,-335.77,100.98,35.84,-0.07640200419588694,5
7200,51362,20100222,20100224,724,5,730,Medium,Regular Air,47,1501.8,0.02,112.78,30.97,4.0,0.07509655080569982,2
7214,51489,20120303,20120305,389,5,423,Critical,Regular Air,42,4846.68,0.04,820.94,110.98,13.99,0.169381927422483,2
7215,51489,20120303,20120305,389,5,1078,Critical,Regular Air,5,32.69,0.0,-24.43,4.98,7.54,-0.7473233404710922,2
7216,51489,20120303,20120303,389,5,817,Critical,Regular Air,22,38.88,0.09,-18.57,1.81,1.56,-0.4776234567901234,0
7217,51493,20110706,20110708,191,5,1203,Low,Regular Air,31,286.26,0.01,8.34,8.56,5.16,0.029134353385034586,2
7283,51969,20110904,20110904,585,5,47,High,Regular Air,16,196.98,0.04,-5.76,12.28,6.47,-0.029241547365214744,0
7284,51969,20110904,20110907,585,5,858,High,Regular Air,33,1756.695,0.1,164.97,65.99,8.8,0.09390930127312937,3
7292,52003,20120218,20120225,711,5,763,Low,Delivery Truck,11,1884.208,0.04,-776.72,212.6,110.2,-0.4122262510296103,7
7293,52003,20120218,20120218,711,5,141,Low,Regular Air,2,93.3385,0.1,-300.39,55.99,5.0,-3.2182861305891994,0
7323,52196,20100130,20100131,708,5,246,Not Specified,Regular Air,1,3.85,0.08,-1.36,3.08,0.99,-0.35324675324675325,1
7324,52196,20100130,20100201,708,5,248,Not Specified,Regular Air,10,547.0005,0.08,-97.2,65.99,3.9,-0.17769636408010597,2
7340,52292,20101003,20101004,332,5,157,Not Specified,Delivery Truck,18,2379.15,0.06,-261.77,130.98,30.0,-0.11002669020448479,1
7359,52423,20110411,20110413,695,5,753,Critical,Regular Air,49,1734.4,0.02,749.16,35.41,1.99,0.43194188191881916,2
7360,52423,20110411,20110412,695,5,8,Critical,Regular Air,25,1128.03,0.01,256.3,42.76,6.22,0.22721026923042828,1
7361,52448,20100910,20100911,34,5,82,Not Specified,Delivery Truck,22,6767.43,0.05,803.48,320.98,58.95,0.11872749330247967,1
7376,52580,20120828,20120830,600,5,375,High,Regular Air,16,367.09,0.04,74.2,22.98,1.99,0.20213026778174292,2
7377,52580,20120828,20120830,600,5,474,High,Regular Air,23,139.66,0.02,46.69,5.68,1.39,0.3343119003293713,2
7441,53056,20111103,20111104,191,5,1251,Critical,Regular Air,13,509.49,0.07,-51.18,40.99,8.97,-0.10045339457104163,1
7442,53060,20100322,20100324,339,5,125,Critical,Regular Air,36,739.07,0.1,-71.55,20.95,5.99,-0.09681085688771023,2
7443,53060,20100322,20100324,339,5,1024,Critical,Regular Air,4,38.58,0.02,-2.82,9.11,2.15,-0.07309486780715396,2
7465,53283,20111028,20111029,455,5,510,High,Regular Air,2,25.07,0.04,-27.67,9.49,5.76,-1.1037096130833666,1
7471,53344,20100224,20100226,347,5,1252,High,Regular Air,36,181.95,0.03,-132.26,4.89,6.07,-0.7269029953283869,2
7477,53381,20100926,20100927,725,5,411,Critical,Regular Air,26,287.43,0.01,37.9,10.98,4.8,0.1318581915596841,1
7505,53571,20120315,20120317,350,5,236,Not Specified,Regular Air,21,238.06,0.05,56.43,10.91,2.99,0.23704108208014785,2
7513,53635,20120718,20120720,336,5,546,Not Specified,Regular Air,33,103.92,0.08,-52.76,3.14,1.92,-0.5076982294072363,2
7525,53762,20120601,20120602,170,5,651,Critical,Regular Air,28,136.16,0.07,58.1,4.98,0.49,0.42670387779083435,1
7561,54086,20120906,20120908,710,5,242,Low,Delivery Truck,23,5062.18,0.06,842.83,270.97,28.06,0.1664954624292301,2
7575,54180,20121022,20121024,723,5,312,Critical,Regular Air,43,913.99,0.08,-57.75,21.38,8.99,-0.06318449873631002,2
7581,54215,20111021,20111023,710,5,375,High,Regular Air,14,321.21,0.04,53.44,22.98,1.99,0.16637090999657544,2
7591,54336,20100415,20100417,545,5,771,Medium,Regular Air,50,952.21,0.05,403.83,18.84,3.62,0.4240976255237815,2
7610,54467,20101018,20101020,400,5,189,Low,Regular Air,37,436.67,0.06,51.91,11.58,5.72,0.11887695513774703,2
7611,54467,20101018,20101020,400,5,708,Low,Regular Air,30,146.72,0.06,18.26,5.08,2.03,0.1244547437295529,2
7612,54467,20101018,20101023,400,5,284,Low,Regular Air,17,74.83,0.08,-83.71,4.06,6.89,-1.1186689830281973,5
7623,54534,20120319,20120321,667,5,844,Not Specified,Regular Air,16,124.71,0.01,-30.04,7.35,5.96,-0.24087883890626252,2
7627,54564,20101206,20101208,402,5,238,High,Express Air,27,1553.868,0.04,322.51,65.99,5.92,0.20755302252186159,2
7637,54692,20100305,20100305,728,5,895,Medium,Regular Air,16,43.65,0.05,-3.67,2.78,0.97,-0.08407789232531501,0
7638,54692,20100305,20100307,728,5,662,Medium,Regular Air,27,2478.481,0.09,249.1,115.99,8.99,0.10050510776560319,2
7641,54727,20101213,20101214,400,5,399,Medium,Regular Air,29,1427.14,0.02,605.92,48.04,7.23,0.42456941855739444,1
7656,54886,20120804,20120805,210,5,448,Critical,Regular Air,39,419.95,0.02,-39.1,10.64,5.16,-0.09310632218121205,1
7668,54977,20110710,20110714,381,5,637,Low,Regular Air,24,344.25,0.1,23.96,14.48,6.46,0.06960058097312999,4
7669,54977,20110710,20110715,381,5,867,Low,Regular Air,12,64.77,0.09,14.46,5.84,1.0,0.2232515053265401,5
7676,55040,20090412,20090414,721,5,1200,High,Regular Air,8,292.38,0.05,6.11,35.51,6.31,0.020897462206717288,2
7677,55040,20090412,20090412,721,5,1008,High,Regular Air,24,191.79,0.1,-6.34,8.34,2.64,-0.03305698941550654,0
7678,55040,20090412,20090414,721,5,401,High,Regular Air,34,290.01,0.03,-160.28,8.04,8.94,-0.5526705975656012,2
7679,55040,20090412,20090414,721,5,380,High,Delivery Truck,2,4692.26,0.08,-7373.13,2550.14,29.7,-1.5713387578693423,2
7692,55139,20100117,20100118,410,5,298,Not Specified,Regular Air,41,576.58,0.04,-81.55,13.9,7.59,-0.1414374414651913,1
7702,55203,20100411,20100411,338,5,712,Low,Regular Air,18,994.4745,0.05,0.71,65.99,7.69,0.0007139449025590902,0
7721,55330,20090812,20090812,362,5,133,Medium,Regular Air,49,633.91,0.0,141.17,12.58,5.16,0.2226972283131675,0
7744,55431,20120608,20120609,546,5,1206,Not Specified,Regular Air,39,61.94,0.1,-17.78,1.6,1.29,-0.28705198579270264,1
7756,55494,20120625,20120627,386,5,411,Not Specified,Express Air,4,57.82,0.08,0.85,10.98,4.8,0.014700795572466275,2
7757,55494,20120625,20120626,386,5,393,Not Specified,Regular Air,49,544.89,0.09,-115.66,11.97,5.81,-0.2122630255647929,1
7762,55554,20091116,20091117,385,5,439,Critical,Regular Air,6,122.09,0.04,-15.2,18.97,9.54,-0.1244983209108035,1
7763,55554,20091116,20091119,385,5,808,Critical,Regular Air,49,150.06,0.02,30.97,2.88,0.7,0.20638411302145807,3
7764,55554,20091116,20091117,385,5,341,Critical,Regular Air,9,95.09,0.09,-13.53,10.98,3.37,-0.14228625512672205,1
7775,55651,20120307,20120308,191,5,368,Medium,Regular Air,11,995.724,0.05,-117.61,110.99,2.5,-0.11811505999654522,1
7836,56006,20111001,20111001,422,5,597,Critical,Regular Air,16,102.99,0.1,-102.17,6.48,9.68,-0.992038061947762,0
7837,56006,20111001,20111003,422,5,314,Critical,Regular Air,20,1429.088,0.06,500.05,85.99,1.25,0.34990847309612844,2
7850,56130,20111129,20111201,722,5,823,Medium,Regular Air,13,246.06,0.08,52.33,18.7,8.99,0.21267170608794603,2
7851,56130,20111129,20111201,722,5,114,Medium,Regular Air,25,41.87,0.05,-25.52,1.68,1.57,-0.609505612610461,2
7855,56162,20110425,20110427,414,5,741,Not Specified,Delivery Truck,30,5217.79,0.09,209.54,180.98,30.0,0.04015876453441016,2
7867,56261,20120227,20120229,727,5,564,Critical,Delivery Truck,43,16886.76,0.02,483.95,376.13,85.63,0.028658546695754544,2
7881,56358,20120301,20120303,715,5,110,Not Specified,Regular Air,1,11.7,0.0,-8.06,5.89,5.57,-0.688888888888889,2
7893,56452,20090214,20090215,711,5,871,Not Specified,Delivery Truck,34,6686.344,0.0,1192.04,236.97,59.24,0.17827978937368463,1
7895,56483,20090219,20090219,419,5,158,High,Regular Air,37,158.62,0.05,-104.57,4.28,5.17,-0.6592485184718194,0
7896,56484,20111121,20111122,344,5,143,Not Specified,Regular Air,6,176.58,0.1,28.34,30.56,2.99,0.16049382716049382,1
7897,56484,20111121,20111122,344,5,633,Not Specified,Regular Air,15,1121.84,0.0,-173.66,73.98,12.14,-0.15479925836126365,1
7931,56676,20121025,20121026,721,5,300,Critical,Regular Air,39,206.47,0.08,-107.2,5.28,5.66,-0.5192037584152661,1
7941,56740,20121016,20121018,349,5,14,Low,Regular Air,6,34.29,0.05,-6.82,5.28,2.99,-0.1988918051910178,2
7942,56740,20121016,20121020,349,5,1223,Low,Regular Air,29,23516.31,0.09,1094.74,832.81,24.49,0.046552371524274,4
7948,56802,20120529,20120530,331,5,1054,High,Regular Air,50,78.2,0.09,-4.56,1.68,1.0,-0.05831202046035805,1
7959,56868,20111203,20111210,344,5,238,Low,Regular Air,34,1947.4265,0.03,473.27,65.99,5.92,0.2430232925350456,7
7960,56869,20100723,20100725,338,5,998,Low,Regular Air,10,842.19,0.0,157.45,80.98,4.5,0.18695306284805088,2
8004,57190,20100528,20100528,399,5,1251,Medium,Regular Air,48,2052.83,0.02,395.85,40.99,8.97,0.1928313596352353,0
8005,57190,20100528,20100529,399,5,1049,Medium,Regular Air,36,620.45,0.09,171.94,17.48,1.99,0.27712144411314366,1
8009,57248,20091015,20091017,356,5,538,Critical,Regular Air,34,167.5,0.04,-84.42,4.98,4.95,-0.504,2
8022,57318,20100110,20100112,339,5,999,Medium,Regular Air,33,158.79,0.02,74.14,4.91,0.5,0.46690597644687953,2
8023,57318,20100110,20100112,339,5,526,Medium,Regular Air,12,79.06,0.1,-47.0,6.68,6.92,-0.5944852011130787,2
8025,57350,20110525,20110526,667,5,653,High,Regular Air,33,140.63,0.09,-111.87,4.28,5.68,-0.7954917158501031,1
8026,57350,20110525,20110526,667,5,626,High,Regular Air,50,4872.6675,0.09,851.31,125.99,8.8,0.17471128493787028,1
8032,57381,20090807,20090808,727,5,247,High,Regular Air,13,515.23,0.1,171.4,41.94,2.99,0.332666964268385,1
8033,57381,20090807,20090807,727,5,846,High,Regular Air,22,41.65,0.06,-13.86,1.98,0.7,-0.33277310924369746,0
8041,57444,20110514,20110515,717,5,669,Critical,Regular Air,24,178.92,0.09,-56.11,7.68,6.16,-0.31360384529398616,1
8048,57476,20090316,20090317,386,5,459,High,Delivery Truck,20,1351.43,0.08,-550.43,68.81,60.0,-0.40729449546036417,1
8049,57476,20090316,20090318,386,5,312,High,Regular Air,17,357.91,0.04,-52.12,21.38,8.99,-0.14562320136347123,2
8078,57633,20110206,20110207,452,5,616,High,Express Air,12,351.12,0.09,202.63,30.93,3.92,0.5770961494645706,1
8085,57669,20100808,20100809,719,5,530,Critical,Regular Air,41,1803.12,0.0,544.93,40.98,5.33,0.3022150494698079,1
8093,57734,20090916,20090918,350,5,683,High,Regular Air,26,110.14,0.05,-89.22,4.24,5.41,-0.8100599237334302,2
8094,57734,20090916,20090918,350,5,353,High,Regular Air,27,453.89,0.1,-75.06,16.98,12.39,-0.16537046420938994,2
8095,57760,20110712,20110714,733,5,378,Not Specified,Regular Air,38,275.11,0.06,17.15,7.59,4.0,0.06233870088328304,2
8096,57760,20110712,20110714,733,5,1169,Not Specified,Regular Air,34,102.34,0.01,-30.39,2.98,2.03,-0.2969513386750049,2
8110,57891,20101217,20101217,455,5,238,Medium,Regular Air,17,934.9405,0.08,47.1,65.99,5.92,0.05037753739409085,0
8125,58084,20120819,20120819,336,5,32,Medium,Regular Air,3,21.55,0.09,-2.87,7.31,0.49,-0.13317865429234338,0
8126,58084,20120819,20120821,336,5,1114,Medium,Regular Air,36,266.16,0.03,90.91,7.28,1.77,0.34156146678689503,2
8139,58179,20110905,20110906,333,5,189,Medium,Regular Air,3,39.49,0.1,-12.99,11.58,5.72,-0.3289440364649278,1
8151,58279,20090411,20090411,415,5,143,Medium,Regular Air,44,1317.34,0.03,555.93,30.56,2.99,0.4220095040004858,0
8165,58369,20120830,20120831,695,5,311,High,Regular Air,46,320.57,0.1,-114.2,7.1,6.05,-0.356240446704308,1
8166,58369,20120830,20120830,695,5,735,High,Delivery Truck,16,2013.8,0.01,-98.43,119.99,56.14,-0.04887774356937134,0
8167,58371,20100511,20100513,717,5,461,Medium,Regular Air,5,2168.05,0.0,416.02,420.98,19.99,0.19188671847973984,2
8168,58371,20100511,20100512,717,5,597,Medium,Regular Air,44,303.07,0.02,-238.45,6.48,9.68,-0.7867819315669647,1
8169,58371,20100511,20100513,717,5,177,Medium,Regular Air,48,1661.8,0.07,202.68,36.55,13.89,0.12196413527500302,2
8173,58433,20110701,20110702,716,5,741,High,Delivery Truck,11,2020.58,0.01,-45.02,180.98,30.0,-0.022280731275178416,1
8174,58433,20110701,20110703,716,5,728,High,Regular Air,30,1533.46,0.0,730.44,48.04,5.79,0.47633456366647975,2
8175,58433,20110701,20110703,716,5,861,High,Delivery Truck,20,5989.048,0.09,541.01,400.98,42.52,0.09033322157377933,2
8236,58855,20101031,20101031,718,5,332,Medium,Regular Air,38,69.26,0.07,-113.86,1.74,4.08,-1.6439503320820097,0
8278,59173,20101220,20101221,377,5,550,High,Delivery Truck,27,2896.99,0.01,36.94,100.98,35.84,0.01275116586526015,1
8284,59204,20120229,20120301,332,5,920,Medium,Regular Air,8,250.29,0.1,-9.31,31.74,12.62,-0.037196851652083585,1
8285,59204,20120229,20120301,332,5,532,Medium,Regular Air,7,251.59,0.09,39.23,37.94,5.08,0.15592829603720337,1
8309,59363,20090502,20090502,385,5,321,High,Regular Air,24,158.91,0.06,-38.57,6.68,5.2,-0.24271600276886288,0
8328,59553,20101112,20101113,336,5,120,Not Specified,Regular Air,15,171.57,0.04,12.5,11.34,5.01,0.07285656000466283,1
8329,59553,20101112,20101114,336,5,893,Not Specified,Regular Air,42,2170.305,0.1,264.32,65.99,8.99,0.1217893337572369,2
8348,59681,20090611,20090613,354,5,682,Critical,Express Air,23,224.34,0.02,-11.95,8.6,6.19,-0.053267362039761075,2
8369,59781,20121212,20121213,414,5,686,Not Specified,Express Air,43,262.13,0.0,-60.91,5.58,5.3,-0.23236562011215808,1
8370,59781,20121212,20121213,414,5,517,Not Specified,Regular Air,24,173.12,0.1,-166.41,7.28,11.15,-0.9612407578558225,1
8374,59812,20110622,20110622,343,5,220,Medium,Regular Air,46,9261.24,0.0,1646.43,193.17,19.99,0.17777641007035777,0
8375,59812,20110622,20110623,343,5,774,Medium,Regular Air,2,28.98,0.06,-18.39,12.64,4.98,-0.634575569358178,1
8376,59815,20101215,20101217,359,5,884,Not Specified,Regular Air,14,51.56,0.09,-1.06,3.71,1.93,-0.020558572536850273,2
8395,59971,20110531,20110602,362,5,290,Critical,Express Air,26,437.77,0.01,-125.8,15.98,8.99,-0.2873655115700025,2
8396,59971,20110531,20110602,362,5,47,Critical,Regular Air,45,514.86,0.08,-10.84,12.28,6.47,-0.021054267179427415,2
8397,59971,20110531,20110602,362,5,1139,Critical,Express Air,12,356.27,0.1,84.53,30.98,5.09,0.23726387290538076,2
79,481,20121007,20121009,532,5,648,High,Regular Air,44,4509.3775,0.01,1426.26,115.99,5.26,0.3162875585377361,2
131,834,20090522,20090523,637,5,357,Medium,Delivery Truck,15,1813.04,0.01,-164.4,115.99,56.14,-0.09067643295238936,1
215,1414,20110815,20110815,734,5,1017,Critical,Delivery Truck,44,4530.96,0.07,-993.35,105.49,41.64,-0.2192361000759221,0
335,2305,20100125,20100127,454,5,66,High,Delivery Truck,33,3116.47,0.1,-1578.26,100.98,57.38,-0.5064255391516684,2
336,2305,20100125,20100126,454,5,674,High,Regular Air,1,12.41,0.01,-9.08,6.68,5.66,-0.7316680096696213,1
341,2311,20110501,20110502,735,5,529,High,Regular Air,31,1324.09,0.01,94.96,40.89,18.98,0.07171717934581485,1
351,2438,20100714,20100717,736,5,637,High,Regular Air,20,278.68,0.06,8.9,14.48,6.46,0.031936270991818574,3
352,2438,20100714,20100716,736,5,313,High,Regular Air,23,717.468,0.01,316.48,35.99,0.99,0.44110678106898155,2
374,2595,20111213,20111214,737,5,186,Not Specified,Delivery Truck,13,11764.25,0.04,2322.44,880.98,44.55,0.19741504983318103,1
375,2595,20111213,20111215,737,5,1208,Not Specified,Regular Air,4,25.17,0.09,5.88,5.47,5.26,0.233611442193087,2
376,2595,20111213,20111215,737,5,911,Not Specified,Express Air,29,208.47,0.01,-125.6,6.48,8.74,-0.602484769990886,2
409,2790,20090818,20090819,454,5,1216,High,Regular Air,7,45.91,0.01,-35.54,5.44,7.46,-0.774123284687432,1
410,2790,20090818,20090820,454,5,458,High,Delivery Truck,41,22319.58,0.02,-734.31,549.99,49.0,-0.03289981263088283,2
411,2790,20090818,20090819,454,5,869,High,Express Air,15,330.24,0.03,8.48,22.01,5.53,0.02567829457364341,1
412,2790,20090818,20090820,454,5,140,High,Regular Air,15,520.65,0.09,30.63,34.76,8.22,0.05883030826851052,2
490,3395,20091029,20091031,148,5,1253,Not Specified,Express Air,31,181.17,0.06,-59.88,5.38,5.24,-0.3305182977314125,2
491,3395,20091029,20091031,148,5,844,Not Specified,Regular Air,1,13.16,0.03,-10.29,7.35,5.96,-0.7819148936170212,2
492,3395,20091029,20091030,148,5,889,Not Specified,Regular Air,7,107.88,0.02,25.59,15.57,1.39,0.23720800889877644,1
493,3395,20091029,20091030,148,5,796,Not Specified,Regular Air,29,623.02,0.02,-255.66,20.89,11.52,-0.41035600783281434,1
575,3907,20120818,20120820,125,5,291,Medium,Regular Air,34,729.83,0.07,-135.1,22.38,15.1,-0.18511160133181698,2
576,3907,20120818,20120819,125,5,890,Medium,Express Air,36,1083.19,0.03,214.61,29.99,5.5,0.1981277522872257,1
613,4195,20100528,20100530,737,5,676,Not Specified,Regular Air,30,255.74,0.07,37.09,8.5,1.99,0.14503010870415267,2
631,4391,20120217,20120219,637,5,150,High,Regular Air,20,2592.432,0.06,428.47,155.99,3.9,0.1652772377443266,2
633,4422,20110521,20110521,445,5,217,Medium,Regular Air,12,313.43,0.02,104.03,25.38,8.99,0.3319082410745621,0
634,4422,20110521,20110521,445,5,312,Medium,Regular Air,17,390.11,0.02,-19.92,21.38,8.99,-0.05106252082745893,0
679,4741,20120706,20120707,104,5,514,Not Specified,Regular Air,40,342.97,0.09,-131.63,8.75,8.54,-0.38379450097676177,1
693,4835,20091024,20091024,637,5,974,Critical,Regular Air,3,9.4,0.04,-7.6,2.52,1.92,-0.8085106382978723,0
711,5028,20120416,20120418,737,5,803,High,Regular Air,10,79.68,0.06,18.24,7.7,3.68,0.22891566265060237,2
717,5095,20120421,20120422,738,5,626,High,Regular Air,7,786.675,0.01,-315.03,125.99,8.8,-0.4004576222709505,1
736,5317,20090908,20090915,125,5,283,Low,Express Air,38,212.57,0.09,9.49,5.34,2.99,0.04464411723197065,7
737,5317,20090908,20090915,125,5,86,Low,Delivery Truck,10,1469.48,0.07,-263.65,140.98,53.48,-0.1794172088085581,7
738,5317,20090908,20090915,125,5,212,Low,Regular Air,25,4279.24,0.06,890.18,205.99,5.26,0.20802291995774952,7
801,5735,20091210,20091211,532,5,398,Medium,Delivery Truck,10,2665.64,0.1,-107.49,280.98,35.67,-0.04032427484581564,1
810,5856,20091105,20091107,125,5,1254,High,Delivery Truck,42,10307.01,0.0,3025.59,230.98,23.78,0.293546819106608,2
816,5891,20121228,20121230,532,5,498,Medium,Regular Air,2,44.45,0.01,-17.46,20.98,1.49,-0.39280089988751404,2
875,6274,20110714,20110715,637,5,332,Not Specified,Express Air,22,46.36,0.05,-56.73,1.74,4.08,-1.2236842105263157,1
878,6309,20100609,20100610,737,5,185,Medium,Regular Air,10,29.79,0.01,3.76,2.88,0.99,0.12621685129238,1
885,6368,20090222,20090222,104,5,331,Not Specified,Delivery Truck,40,19100.45,0.0,6839.95,442.14,14.7,0.35810412843676453,0
961,6978,20101209,20101210,532,5,483,High,Regular Air,47,371.95,0.07,-87.4,8.12,2.83,-0.23497781959940856,1
1024,7461,20090112,20090114,739,5,1103,Low,Delivery Truck,12,4080.3,0.05,593.79,350.99,39.0,0.14552606425998088,2
1025,7461,20090112,20090116,739,5,427,Low,Regular Air,28,260.79,0.0,111.4,8.74,1.39,0.4271636182368956,4
1026,7461,20090112,20090116,739,5,846,Low,Regular Air,44,90.35,0.02,-16.72,1.98,0.7,-0.18505810736026562,4
1297,9505,20120607,20120609,454,5,659,High,Regular Air,2,316.52,0.03,-542.32,152.48,4.0,-1.7133830405661572,2
1298,9505,20120607,20120610,454,5,280,High,Regular Air,5,155.39,0.1,-127.7,32.98,5.5,-0.8218032048394364,3
1340,9794,20120324,20120325,445,5,1153,Not Specified,Regular Air,25,135.23,0.1,-45.65,5.68,3.6,-0.3375730237373364,1
1400,10148,20090325,20090325,125,5,1083,Low,Delivery Truck,27,14357.85,0.02,3309.55,500.98,41.44,0.2305045671879843,0
1534,11045,20120325,20120326,637,5,72,Medium,Regular Air,35,710.86,0.04,196.22,19.98,5.97,0.27603184874658865,1
1537,11074,20110609,20110611,448,5,1153,High,Regular Air,21,114.53,0.07,-39.23,5.68,3.6,-0.3425303413952676,2
1538,11074,20110609,20110610,448,5,556,High,Regular Air,44,7164.7435,0.07,1609.29,205.99,5.99,0.22461236749089483,1
1732,12449,20100131,20100202,740,5,701,Medium,Regular Air,36,1400.1,0.03,88.68,39.98,4.0,0.063338332976216,2
2051,14661,20100124,20100125,738,5,1123,Not Specified,Regular Air,38,1325.06,0.06,-180.23,35.77,9.02,-0.13601648227250088,1
2143,15303,20100913,20100914,735,5,971,Critical,Regular Air,21,101.13,0.02,-74.41,4.54,5.83,-0.7357856224661327,1
2144,15303,20100913,20100915,735,5,573,Critical,Regular Air,18,526.45,0.02,-108.14,28.48,8.99,-0.20541361952702059,2
2171,15622,20110825,20110826,148,5,885,High,Delivery Truck,34,8581.25,0.0,1464.23,240.98,60.2,0.1706313182811362,1
2172,15622,20110825,20110826,148,5,597,High,Regular Air,21,135.99,0.09,-129.24,6.48,9.68,-0.9503639973527466,1
2189,15778,20100506,20100508,741,5,983,High,Regular Air,9,43.23,0.0,-29.53,3.98,5.26,-0.6830904464492251,2
2239,16164,20120103,20120112,235,5,325,Low,Regular Air,22,3353.54,0.07,1189.96,162.93,19.99,0.3548369782379217,9
2240,16164,20120103,20120110,235,5,842,Low,Regular Air,26,69.38,0.08,-70.73,2.52,4.28,-1.0194580570769676,7
2245,16166,20100131,20100201,740,5,1086,Critical,Regular Air,36,78.51,0.09,-10.06,2.18,1.38,-0.1281365431155267,1
2324,16768,20090725,20090726,736,5,226,High,Regular Air,9,101.47,0.03,-18.64,10.89,4.5,-0.1836996156499458,1
2390,17313,20090507,20090509,445,5,565,High,Express Air,27,130.49,0.07,47.09,4.76,0.88,0.3608705647942371,2
2409,17447,20120518,20120520,734,5,439,Low,Regular Air,42,861.41,0.01,128.0,18.97,9.54,0.14859358493632532,2
2493,18145,20100904,20100905,738,5,364,Medium,Regular Air,21,361.98,0.0,-55.61,15.99,9.4,-0.1536272722249848,1
2509,18215,20100919,20100920,637,5,1255,Medium,Regular Air,29,965.82,0.09,169.15,34.99,5.5,0.17513615373465036,1
2581,18598,20100806,20100809,735,5,637,Critical,Express Air,24,349.65,0.1,28.55,14.48,6.46,0.08165308165308166,3
2582,18598,20100806,20100808,735,5,77,Critical,Regular Air,46,4814.12,0.03,855.14,102.3,21.26,0.17763163361112727,2
2664,19234,20090124,20090124,448,5,793,High,Regular Air,24,359.65,0.01,-11.15,14.42,6.75,-0.031002363408869738,0
2701,19555,20100211,20100215,734,5,962,Low,Regular Air,36,246.24,0.08,-118.9,6.68,7.3,-0.4828622482131254,4
2702,19555,20100211,20100218,734,5,1024,Low,Regular Air,8,78.67,0.0,14.1,9.11,2.15,0.1792296936570484,7
2751,19843,20100729,20100729,637,5,20,Medium,Regular Air,33,4416.651,0.02,1020.41,155.99,8.99,0.231037045942729,0
2862,20646,20110330,20110401,738,5,828,Medium,Regular Air,41,1204.0845,0.04,341.96,35.99,1.1,0.28400000166101297,2
2928,21222,20090203,20090205,734,5,727,Not Specified,Regular Air,36,181.39,0.1,-32.4,5.08,3.63,-0.17862065163459948,2
2929,21222,20090203,20090205,734,5,643,Not Specified,Regular Air,26,846.0815,0.02,-120.93,35.99,5.0,-0.14292949319894124,2
3166,22755,20090330,20090331,735,5,980,Medium,Regular Air,35,187.84,0.0,-95.05,4.91,5.68,-0.5060157580919932,1
3167,22755,20090330,20090401,735,5,283,Medium,Regular Air,45,240.6,0.04,3.45,5.34,2.99,0.014339152119700748,2
3168,22755,20090330,20090401,735,5,160,Medium,Regular Air,5,236.878,0.06,-275.25,55.99,5.0,-1.1619905605417136,2
3222,23136,20090925,20090926,741,5,87,Not Specified,Regular Air,41,9312.52,0.01,3039.37,218.08,18.06,0.32637460107468225,1
3223,23136,20090925,20090926,741,5,279,Not Specified,Regular Air,43,220.47,0.04,-135.16,4.98,4.62,-0.6130539302399419,1
3316,23685,20120629,20120630,448,5,963,Not Specified,Regular Air,46,7928.562,0.08,2229.48,205.99,5.0,0.2811960100709309,1
3319,23745,20121205,20121205,726,5,299,Low,Regular Air,12,715.8,0.06,-279.12,55.5,52.2,-0.3899413243922884,0
3320,23745,20121205,20121209,726,5,1110,Low,Delivery Truck,47,10941.23,0.0,1687.07,227.55,32.48,0.15419381550337577,4
3585,25571,20120818,20120820,148,5,1174,Critical,Regular Air,42,3749.0,0.08,-1032.13,89.83,35.0,-0.27530808215524144,2
3645,26053,20120124,20120124,448,5,41,Low,Express Air,48,878.75,0.07,70.46,18.97,9.03,0.08018207681365576,0
3670,26277,20110627,20110628,737,5,1137,Medium,Regular Air,17,877.81,0.02,-44.4,49.99,19.99,-0.050580421731354165,1
3692,26374,20091105,20091106,737,5,181,Not Specified,Regular Air,5,90.9415,0.05,-109.42,20.99,3.3,-1.2031910623862592,1
3771,26944,20091107,20091110,235,5,640,Critical,Regular Air,6,453.87,0.02,-217.69,73.98,14.52,-0.4796307312666622,3
3791,27013,20090705,20090709,735,5,74,Low,Regular Air,28,2232.15,0.05,-746.44,80.98,35.0,-0.3344040499070403,4
3792,27013,20090705,20090705,735,5,81,Low,Regular Air,26,7007.19,0.05,-274.95,279.48,35.0,-0.039238268121743525,0
3913,27904,20110903,20110904,104,5,403,High,Regular Air,8,460.5895,0.02,-171.2,65.99,8.99,-0.3716975745213471,1
3925,27974,20101007,20101009,532,5,395,High,Express Air,31,813.41,0.09,284.65,28.48,1.99,0.3499465214344549,2
4192,29767,20110205,20110206,235,5,1155,High,Regular Air,48,4153.06,0.06,1499.41,90.24,0.99,0.36103740374567184,1
4196,29826,20090924,20090925,148,5,661,Critical,Regular Air,9,157.63,0.06,-78.13,17.98,4.0,-0.495654380511324,1
4290,30566,20110701,20110703,741,5,390,Low,Regular Air,34,225.45,0.02,-193.39,6.48,9.54,-0.8577955200709692,2
4329,30852,20090514,20090515,736,5,936,Critical,Regular Air,35,2827.1425,0.01,713.88,95.99,4.9,0.25250938005424206,1
4379,31204,20100821,20100826,125,5,551,Low,Regular Air,14,215.52,0.02,75.83,14.34,5.0,0.35184669636228655,5
4380,31204,20100821,20100821,125,5,1129,Low,Regular Air,8,10.46,0.0,-0.89,1.14,0.7,-0.08508604206500955,0
4567,32513,20120202,20120207,736,5,408,Low,Regular Air,23,3982.21,0.03,1413.94,165.98,19.99,0.35506414779732864,5
4568,32513,20120202,20120207,736,5,1206,Low,Regular Air,40,66.55,0.01,-15.13,1.6,1.29,-0.22734785875281746,5
4589,32641,20100321,20100322,735,5,183,High,Regular Air,18,167.53,0.05,-9.57,8.85,5.6,-0.05712409717662508,1
4741,33729,20120919,20120920,740,5,81,Not Specified,Regular Air,26,6995.56,0.07,-286.58,279.48,35.0,-0.04096598413851071,1
4796,34083,20120205,20120205,741,5,160,Not Specified,Express Air,29,1415.148,0.02,-64.94,55.99,5.0,-0.04588919321512662,0
4824,34275,20090701,20090706,739,5,1235,Low,Delivery Truck,3,6041.01,0.04,-4793.0,2036.48,14.7,-0.7934103734309329,5
4854,34532,20121211,20121218,734,5,1061,Low,Express Air,41,1234.36,0.04,-84.77,30.98,19.51,-0.06867526491461162,7
4942,35139,20100118,20100119,738,5,1248,High,Delivery Truck,3,10380.34,0.05,-8389.47,3502.14,8.73,-0.8082076309639182,1
4943,35139,20100118,20100120,738,5,555,High,Regular Air,25,854.9,0.05,76.87,34.58,8.99,0.08991694935080127,2
4944,35139,20100118,20100120,738,5,273,High,Regular Air,32,389.98,0.07,-14.98,12.21,4.81,-0.038412226268013744,2
4952,35239,20111112,20111113,741,5,438,Critical,Regular Air,21,109.29,0.08,-77.08,5.28,6.26,-0.7052795315216396,1
4953,35239,20111112,20111114,741,5,1102,Critical,Regular Air,38,2257.88,0.01,474.98,59.76,9.71,0.2103654755788616,2
5032,35875,20110614,20110614,448,5,341,High,Regular Air,31,348.92,0.06,28.47,10.98,3.37,0.08159463487332339,0
5217,37125,20100114,20100115,430,5,476,High,Regular Air,46,72.18,0.0,11.83,1.48,0.7,0.16389581601551675,1
5222,37158,20120922,20120927,104,5,673,Low,Regular Air,25,172.04,0.05,-85.11,6.48,7.37,-0.4947105324343176,5
5252,37380,20110401,20110402,735,5,1005,Critical,Regular Air,29,737.38,0.08,90.04,26.64,5.3,0.12210800401421248,1
5253,37380,20110401,20110402,735,5,756,Critical,Regular Air,47,507.18,0.0,74.73,9.99,4.78,0.14734413817579559,1
5254,37380,20110401,20110402,735,5,1239,Critical,Regular Air,42,151.19,0.07,27.37,3.55,1.43,0.1810304914346187,1
5264,37445,20120218,20120219,104,5,477,High,Regular Air,37,2180.23,0.05,660.25,60.22,3.5,0.3028350219930925,1
5373,38212,20110404,20110405,235,5,651,Medium,Express Air,24,123.75,0.09,55.42,4.98,0.49,0.44783838383838387,1
5374,38212,20110404,20110406,235,5,798,Medium,Regular Air,46,3533.97,0.07,-1329.81,80.98,35.0,-0.3762935169228941,2
5375,38212,20110404,20110406,235,5,1154,Medium,Regular Air,38,3821.4045,0.0,1256.97,115.99,2.5,0.3289288009159983,2
5378,38240,20091219,20091221,197,5,850,High,Regular Air,42,1651.07,0.09,-100.49,40.98,6.5,-0.060863561205763535,2
5447,38661,20120212,20120213,726,5,227,High,Regular Air,48,326.1,0.04,-118.74,6.48,6.6,-0.36412143514259426,1
5448,38661,20120212,20120215,726,5,313,High,Regular Air,6,170.374,0.09,-67.13,35.99,0.99,-0.39401551879981683,3
5516,39110,20100205,20100205,235,5,105,Medium,Regular Air,14,2595.07,0.1,1217.19,194.3,11.54,0.4690393708069532,0
5537,39235,20100714,20100716,738,5,117,Medium,Regular Air,34,801.98,0.0,-99.95,21.66,13.99,-0.12462904311828225,2
5548,39270,20110206,20110206,739,5,622,High,Regular Air,11,65.78,0.07,-17.42,5.81,3.37,-0.2648221343873518,0
5582,39586,20110519,20110521,738,5,489,Not Specified,Regular Air,1,10.48,0.04,-5.44,3.52,6.83,-0.5190839694656488,2
5620,39812,20090620,20090622,739,5,401,Not Specified,Regular Air,40,323.63,0.05,-205.49,8.04,8.94,-0.6349534962766122,2
5731,40673,20120217,20120222,532,5,326,Low,Regular Air,14,157.49,0.02,62.54,10.94,1.39,0.3971045780684488,5
5837,41413,20111116,20111123,737,5,776,Low,Regular Air,17,10134.55,0.08,-597.21,599.99,24.49,-0.05892812211691689,7
5838,41413,20111116,20111118,737,5,195,Low,Regular Air,46,1765.64,0.08,108.65,40.97,14.45,0.061535760404159395,2
5839,41413,20111116,20111120,737,5,1067,Low,Regular Air,23,156.5,0.01,-49.6,6.48,6.0,-0.3169329073482428,4
5895,41824,20100704,20100705,737,5,695,Not Specified,Regular Air,8,157.51,0.01,46.48,18.94,1.49,0.295092375087296,1
5896,41824,20100704,20100706,737,5,1169,Not Specified,Regular Air,33,97.78,0.09,-31.22,2.98,2.03,-0.31928819799550007,2
6015,42628,20110505,20110507,197,5,196,Not Specified,Delivery Truck,4,1199.336,0.01,224.8,349.45,60.0,0.1874370485001701,2
6030,42722,20121007,20121008,735,5,606,Not Specified,Regular Air,23,1152.16,0.0,286.98,48.92,4.5,0.24907998889043187,1
6031,42722,20121007,20121009,735,5,386,Not Specified,Regular Air,2,19.9,0.07,15.97,7.38,5.21,0.8025125628140705,2
6035,42753,20120118,20120120,740,5,1256,Medium,Regular Air,45,4072.8175,0.1,897.36,115.99,3.0,0.22032904739777806,2
6073,43013,20110422,20110427,738,5,140,Low,Regular Air,43,1438.33,0.08,163.38,34.76,8.22,0.11359006625739573,5
6238,44198,20110104,20110104,739,5,181,Critical,Express Air,35,625.9485,0.04,-87.02,20.99,3.3,-0.1390210216974719,0
6281,44451,20110911,20110915,235,5,1134,Low,Regular Air,4,12.49,0.08,-13.5,1.98,4.77,-1.0808646917534026,4
6296,44576,20091225,20091226,739,5,306,Not Specified,Regular Air,30,1653.607,0.02,294.97,65.99,5.31,0.17837974802961043,1
6327,44834,20090420,20090420,740,5,94,Medium,Express Air,13,248.76,0.1,35.09,19.98,5.77,0.14105965589323044,0
6328,44834,20090420,20090421,740,5,384,Medium,Delivery Truck,43,10984.05,0.06,785.63,259.71,66.67,0.07152461978960402,1
6473,46053,20120913,20120914,197,5,576,High,Regular Air,31,2447.1075,0.0,856.96,85.99,0.99,0.3501930340207776,1
6654,47329,20100210,20100215,739,5,769,Low,Express Air,2,26.64,0.09,-13.88,11.55,2.36,-0.521021021021021,5
6655,47329,20100210,20100219,739,5,751,Low,Regular Air,16,88.19,0.03,-25.97,4.98,4.72,-0.2944778319537362,9
6666,47461,20100425,20100426,125,5,973,High,Regular Air,39,318.28,0.08,114.95,8.17,1.69,0.36115998491893936,1
6667,47461,20100425,20100426,125,5,3,High,Express Air,34,289.53,0.08,46.97,8.69,2.99,0.1622284391945567,1
6668,47461,20100425,20100427,125,5,175,High,Regular Air,45,322.8,0.06,53.15,7.08,2.35,0.1646530359355638,2
6682,47525,20110303,20110304,740,5,404,Medium,Regular Air,40,649.46,0.01,189.04,15.98,4.0,0.2910725833769593,1
6854,48803,20121109,20121110,125,5,804,Critical,Regular Air,19,200.41,0.05,-23.65,10.23,4.68,-0.11800808342897061,1
6878,49027,20110411,20110412,735,5,594,High,Regular Air,41,708.83,0.08,35.08,17.67,8.99,0.04949000465555915,1
7124,50822,20120207,20120208,734,5,68,Medium,Regular Air,6,1635.29,0.1,7.92,276.2,24.49,0.004843177662677568,1
7125,50822,20120207,20120208,734,5,483,Medium,Express Air,37,316.35,0.01,-52.18,8.12,2.83,-0.16494389125968073,1
7251,51714,20090905,20090906,738,5,688,Not Specified,Regular Air,33,194.09,0.03,-63.35,5.78,5.37,-0.3263949714050183,1
7264,51815,20090526,20090602,740,5,1040,Low,Regular Air,37,227.5,0.01,-256.52,5.94,9.92,-1.1275604395604395,7
7265,51815,20090526,20090526,740,5,520,Low,Regular Air,21,2292.1015,0.02,398.36,125.99,3.0,0.17379684102122003,0
7275,51906,20110901,20110902,532,5,919,High,Regular Air,24,206.34,0.04,-38.23,8.46,3.62,-0.1852767277309295,1
7309,52128,20101122,20101123,430,5,1240,Not Specified,Regular Air,11,13.52,0.03,-27.66,0.99,2.96,-2.0458579881656807,1
7392,52675,20111010,20111012,125,5,568,Medium,Regular Air,4,20.25,0.1,-22.13,4.77,2.39,-1.0928395061728395,2
7393,52675,20111010,20111012,125,5,129,Medium,Regular Air,22,52.62,0.01,-4.64,2.21,1.12,-0.08817939946788293,2
7455,53189,20110823,20110823,726,5,772,Critical,Express Air,29,214.19,0.0,-40.56,6.48,5.94,-0.189364582847005,0
7590,54307,20120108,20120109,738,5,980,High,Regular Air,41,198.29,0.08,-134.41,4.91,5.68,-0.6778455797064905,1
7661,54917,20100409,20100410,740,5,111,High,Regular Air,12,6034.68,0.06,-517.08,499.99,24.49,-0.085684742190141,1
7965,56930,20120817,20120824,235,5,22,Low,Regular Air,47,228.31,0.03,8.89,4.71,0.7,0.03893828566422846,7
8060,57511,20091006,20091007,726,5,349,Critical,Regular Air,32,98.46,0.01,41.54,2.89,0.5,0.4218972171440179,1
8061,57511,20091006,20091008,726,5,160,Critical,Regular Air,11,569.636,0.0,-173.25,55.99,5.0,-0.3041415921746519,2
8106,57857,20100501,20100501,740,5,707,High,Regular Air,18,314.96,0.1,153.48,18.65,3.77,0.4872999745999492,0
8107,57861,20121025,20121027,740,5,612,Medium,Regular Air,40,120.15,0.0,11.32,2.88,1.49,0.09421556387848523,2
8145,58247,20110923,20110923,125,5,561,Not Specified,Regular Air,8,1058.82,0.02,211.73,131.12,0.99,0.1999678887818515,0
8146,58247,20110923,20110925,125,5,60,Not Specified,Regular Air,14,92.07,0.09,-64.5,6.48,7.86,-0.700553926360378,2
8178,58470,20110608,20110609,741,5,1228,High,Regular Air,24,1811.55,0.09,512.69,81.32,0.99,0.28301178548756595,1
8179,58470,20110608,20110608,741,5,884,High,Regular Air,13,49.08,0.06,-0.31,3.71,1.93,-0.006316218418907906,0
8180,58470,20110608,20110609,741,5,772,High,Regular Air,36,236.19,0.06,-76.92,6.48,5.94,-0.32567001143147467,1
8181,58470,20110608,20110610,741,5,41,High,Regular Air,45,854.14,0.01,94.0,18.97,9.03,0.11005221626431265,2
8182,58470,20110608,20110609,741,5,1190,High,Regular Air,5,159.5,0.09,-57.98,31.98,6.72,-0.36351097178683384,1
8219,58759,20090121,20090128,736,5,548,Low,Regular Air,4,33.44,0.1,-6.88,8.01,2.87,-0.2057416267942584,7
8365,59780,20100220,20100220,532,5,831,Critical,Delivery Truck,21,6776.92,0.0,1395.02,306.14,26.53,0.20584867461914852,0
62,358,20100919,20100921,705,13,134,High,Delivery Truck,33,1640.9,0.02,-1348.06,48.58,54.11,-0.8215369614236089,2
63,358,20100919,20100919,705,13,65,High,Regular Air,33,1235.87,0.07,269.27,39.48,1.99,0.2178789031208784,0
255,1767,20110313,20110315,742,13,22,High,Regular Air,10,46.34,0.05,-7.76,4.71,0.7,-0.16745791972378074,2
271,1863,20100922,20100923,743,13,35,Not Specified,Delivery Truck,26,2415.38,0.08,-1131.6,95.95,74.35,-0.46849771050517924,1
437,2915,20090330,20090403,744,13,582,Low,Regular Air,41,231.26,0.07,32.83,5.98,0.96,0.14196142869497536,4
438,2915,20090330,20090404,744,13,701,Low,Regular Air,23,987.17,0.01,51.59,39.98,4.0,0.0522605022437878,5
449,3046,20111129,20111201,743,13,461,High,Regular Air,24,10094.43,0.03,4451.01,420.98,19.99,0.4409372297395693,2
628,4389,20090504,20090506,720,13,976,Medium,Regular Air,35,179.45,0.07,-116.35,5.34,5.63,-0.6483700195040402,2
629,4389,20090504,20090505,720,13,580,Medium,Delivery Truck,49,7987.43,0.03,1304.9,160.98,30.0,0.16336919384583026,1
630,4389,20090504,20090504,720,13,1032,Medium,Express Air,42,2455.276,0.04,693.06,65.99,5.63,0.28227376474172355,0
862,6180,20110411,20110413,631,13,440,Medium,Regular Air,44,2443.342,0.01,590.32,65.99,3.99,0.24160350863694072,2
975,7078,20100411,20100413,705,13,876,High,Regular Air,9,112.12,0.01,-8.45,11.33,6.12,-0.07536567962896895,2
976,7078,20100411,20100412,705,13,286,High,Express Air,11,49.58,0.1,-47.02,3.36,6.27,-0.9483662767244858,1
977,7078,20100411,20100413,705,13,302,High,Delivery Truck,16,1939.65,0.05,-885.73,122.99,70.2,-0.4566442399401954,2
978,7078,20100411,20100412,705,13,215,High,Express Air,29,465.52,0.02,65.35,14.98,8.99,0.14038064959615054,1
1045,7654,20100210,20100212,745,13,917,High,Regular Air,3,19.47,0.06,-14.29,4.13,6.89,-0.733949666153056,2
1050,7746,20101205,20101207,746,13,471,Medium,Regular Air,1,28.96,0.06,-27.07,19.98,8.68,-0.9347375690607734,2
1149,8387,20100320,20100321,747,13,920,Not Specified,Regular Air,35,1133.96,0.02,185.09,31.74,12.62,0.16322445236163532,1
1195,8768,20110818,20110819,745,13,306,High,Regular Air,44,2422.4405,0.03,568.18,65.99,5.31,0.23454858849990326,1
1296,9504,20121125,20121127,743,13,625,Medium,Regular Air,17,1954.796,0.05,98.35,140.99,4.2,0.05031215533487893,2
1431,10341,20121221,20121222,743,13,128,High,Delivery Truck,17,2312.96,0.09,43.03,145.45,17.85,0.01860386690647482,1
1522,10982,20121210,20121211,631,13,695,Not Specified,Regular Air,29,538.27,0.02,225.2,18.94,1.49,0.41837739424452414,1
1523,10982,20121210,20121212,631,13,681,Not Specified,Regular Air,30,3665.41,0.05,1236.36,122.99,19.99,0.33730469442709,2
1524,10982,20121210,20121212,631,13,1129,Not Specified,Express Air,14,20.95,0.0,2.81,1.14,0.7,0.13412887828162293,2
1531,11014,20100907,20100908,720,13,182,High,Regular Air,39,286.81,0.07,110.05,7.64,1.39,0.38370349708866497,1
1987,14176,20090312,20090319,745,13,702,Low,Regular Air,39,1233.4775,0.01,453.8,35.99,5.99,0.3679029410751311,7
2031,14497,20120520,20120523,743,13,586,Medium,Regular Air,34,214.03,0.02,-138.92,5.78,7.96,-0.6490678876792972,3
2106,15074,20091128,20091129,744,13,121,Not Specified,Regular Air,27,941.4,0.05,369.48,35.44,5.09,0.39247928616953476,1
2112,15104,20120329,20120401,745,13,745,Medium,Regular Air,23,109.43,0.09,21.77,4.82,1.49,0.1989399616193,3
2339,16834,20101023,20101030,598,13,136,Low,Regular Air,23,158.78,0.07,33.26,7.04,2.17,0.20947222572112356,7
2407,17445,20110821,20110824,745,13,1090,Not Specified,Regular Air,33,249.48,0.1,-73.83,8.32,2.38,-0.29593554593554594,3
2574,18593,20110922,20110923,747,13,1130,High,Regular Air,23,6572.04,0.06,1579.34,300.97,7.18,0.2403119883628219,1
2575,18593,20110922,20110924,747,13,818,High,Delivery Truck,19,1051.992,0.09,-1280.6,70.89,89.3,-1.2173096373356451,2
2722,19652,20120602,20120603,747,13,668,Critical,Delivery Truck,28,2711.14,0.01,-307.86,89.99,42.0,-0.11355370803425867,1
2723,19652,20120602,20120604,747,13,930,Critical,Regular Air,34,1829.8715,0.05,367.46,65.99,3.99,0.20081191493501047,2
2879,20743,20111215,20111216,746,13,1115,High,Express Air,39,231.21,0.0,-179.96,5.28,8.16,-0.7783400371956231,1
3047,21862,20100912,20100912,746,13,509,Not Specified,Express Air,1,28.75,0.09,-14.35,14.27,7.27,-0.49913043478260866,0
3048,21862,20100912,20100914,746,13,1135,Not Specified,Regular Air,4,19014.24,0.06,-10263.66,6783.02,24.49,-0.5397880746219674,2
3049,21862,20100912,20100913,746,13,1233,Not Specified,Regular Air,46,385.05,0.0,56.75,8.14,3.12,0.14738345669393585,1
3169,22787,20110405,20110405,705,13,231,Medium,Express Air,35,46.44,0.06,-16.3,1.26,0.7,-0.3509905254091301,0
3229,23170,20090521,20090523,744,13,87,Not Specified,Express Air,20,4252.89,0.06,969.42,218.08,18.06,0.2279438217306349,2
3256,23328,20100915,20100916,745,13,128,High,Delivery Truck,39,5740.32,0.03,1285.74,145.45,17.85,0.2239840287649469,1
3403,24260,20101003,20101004,742,13,166,Not Specified,Express Air,48,548.3,0.09,-47.92,11.97,4.98,-0.08739741017691047,1
3404,24261,20120917,20120919,743,13,965,Critical,Regular Air,28,946.27,0.06,66.38,33.29,8.74,0.07014911177570883,2
3646,26054,20100212,20100214,745,13,734,Critical,Regular Air,47,396.78,0.09,-321.21,8.37,10.16,-0.8095418115832451,2
3887,27750,20121019,20121023,141,13,127,Low,Delivery Truck,12,769.17,0.0,-212.01,58.14,36.61,-0.2756347751472366,4
3888,27750,20121019,20121019,141,13,27,Low,Delivery Truck,18,7370.84,0.09,999.87,449.99,49.0,0.1356521102072491,0
3908,27872,20111013,20111015,748,13,509,Not Specified,Regular Air,25,388.71,0.01,36.43,14.27,7.27,0.09372025417406293,2
4368,31109,20111028,20111101,743,13,920,Low,Regular Air,49,1515.0,0.08,219.04,31.74,12.62,0.1445808580858086,4
4521,32165,20121014,20121016,141,13,640,Not Specified,Regular Air,47,3413.69,0.06,175.24,73.98,14.52,0.051334479697922195,2
4522,32165,20121014,20121015,141,13,56,Not Specified,Regular Air,38,2939.6825,0.02,192.06,85.99,0.99,0.0653335861951078,1
4544,32325,20121101,20121102,270,13,619,Critical,Regular Air,45,1103.73,0.0,189.28,22.98,7.58,0.171491216148877,1
4627,32931,20100215,20100222,748,13,1020,Low,Regular Air,31,86.1,0.06,32.7,2.88,0.5,0.37979094076655057,7
4628,32931,20100215,20100220,748,13,587,Low,Regular Air,25,298.11,0.08,-60.79,12.44,6.27,-0.20391801683942168,5
4660,33189,20091120,20091127,746,13,593,Low,Regular Air,3,87.21,0.02,-96.54,27.48,4.0,-1.106983144134847,7
4661,33189,20091120,20091124,746,13,456,Low,Regular Air,5,50.19,0.08,0.15,10.06,2.06,0.002988643156007173,4
4699,33479,20120918,20120920,572,13,319,Critical,Regular Air,50,762.2,0.07,16.57,15.01,8.4,0.02173970086591446,2
4700,33479,20120918,20120920,572,13,1203,Critical,Regular Air,27,235.45,0.06,-8.82,8.56,5.16,-0.037460182629008285,2
4827,34311,20090905,20090906,55,13,429,High,Regular Air,39,132.79,0.05,-100.24,3.28,3.97,-0.7548761201897733,1
4828,34311,20090905,20090907,55,13,959,High,Regular Air,32,232.85,0.03,-262.62,6.98,9.69,-1.1278505475628087,2
4937,35111,20100605,20100607,743,13,202,Critical,Regular Air,39,893.29,0.08,256.16,23.99,6.71,0.28676017866538306,2
4947,35173,20120313,20120315,55,13,885,Not Specified,Delivery Truck,29,6483.26,0.09,341.98,240.98,60.2,0.052748154477839856,2
4948,35173,20120313,20120315,55,13,163,Not Specified,Regular Air,13,1446.207,0.02,29.56,125.99,8.08,0.020439674265163976,2
5169,36773,20100923,20100925,141,13,739,Not Specified,Regular Air,24,2048.78,0.05,994.68,83.98,5.01,0.48549868702349686,2
5205,36997,20101205,20101206,744,13,282,Not Specified,Regular Air,39,104.33,0.0,39.91,2.61,0.5,0.382536183264641,1
5295,37700,20091208,20091211,748,13,681,Critical,Express Air,27,3390.51,0.05,1169.71,122.99,19.99,0.3449952956929783,3
5421,38529,20090202,20090202,270,13,1129,Low,Regular Air,38,44.85,0.02,-0.49,1.14,0.7,-0.01092530657748049,0
5682,40162,20100124,20100126,572,13,883,Critical,Regular Air,28,1581.23,0.03,760.79,55.98,5.15,0.4811381013514795,2
5727,40612,20110228,20110301,748,13,129,High,Regular Air,9,19.2,0.1,-6.84,2.21,1.12,-0.35625,1
5918,41987,20111021,20111022,748,13,1104,Not Specified,Delivery Truck,25,6481.048,0.05,1760.11,320.64,29.2,0.27157799170751395,1
5932,42083,20111211,20111213,598,13,199,Critical,Regular Air,38,5526.16,0.03,1263.98,140.81,24.49,0.2287266383890441,2
5933,42083,20111211,20111213,598,13,731,Critical,Regular Air,36,236.89,0.04,-86.3,6.48,6.22,-0.3643041073916164,2
5934,42083,20111211,20111211,598,13,583,Critical,Regular Air,33,68.42,0.05,-57.97,2.08,2.56,-0.8472668810289389,0
5941,42151,20101215,20101218,744,13,150,High,Regular Air,35,4408.6695,0.05,1140.67,155.99,3.9,0.2587333888376074,3
6021,42658,20100615,20100615,631,13,14,Medium,Regular Air,29,146.68,0.08,-8.33,5.28,2.99,-0.056790291791655303,0
6200,43911,20090114,20090114,747,13,221,Medium,Regular Air,29,577.89,0.06,-53.89,19.99,11.17,-0.09325304123622143,0
6201,43911,20090114,20090115,747,13,908,Medium,Delivery Truck,36,9920.85,0.0,2685.19,264.98,17.86,0.2706612840633615,1
6202,43911,20090114,20090116,747,13,82,Medium,Delivery Truck,23,7484.31,0.06,1278.45,320.98,58.95,0.17081734989598238,2
6215,44005,20100903,20100904,748,13,219,Medium,Regular Air,7,733.36,0.02,-270.48,99.99,19.99,-0.36882295189265846,1
6285,44486,20120709,20120712,360,13,572,Critical,Regular Air,36,198.1,0.09,-66.93,5.78,4.96,-0.3378596668349319,3
6378,45284,20120107,20120108,746,13,372,High,Regular Air,7,91.43,0.0,-42.98,11.66,8.99,-0.47008640489992337,1
6424,45668,20101212,20101213,748,13,839,Not Specified,Delivery Truck,8,704.77,0.01,-298.9,81.94,55.81,-0.4241099933311577,1
6465,46023,20120324,20120325,745,13,117,Not Specified,Regular Air,50,1101.76,0.07,-204.22,21.66,13.99,-0.1853579726982283,1
6544,46533,20091007,20091008,141,13,299,High,Regular Air,3,215.24,0.04,49.76,55.5,52.2,0.23118379483367402,1
6545,46533,20091007,20091009,141,13,440,High,Express Air,12,654.874,0.1,-82.06,65.99,3.99,-0.12530654751906473,2
6784,48321,20100729,20100730,744,13,902,High,Regular Air,31,5875.66,0.02,1856.12,178.47,19.99,0.31589983082751555,1
6837,48673,20120426,20120427,572,13,581,Not Specified,Regular Air,36,570.14,0.03,-90.72,15.31,8.78,-0.15911881292314167,1
6843,48742,20120417,20120419,746,13,695,Not Specified,Regular Air,42,825.63,0.03,379.74,18.94,1.49,0.45993968242433053,2
6876,48998,20090216,20090218,749,13,189,Low,Regular Air,15,180.39,0.04,-8.11,11.58,6.97,-0.044958146238705025,2
7038,50246,20100818,20100819,270,13,673,Medium,Express Air,14,102.04,0.05,-47.67,6.48,7.37,-0.46716973735789885,1
7172,51200,20111118,20111121,360,13,742,Medium,Regular Air,29,1617.88,0.0,271.9,53.98,5.5,0.16805943580488045,3
7189,51271,20101025,20101027,744,13,229,High,Delivery Truck,31,3969.43,0.1,-796.51,140.98,36.09,-0.20066105209060245,2
7190,51271,20101025,20101027,744,13,963,High,Regular Air,16,2882.707,0.02,303.23,205.99,5.0,0.1051893237849008,2
7191,51297,20121111,20121120,360,13,3,Low,Express Air,41,356.28,0.07,65.76,8.69,2.99,0.18457393061636918,9
7266,51842,20111128,20111203,747,13,84,Low,Regular Air,1,54.22,0.02,-19.09,48.91,5.81,-0.35208410180745114,5
7267,51842,20111128,20111202,747,13,925,Low,Regular Air,4,431.11,0.07,-244.33,101.41,35.0,-0.5667463060471806,4
7282,51968,20090905,20090906,749,13,576,Medium,Regular Air,43,3231.564,0.03,1166.09,85.99,0.99,0.36084385146015985,1
7374,52578,20110307,20110309,627,13,905,Critical,Delivery Truck,38,6230.68,0.09,835.46,217.85,29.1,0.13408809311343226,2
7375,52578,20110307,20110310,627,13,724,Critical,Regular Air,8,1391.816,0.05,-344.82,209.37,69.0,-0.24774826557533466,3
7439,53027,20101026,20101026,749,13,635,Low,Regular Air,38,1323.31,0.05,146.64,35.89,14.72,0.11081303700569027,0
7580,54214,20120102,20120105,745,13,473,Medium,Express Air,38,7325.63,0.04,1899.23,199.99,24.49,0.2592582480960682,3
7594,54342,20090608,20090608,627,13,824,Low,Express Air,35,3439.39,0.05,1057.62,100.97,7.18,0.3075022024254301,0
7595,54342,20090608,20090608,627,13,486,Low,Regular Air,2,10.48,0.02,-5.65,4.84,0.71,-0.5391221374045801,0
7635,54656,20121119,20121121,747,13,971,High,Express Air,22,109.52,0.09,-73.35,4.54,5.83,-0.6697406866325785,2
7664,54949,20090810,20090815,748,13,184,Low,Regular Air,32,210.94,0.08,-94.59,6.48,6.81,-0.4484213520432351,5
7665,54949,20090810,20090817,748,13,112,Low,Delivery Truck,7,192.02,0.09,-293.74,20.98,53.03,-1.529736485782731,7
7802,55813,20120728,20120728,270,13,563,Low,Regular Air,39,2650.77,0.08,-824.43,70.71,37.58,-0.31101528989689786,0
7910,56577,20111102,20111104,553,13,127,Critical,Delivery Truck,19,1134.2,0.08,-351.51,58.14,36.61,-0.3099188855581026,2
7954,56834,20110501,20110503,270,13,792,High,Delivery Truck,22,1900.47,0.0,202.73,80.97,30.06,0.10667361231695317,2
7955,56834,20110501,20110502,270,13,73,High,Regular Air,33,205.52,0.09,-118.55,6.48,7.03,-0.5768295056442195,1
8031,57380,20111020,20111024,627,13,763,Low,Delivery Truck,3,545.88,0.05,-95.04,212.6,52.2,-0.17410419872499452,4
8213,58722,20121011,20121013,360,13,668,Critical,Delivery Truck,45,4042.96,0.05,-699.72,89.99,42.0,-0.17307121514929655,2
8249,58981,20110131,20110202,747,13,234,High,Regular Air,28,1262.75,0.07,422.23,46.89,5.1,0.33437339140764205,2
8356,59686,20110308,20110313,748,13,770,Low,Regular Air,41,243.37,0.01,-106.42,5.8,5.59,-0.437276574762707,5
939,6791,20110201,20110203,487,13,913,Medium,Express Air,14,730.33,0.1,110.77,51.98,10.17,0.15167116235126585,2
1359,9895,20100420,20100424,219,13,339,Low,Regular Air,9,54.79,0.05,-6.82,5.85,2.27,-0.1244752692097098,4
1640,11846,20100420,20100424,750,13,659,Low,Regular Air,49,7319.85,0.03,611.43,152.48,4.0,0.08353040021311911,4
1641,11846,20100420,20100427,750,13,1055,Low,Express Air,28,707.44,0.01,-50.27,24.98,8.79,-0.0710590297410381,7
1733,12450,20090312,20090314,487,13,640,Not Specified,Regular Air,15,1146.41,0.0,-88.61,73.98,14.52,-0.07729346394396419,2
2290,16518,20120929,20120930,750,13,83,Critical,Regular Air,4,80.29,0.03,-6.57,18.97,5.21,-0.08182837215095279,1
2291,16518,20120929,20121002,750,13,576,Critical,Regular Air,36,2628.9225,0.03,832.19,85.99,0.99,0.31655174315712997,3
2459,17860,20110406,20110408,219,13,1009,Critical,Express Air,16,139.0,0.05,-96.33,7.77,9.23,-0.693021582733813,2
2465,17952,20101011,20101012,750,13,793,Medium,Regular Air,28,430.13,0.02,2.33,14.42,6.75,0.005416966963476159,1
2578,18596,20121002,20121004,219,13,503,Low,Delivery Truck,42,4917.69,0.02,126.31,110.98,30.0,0.025684823565535853,2
2579,18596,20121002,20121004,219,13,397,Low,Regular Air,32,416.8,0.01,223.38,12.53,0.5,0.535940499040307,2
2957,21410,20120501,20120503,487,13,1225,Critical,Express Air,16,2101.59,0.01,554.91,123.38,24.49,0.2640429389176766,2
3148,22563,20120520,20120523,751,13,803,Critical,Regular Air,32,251.51,0.06,-9.78,7.7,3.68,-0.03888513379189694,3
3553,25318,20111119,20111121,750,13,75,Critical,Regular Air,1,3.2,0.09,-3.16,1.88,1.49,-0.9875,2
3732,26688,20100818,20100820,751,13,1168,Medium,Regular Air,21,424.13,0.06,57.17,20.27,3.99,0.13479357744087897,2
3733,26688,20100818,20100819,751,13,800,Medium,Regular Air,7,69.4,0.09,12.02,9.93,1.09,0.17319884726224782,1
3762,26881,20090801,20090805,750,13,654,Low,Delivery Truck,26,10692.97,0.05,-410.39,424.21,110.2,-0.038379421245921384,4
3763,26887,20110515,20110516,219,13,667,Critical,Express Air,38,1637.78,0.08,461.65,42.98,4.62,0.28187546556924614,1
3764,26887,20110515,20110515,219,13,401,Critical,Express Air,23,193.84,0.07,-117.1,8.04,8.94,-0.60410647957078,0
4184,29761,20120703,20120704,750,13,542,Medium,Regular Air,48,1463.105,0.06,446.99,35.99,1.25,0.3055078070268368,1
4185,29761,20120703,20120706,750,13,70,Medium,Regular Air,42,1085.4,0.02,262.32,25.98,5.37,0.24168048645660584,3
4186,29761,20120703,20120705,750,13,864,Medium,Regular Air,19,123.67,0.03,-34.17,6.24,5.22,-0.27629983019325627,2
4462,31810,20090521,20090521,752,13,994,Critical,Regular Air,46,355.55,0.03,-166.74,7.28,7.98,-0.46896357755589935,0
5131,36548,20101030,20101101,467,13,1078,Low,Regular Air,8,44.99,0.06,-40.43,4.98,7.54,-0.8986441431429206,2
5581,39585,20111229,20111230,467,13,727,Not Specified,Regular Air,32,166.17,0.01,-22.74,5.08,3.63,-0.13684780646326053,1
5890,41793,20090515,20090516,219,13,502,High,Regular Air,48,1286.87,0.05,384.38,26.48,6.93,0.2986937297473716,1
6062,42949,20090521,20090522,219,13,1257,Not Specified,Regular Air,40,202.11,0.08,-17.49,5.0,3.39,-0.08653703428825886,1
6063,42949,20090521,20090523,219,13,1220,Not Specified,Regular Air,49,630.99,0.07,-114.64,12.99,9.44,-0.18168275250003962,2
6075,43044,20091017,20091019,751,13,683,Medium,Regular Air,23,103.5,0.06,-73.07,4.24,5.41,-0.7059903381642512,2
6076,43044,20091017,20091019,751,13,1135,Medium,Regular Air,3,19707.2,0.04,-12558.0,6783.02,24.49,-0.6372290330437607,2
6466,46048,20121211,20121213,751,13,235,Medium,Express Air,10,135.77,0.05,0.53,12.98,3.14,0.0039036606024895042,2
6467,46048,20121211,20121213,751,13,28,Medium,Regular Air,35,447.25,0.08,-15.92,13.48,4.51,-0.035595304639463386,2
6788,48354,20110420,20110421,752,13,381,Medium,Express Air,25,1387.29,0.03,405.64,55.48,14.3,0.29239740789596985,1
6793,48416,20090706,20090708,750,13,729,Not Specified,Regular Air,23,167.66,0.01,-15.48,6.68,4.91,-0.09232971489920076,2
6968,49798,20121208,20121209,752,13,544,Critical,Delivery Truck,5,1424.95,0.09,-517.83,280.98,57.0,-0.36340222463946104,1
6969,49798,20121208,20121208,752,13,341,Critical,Regular Air,29,321.5,0.03,20.31,10.98,3.37,0.06317262830482115,0
7073,50470,20100823,20100828,750,13,416,Low,Regular Air,38,827.83,0.09,-57.73,22.99,8.99,-0.06973654011089232,5
7418,52900,20110520,20110522,440,13,584,High,Regular Air,16,101.14,0.0,-32.62,5.98,5.46,-0.3225232351196361,2
8070,57572,20110712,20110714,440,13,279,Medium,Regular Air,30,139.08,0.1,-120.04,4.98,4.62,-0.8631003738855335,2
8071,57572,20110712,20110713,440,13,249,Medium,Regular Air,9,75.28,0.0,-17.22,7.64,5.83,-0.22874601487778956,1
8097,57766,20100430,20100503,192,13,113,High,Regular Air,17,517.98,0.05,-85.32,30.53,19.99,-0.16471678443183133,3
8189,58566,20110823,20110824,192,13,1064,Not Specified,Regular Air,45,4680.89,0.07,693.01,105.29,10.12,0.14805090484929148,1
8190,58566,20110823,20110825,192,13,670,Not Specified,Express Air,42,2414.9945,0.01,624.71,65.99,4.99,0.25867967815247617,2
8204,58658,20120611,20120612,192,13,934,Medium,Delivery Truck,7,883.23,0.09,-404.36,120.98,58.64,-0.45781959399024036,1
8205,58658,20120611,20120612,192,13,155,Medium,Regular Air,41,917.25,0.01,-103.75,20.97,6.5,-0.11310983919324066,1
8206,58658,20120611,20120613,192,13,164,Medium,Regular Air,46,760.801,0.1,348.59,20.99,0.99,0.4581881464403963,2
8271,59139,20110129,20110130,440,13,1023,Critical,Regular Air,12,849.51,0.05,163.1,70.97,3.5,0.19199303127685372,1
8272,59139,20110129,20110130,440,13,283,Critical,Regular Air,38,189.49,0.09,-13.71,5.34,2.99,-0.07235210301335163,1
8391,59942,20090208,20090210,467,13,290,Medium,Regular Air,47,714.46,0.07,-268.65,15.98,8.99,-0.37601825154662255,2
747,5350,20101009,20101011,648,13,876,Low,Regular Air,39,434.73,0.03,-12.2,11.33,6.12,-0.028063395670876172,2
943,6850,20100211,20100211,149,13,320,High,Regular Air,8,81.56,0.08,-7.23,10.01,1.99,-0.08864639529180972,0
944,6850,20100211,20100212,149,13,913,High,Regular Air,41,2088.5,0.08,675.07,51.98,10.17,0.3232319846779986,1
945,6850,20100211,20100213,149,13,391,High,Regular Air,34,2126.72,0.05,150.04,64.98,6.88,0.07054995486006621,2
946,6850,20100211,20100212,149,13,1095,High,Delivery Truck,26,3753.72,0.05,-556.25,138.75,52.42,-0.14818633249150176,1
1028,7488,20120503,20120504,149,13,26,Critical,Regular Air,9,26.09,0.08,-1.76,2.84,0.93,-0.06745879647374473,1
1033,7552,20120910,20120912,149,13,1162,Critical,Regular Air,47,1406.49,0.02,332.52,28.15,6.17,0.23641831794040483,2
1034,7552,20120910,20120912,149,13,235,Critical,Regular Air,49,587.71,0.09,26.28,12.98,3.14,0.04471593132667472,2
1039,7585,20110519,20110521,178,13,174,High,Regular Air,34,650.1395,0.0,22.57,20.99,1.25,0.034715626415561585,2
1133,8289,20121028,20121028,178,13,853,Low,Regular Air,38,572.74,0.0,53.31,14.45,7.17,0.0930788839613088,0
1188,8679,20120506,20120507,615,13,1024,Medium,Regular Air,46,446.06,0.01,161.32,9.11,2.15,0.36165538268394387,1
1740,12481,20110710,20110712,149,13,188,Critical,Regular Air,37,744.0,0.04,215.8,20.89,1.99,0.29005376344086026,2
1741,12481,20110710,20110710,149,13,313,Critical,Regular Air,12,388.8665,0.01,103.05,35.99,0.99,0.26500097077017437,0
1804,12902,20101029,20101031,140,13,1258,Not Specified,Delivery Truck,30,3645.45,0.04,-765.5,120.98,56.7,-0.20998779300223566,2
2789,20128,20090831,20090902,149,13,676,Not Specified,Regular Air,32,279.43,0.0,48.47,8.5,1.99,0.17346025838313708,2
2790,20128,20090831,20090902,149,13,255,Not Specified,Regular Air,5,515.22,0.03,-152.54,95.43,19.99,-0.2960676992352781,2
2861,20642,20120519,20120519,178,13,436,High,Delivery Truck,47,1078.98,0.02,-1637.52,20.98,45.0,-1.5176555635878328,0
3486,24804,20110527,20110529,615,13,716,Not Specified,Regular Air,20,211.42,0.0,-113.52,9.71,9.45,-0.5369406867845994,2
3971,28357,20100521,20100522,140,13,7,Not Specified,Regular Air,50,390.46,0.02,-171.17,7.3,7.72,-0.43838037186907747,1
3972,28357,20100521,20100522,140,13,205,Not Specified,Regular Air,43,113.43,0.02,24.27,2.47,1.02,0.21396455964030678,1
4355,31043,20090715,20090716,214,13,615,High,Regular Air,49,772.42,0.02,299.33,15.28,1.99,0.38752233240982886,1
4356,31043,20090715,20090716,214,13,601,High,Regular Air,3,221.4675,0.0,-302.23,85.99,3.3,-1.3646697596712836,1
4547,32355,20090520,20090523,140,13,1040,Not Specified,Regular Air,34,211.86,0.01,-239.32,5.94,9.92,-1.129613895969036,3
4548,32355,20090520,20090522,140,13,1159,Not Specified,Regular Air,50,355.03,0.0,-33.31,6.48,5.11,-0.09382305720643327,2
4735,33700,20110407,20110411,149,13,78,Low,Regular Air,36,260.13,0.0,-133.98,6.48,8.19,-0.5150501672240803,4
5017,35811,20120103,20120104,149,13,889,Critical,Regular Air,49,741.57,0.1,352.41,15.57,1.39,0.47522148954245724,1
5018,35811,20120103,20120105,149,13,264,Critical,Regular Air,6,10.39,0.1,-3.24,1.76,0.7,-0.31183830606352264,2
5433,38598,20090815,20090819,753,13,186,Low,Delivery Truck,17,14665.15,0.04,2860.31,880.98,44.55,0.1950413054077183,4
5434,38598,20090815,20090820,753,13,1148,Low,Regular Air,24,324.97,0.07,113.98,13.4,4.95,0.3507400683139982,5
5435,38598,20090815,20090822,753,13,1230,Low,Regular Air,27,451.52,0.01,-70.52,15.99,11.28,-0.1561835577604536,7
5732,40678,20100428,20100505,140,13,490,Low,Regular Air,42,2753.07,0.07,551.34,67.28,19.99,0.2002637056086478,7
5803,41154,20090430,20090502,742,13,363,Low,Regular Air,43,938.37,0.02,251.17,21.98,2.87,0.26766627236591106,2
6199,43909,20090107,20090108,753,13,23,High,Regular Air,46,737.25,0.08,-199.13,15.99,13.18,-0.2700983384198033,1
6382,45346,20121115,20121115,214,13,72,High,Regular Air,37,692.15,0.09,150.38,19.98,5.97,0.21726504370439934,0
6510,46336,20110729,20110731,648,13,486,High,Regular Air,31,143.85,0.1,34.14,4.84,0.71,0.23733055265901984,2
7342,52320,20120924,20120928,615,13,571,Low,Regular Air,41,112.6,0.1,0.49,2.88,1.01,0.004351687388987567,4
7351,52357,20090903,20090905,214,13,411,Not Specified,Regular Air,49,541.47,0.05,90.62,10.98,4.8,0.16735922581121762,2
7507,53573,20090315,20090317,140,13,457,Not Specified,Regular Air,6,93.73,0.03,51.14,14.2,5.3,0.5456097300757494,2
7887,56420,20110724,20110728,648,13,1012,Low,Regular Air,16,597.44,0.09,108.3,38.06,4.5,0.18127343331547935,4
7888,56420,20110724,20110726,648,13,708,Low,Regular Air,26,132.23,0.07,22.25,5.08,2.03,0.16826741284126145,2
7889,56420,20110724,20110729,648,13,1232,Low,Regular Air,22,2403.137,0.0,377.62,125.99,8.99,0.1571362764586455,5
7890,56420,20110724,20110726,648,13,163,Low,Regular Air,48,5138.335,0.02,1422.2,125.99,8.08,0.2767822650722462,2
8038,57412,20090713,20090713,648,13,52,Low,Regular Air,34,223.499,0.06,-122.13,7.99,5.03,-0.5464453979659865,0
11,66,20090119,20090119,493,13,808,Low,Regular Air,41,108.15,0.09,7.57,2.88,0.7,0.0699953767914933,0
251,1762,20090819,20090821,754,13,48,Not Specified,Regular Air,29,857.11,0.07,285.2,31.78,1.99,0.332746088600063,2
252,1762,20090819,20090820,754,13,478,Not Specified,Regular Air,11,69.6,0.0,6.46,5.98,2.5,0.09281609195402299,1
253,1762,20090819,20090820,754,13,828,Not Specified,Express Air,43,1279.505,0.1,384.2,35.99,1.1,0.3002723709559556,1
859,6150,20121001,20121002,755,13,657,Critical,Regular Air,38,191.14,0.06,82.65,4.98,0.8,0.4324055666003977,1
879,6310,20090503,20090504,756,13,1172,Not Specified,Regular Air,27,216.95,0.08,-88.82,8.09,7.96,-0.4094030882691864,1
1321,9664,20100407,20100410,757,13,836,High,Regular Air,13,88.38,0.06,-64.95,6.48,8.4,-0.7348947725729804,3
1545,11168,20121021,20121023,754,13,441,Critical,Regular Air,35,182.86,0.0,-106.27,4.82,5.72,-0.5811549819534069,2
1725,12417,20101024,20101026,521,13,677,Critical,Regular Air,19,137.84,0.06,34.31,7.4,1.71,0.24891178177597215,2
1899,13607,20101118,20101119,757,13,65,Critical,Regular Air,12,440.6,0.07,2.97,39.48,1.99,0.006740807989105765,1
1900,13607,20101118,20101119,757,13,400,Critical,Express Air,37,109.9,0.09,48.52,2.61,0.5,0.44149226569608735,1
1901,13607,20101118,20101120,757,13,540,Critical,Regular Air,13,315.29,0.0,-361.82,20.34,35.0,-1.1475784198674235,2
2047,14597,20100830,20100831,738,13,669,Critical,Express Air,41,320.42,0.03,-66.37,7.68,6.16,-0.20713438611821985,1
2048,14597,20100830,20100831,738,13,736,Critical,Regular Air,35,266.64,0.07,-36.76,7.96,4.95,-0.13786378637863786,1
2102,15015,20101125,20101126,757,13,864,High,Regular Air,47,306.77,0.03,-102.06,6.24,5.22,-0.3326922450044007,1
2415,17539,20110915,20110916,627,13,551,Not Specified,Regular Air,28,381.79,0.08,73.73,14.34,5.0,0.1931166347992352,1
2416,17539,20110915,20110916,627,13,521,Not Specified,Regular Air,10,1529.3115,0.1,-491.26,195.99,8.99,-0.32122952060453347,1
2492,18145,20100904,20100905,738,13,622,Medium,Regular Air,47,270.32,0.06,-47.15,5.81,3.37,-0.1744229061852619,1
2709,19559,20100415,20100417,757,13,513,High,Regular Air,31,260.77,0.01,-8.75,8.34,4.82,-0.033554473290639264,2
2710,19559,20100415,20100416,757,13,554,High,Express Air,18,2445.212,0.02,275.77,155.99,8.99,0.11277958720961617,1
2711,19559,20100415,20100418,757,13,576,High,Express Air,14,1032.0275,0.07,97.4,85.99,0.99,0.09437733006145671,3
2924,21188,20110921,20110923,757,13,991,Critical,Regular Air,29,21046.74,0.04,5217.27,699.99,24.49,0.24788969693168633,2
2941,21318,20100704,20100706,754,13,737,High,Regular Air,40,1384.34,0.1,562.31,37.7,2.99,0.4061935651646272,2
3029,21792,20120925,20120927,627,13,637,Not Specified,Regular Air,26,362.76,0.09,19.36,14.48,6.46,0.053368618370272354,2
3041,21831,20090919,20090919,627,13,651,Not Specified,Regular Air,6,28.39,0.05,3.84,4.98,0.49,0.13525889397675236,0
3171,22818,20090522,20090524,755,13,157,Critical,Delivery Truck,50,6277.75,0.1,-592.43,130.98,30.0,-0.09436979809645174,2
3172,22818,20090522,20090526,755,13,507,Low,Regular Air,19,360.24,0.08,-53.82,19.98,4.0,-0.149400399733511,4
3482,24801,20121115,20121116,754,13,36,High,Regular Air,3,18.91,0.0,-16.35,3.89,7.01,-0.8646218931782127,1
3483,24801,20121115,20121116,754,13,1205,High,Regular Air,7,685.7,0.01,350.94,88.84,20.79,0.5117981624617179,1
3484,24801,20121115,20121116,754,13,942,High,Regular Air,10,1024.165,0.02,-105.7,115.99,5.99,-0.10320602637270362,1
3714,26529,20110128,20110201,627,13,946,Low,Regular Air,17,201.72,0.05,-81.61,11.34,11.25,-0.4045706920483839,4
3893,27780,20121020,20121021,757,13,246,Critical,Regular Air,18,56.41,0.02,11.92,3.08,0.99,0.2113100514093246,1
3894,27780,20121020,20121020,757,13,145,Critical,Regular Air,39,147.71,0.0,-30.25,3.68,1.32,-0.2047931758174802,0
3895,27780,20121020,20121021,757,13,139,Critical,Regular Air,39,1678.34,0.05,670.11,43.98,1.99,0.39926951630778035,1
3904,27843,20100905,20100907,754,13,24,Medium,Regular Air,26,139.61,0.01,-92.04,4.89,4.93,-0.6592650956235226,2
4030,28773,20110210,20110217,755,13,141,Low,Regular Air,48,2174.419,0.05,-211.7,55.99,5.0,-0.09735934058707177,7
4323,30786,20120716,20120716,553,13,149,Medium,Regular Air,23,65.91,0.01,0.76,2.78,1.34,0.01153087543620088,0
4324,30786,20120716,20120717,553,13,1119,Medium,Regular Air,4,72.72,0.06,-36.61,15.42,10.68,-0.5034378437843784,1
4461,31809,20100728,20100730,738,13,430,High,Regular Air,1,15.0,0.1,-13.74,9.78,5.76,-0.916,2
4481,31878,20111218,20111218,754,13,277,Medium,Regular Air,14,138.95,0.04,9.63,9.27,4.39,0.06930550557754589,0
4482,31878,20111218,20111219,754,13,292,Medium,Regular Air,42,5678.5525,0.01,1727.78,155.99,8.99,0.30426415886795094,1
4910,34976,20121124,20121126,738,13,35,Medium,Delivery Truck,45,4475.0,0.02,-1523.77,95.95,74.35,-0.3405072625698324,2
4911,34976,20121124,20121125,738,13,584,Medium,Regular Air,29,168.2,0.08,-64.53,5.98,5.46,-0.38365041617122475,1
4913,34979,20100928,20100930,553,13,65,Critical,Regular Air,15,609.97,0.0,62.93,39.48,1.99,0.10316900831188419,2
4941,35139,20100118,20100119,738,13,3,High,Regular Air,29,264.78,0.02,53.05,8.69,2.99,0.20035501170783293,1
5132,36608,20110928,20111002,755,13,363,Low,Regular Air,40,825.8,0.1,183.48,21.98,2.87,0.22218454831678372,4
5133,36608,20110928,20111005,755,13,881,Low,Regular Air,49,4273.95,0.05,1340.07,90.48,19.99,0.3135436773944478,7
5204,36994,20110617,20110617,755,13,157,Critical,Delivery Truck,40,5264.48,0.03,-284.06,130.98,30.0,-0.05395784578913777,0
5484,38944,20100420,20100421,755,13,442,Medium,Regular Air,17,1873.349,0.02,194.21,125.99,8.08,0.10366995151464037,1
5485,38944,20100420,20100421,755,13,39,Medium,Delivery Truck,46,24639.8,0.01,8614.79,500.98,26.0,0.34962905543064476,1
5486,38944,20100420,20100422,755,13,274,Medium,Regular Air,32,921.3,0.09,353.16,29.14,4.86,0.38332790621947255,2
5510,39075,20120219,20120220,553,13,993,Not Specified,Regular Air,50,512.33,0.01,250.66,10.35,0.99,0.48925497238108245,1
5566,39425,20120816,20120818,755,13,421,Critical,Regular Air,23,1267.4605,0.05,128.79,65.99,5.99,0.10161263408208776,2
5911,41921,20120223,20120226,756,13,39,Medium,Delivery Truck,32,16313.51,0.04,4860.73,500.98,26.0,0.2979573372008844,3
5912,41921,20120223,20120224,756,13,189,Medium,Express Air,29,337.38,0.04,-5.45,11.58,6.97,-0.016153891754105164,1
6060,42945,20121229,20121229,553,13,788,Not Specified,Regular Air,45,178.7,0.07,-164.92,3.95,5.13,-0.9228875209848909,0
6072,43013,20110422,20110426,738,13,950,Low,Regular Air,50,2437.67,0.08,25.68,50.98,22.24,0.010534649891084519,4
6081,43104,20121028,20121031,757,13,704,High,Delivery Truck,50,4648.52,0.1,1676.7,100.97,14.0,0.36069544715307233,3
6113,43301,20090821,20090822,757,13,541,Critical,Delivery Truck,33,3537.84,0.0,-80.86,100.89,42.0,-0.02285575379327499,1
6114,43301,20090821,20090823,757,13,294,Critical,Regular Air,43,2221.2,0.01,-1127.22,48.91,35.0,-0.5074824419232847,2
6337,44935,20101117,20101118,493,13,1002,High,Regular Air,39,9362.73,0.0,2766.29,232.58,19.99,0.29545762827722255,1
6338,44935,20101117,20101118,493,13,409,High,Express Air,37,125.33,0.06,58.5,3.08,0.5,0.4667677331843932,1
6348,44995,20090806,20090807,758,13,382,High,Regular Air,46,1219.2485,0.01,132.79,28.99,8.59,0.10891134990118913,1
6460,45989,20100823,20100823,757,13,686,High,Regular Air,26,148.12,0.08,-51.62,5.58,5.3,-0.34850121523089383,0
6963,49767,20101108,20101108,141,13,16,Critical,Regular Air,43,634.38,0.09,272.4,15.74,1.39,0.4293956303792679,0
6964,49767,20101108,20101109,141,13,335,Critical,Regular Air,39,5196.19,0.1,2052.13,140.99,13.99,0.3949297466027994,1
6965,49767,20101108,20101110,141,13,496,Critical,Regular Air,7,50.47,0.08,-31.7,6.48,7.49,-0.6280958985535962,2
7181,51239,20120223,20120225,756,13,527,Low,Delivery Truck,48,4046.25,0.09,-1296.93,85.29,60.0,-0.3205264133456905,2
7187,51269,20120112,20120113,755,13,3,High,Regular Air,2,21.07,0.0,-10.43,8.69,2.99,-0.49501661129568103,1
7188,51269,20120112,20120113,755,13,619,Critical,Regular Air,20,430.41,0.08,-1.55,22.98,7.58,-0.0036012174438326246,1
7560,54084,20110910,20110912,738,13,307,Critical,Delivery Truck,3,160.52,0.08,-69.66,50.98,14.19,-0.4339646150012459,2
7588,54307,20120108,20120109,738,13,791,High,Regular Air,15,243.52,0.01,-59.64,14.89,13.56,-0.24490801576872534,1
7589,54307,20120108,20120109,738,13,398,High,Delivery Truck,14,3849.8,0.04,192.2,280.98,35.67,0.04992467141150189,1
7675,55014,20101101,20101102,553,13,339,High,Regular Air,38,235.15,0.03,12.7,5.85,2.27,0.05400807994896874,1
7805,55845,20110721,20110725,738,13,208,Low,Delivery Truck,29,4203.88,0.1,-865.88,150.98,66.27,-0.2059716262119756,4
7806,55846,20090720,20090720,299,13,311,Not Specified,Regular Air,30,221.05,0.02,-66.38,7.1,6.05,-0.3002940511196561,0
7982,57063,20110602,20110602,757,13,496,Medium,Regular Air,26,173.78,0.06,-96.26,6.48,7.49,-0.5539187478420993,0
7983,57063,20110602,20110604,757,13,1006,Medium,Regular Air,22,41.18,0.07,-0.64,1.88,0.79,-0.015541525012141818,2
7986,57093,20120502,20120509,141,13,283,Low,Regular Air,3,18.97,0.05,-7.79,5.34,2.99,-0.4106483921982077,7
7987,57093,20120502,20120509,141,13,1026,Low,Regular Air,47,744.64,0.0,31.93,15.42,5.41,0.04287978083369145,7
8304,59329,20121204,20121206,299,13,415,Critical,Regular Air,35,128.12,0.08,-135.6,3.81,5.44,-1.058382766156728,2
8305,59329,20121204,20121204,299,13,864,Critical,Regular Air,25,165.62,0.03,-64.72,6.24,5.22,-0.3907740611037314,0
8306,59329,20121204,20121206,299,13,1173,Critical,Regular Air,41,214.23,0.01,-165.42,4.86,7.1,-0.7721607617980675,2
8307,59329,20121204,20121205,299,13,725,Critical,Regular Air,41,214.19,0.05,-66.06,4.98,4.7,-0.30841775993277,1
9,36,20111102,20111102,759,13,709,Critical,Regular Air,46,2484.7455,0.1,657.48,65.99,4.2,0.2646065764079259,0
28,194,20120404,20120406,325,13,994,Medium,Regular Air,49,329.03,0.1,-197.25,7.28,7.98,-0.599489408260645,2
29,194,20120404,20120406,325,13,546,Medium,Regular Air,6,20.19,0.04,-13.44,3.14,1.92,-0.6656760772659732,2
65,384,20120302,20120309,760,13,838,Low,Delivery Truck,50,7666.04,0.02,-1820.84,146.05,80.2,-0.23752028426671395,7
120,774,20111203,20111205,761,13,44,Critical,Regular Air,17,126.57,0.03,-752.13,4.48,49.0,-5.942403413131074,2
163,1027,20120602,20120604,188,13,768,Medium,Delivery Truck,19,1406.15,0.04,-379.1,70.98,46.74,-0.2696013938768979,2
171,1060,20100220,20100222,348,13,737,Medium,Regular Air,30,1187.55,0.0,532.61,37.7,2.99,0.44849480021893817,2
190,1280,20100110,20100110,348,13,155,Low,Regular Air,40,827.27,0.05,-170.87,20.97,6.5,-0.20654683476978497,0
254,1764,20120324,20120327,188,13,513,Critical,Regular Air,7,59.99,0.1,-13.78,8.34,4.82,-0.2297049508251375,3
261,1824,20090504,20090505,762,13,68,Critical,Regular Air,39,10656.26,0.06,3116.54,276.2,24.49,0.2924609572213891,1
262,1824,20090504,20090504,762,13,466,Critical,Regular Air,2,17.06,0.09,-5.2,6.28,5.29,-0.30480656506447834,0
358,2503,20100619,20100620,325,13,528,Medium,Regular Air,21,91.15,0.03,-71.54,4.13,5.34,-0.7848601206801975,1
359,2503,20100619,20100620,325,13,85,Medium,Regular Air,46,171.48,0.1,66.13,4.13,0.5,0.385642640541171,1
360,2503,20100619,20100621,325,13,591,Medium,Regular Air,9,162.1545,0.08,-73.74,20.99,4.81,-0.454751487007761,2
595,4069,20120512,20120514,348,13,1166,Medium,Regular Air,8,54.43,0.08,-31.63,6.48,6.74,-0.5811133566048136,2
596,4069,20120512,20120512,348,13,149,Medium,Express Air,47,124.94,0.1,-2.4,2.78,1.34,-0.019209220425804387,0
597,4069,20120512,20120515,348,13,675,Medium,Regular Air,30,78.46,0.05,18.57,2.62,0.8,0.2366811113943411,3
659,4645,20090919,20090919,539,13,162,Critical,Regular Air,30,920.0,0.08,-45.07,30.73,4.0,-0.04898913043478261,0
660,4645,20090919,20090921,539,13,714,Critical,Regular Air,7,104.2,0.05,-8.53,14.56,3.5,-0.08186180422264874,2
661,4645,20090919,20090921,539,13,1035,Critical,Regular Air,11,3563.88,0.0,285.95,299.99,11.64,0.080235585934431,2
811,5858,20120713,20120715,761,13,389,Not Specified,Regular Air,48,2531.66,0.02,354.74,50.98,13.66,0.14012150130744255,2
812,5858,20120713,20120715,761,13,879,Not Specified,Regular Air,29,5382.3105,0.0,1419.05,205.99,8.99,0.26365071283048425,2
877,6304,20110811,20110813,763,13,59,High,Regular Air,30,199.11,0.01,-83.33,6.48,6.65,-0.41851238009140673,2
923,6661,20100416,20100420,539,13,27,Low,Delivery Truck,47,19224.92,0.1,6635.15,449.99,49.0,0.345132775585022,4
924,6661,20100416,20100423,539,13,392,Low,Regular Air,39,778.62,0.0,247.24,19.23,6.15,0.3175361537078421,7
934,6757,20120201,20120203,764,13,140,Medium,Regular Air,27,869.78,0.1,43.36,34.76,8.22,0.04985168663340155,2
935,6757,20120201,20120202,764,13,832,Medium,Delivery Truck,11,2503.008,0.1,-298.62,286.85,61.76,-0.11930445288229204,1
1071,7904,20100527,20100605,765,13,337,Low,Express Air,47,298.3,0.08,146.72,6.3,0.5,0.4918538384177003,9
1074,7909,20090103,20090104,766,13,678,High,Regular Air,29,122.23,0.03,24.55,4.26,1.2,0.20085085494559438,1
1179,8614,20090604,20090606,765,13,757,Low,Regular Air,13,1289.127,0.06,-16.34,115.99,5.92,-0.012675244564732567,2
1271,9249,20100519,20100520,767,13,574,High,Regular Air,46,176.5,0.01,-119.35,3.57,4.17,-0.6762039660056657,1
1272,9249,20100519,20100520,767,13,833,High,Regular Air,42,1546.8,0.07,25.51,37.76,12.9,0.01649211274890096,1
1273,9249,20100519,20100521,767,13,308,High,Delivery Truck,35,3457.56,0.02,-365.44,124.49,51.94,-0.10569303208042666,2
1318,9639,20100905,20100907,762,13,171,Not Specified,Delivery Truck,47,1124.3,0.1,-335.22,25.98,14.36,-0.2981588543982923,2
1319,9639,20100905,20100905,762,13,367,Not Specified,Regular Air,11,43.57,0.09,6.7,4.13,0.99,0.15377553362405325,0
1320,9639,20100905,20100905,762,13,356,Not Specified,Regular Air,23,2610.894,0.0,516.19,125.99,5.63,0.19770622629643336,0
1328,9696,20110219,20110221,348,13,240,Not Specified,Regular Air,15,110.15,0.02,13.91,6.75,2.99,0.1262823422605538,2
1329,9696,20110219,20110221,348,13,131,Not Specified,Delivery Truck,13,3335.27,0.03,539.69,243.98,43.32,0.1618129866547536,2
1355,9888,20090912,20090919,763,13,1044,Low,Regular Air,48,8374.132,0.06,2568.1,205.99,8.99,0.30667058985934303,7
1508,10913,20100206,20100206,767,13,741,Low,Delivery Truck,27,5149.06,0.03,605.44,180.98,30.0,0.1175826267318695,0
1520,10981,20100514,20100516,768,13,613,High,Regular Air,41,73.36,0.09,-94.95,1.86,2.58,-1.2943020719738279,2
1521,10981,20100514,20100516,768,13,664,High,Regular Air,33,3630.146,0.04,951.68,125.99,8.99,0.26216025471151844,2
1773,12707,20100529,20100531,767,13,135,High,Regular Air,20,2213.92,0.03,768.34,105.98,13.99,0.3470495772204958,2
1931,13799,20101201,20101203,761,13,511,Critical,Regular Air,5,118.06,0.05,2.63,22.23,5.08,0.0222768084025072,2
1950,13959,20090404,20090406,766,13,383,Medium,Regular Air,47,228.46,0.01,112.06,4.91,0.5,0.49050161953952554,2
1951,13959,20090404,20090406,766,13,910,Medium,Express Air,19,77.61,0.09,16.79,4.0,1.3,0.21633810076021132,2
1959,14016,20120711,20120713,765,13,308,Low,Delivery Truck,9,1137.62,0.05,-284.68,124.49,51.94,-0.2502417327402824,2
2044,14563,20111202,20111203,762,13,702,Critical,Regular Air,31,953.0455,0.02,298.47,35.99,5.99,0.31317497433228536,1
2155,15428,20110209,20110210,761,13,1113,Critical,Express Air,50,1444.96,0.09,-6.34,29.1,4.0,-0.004387664710441812,1
2156,15428,20110209,20110212,761,13,425,Critical,Regular Air,10,941.6215,0.01,-186.67,110.99,8.99,-0.19824313697170254,3
2327,16772,20121226,20121228,766,13,400,High,Regular Air,38,95.71,0.04,32.81,2.61,0.5,0.34280639431616344,2
2425,17573,20110904,20110906,539,13,27,Low,Delivery Truck,47,21555.6,0.02,8965.83,449.99,49.0,0.41593970940266106,2
2488,18119,20090624,20090626,706,13,427,Low,Regular Air,37,347.84,0.0,-99.25,8.74,8.29,-0.28533233670653174,2
2527,18368,20121130,20121202,769,13,1023,Not Specified,Regular Air,3,212.91,0.0,-65.15,70.97,3.5,-0.3059978394626838,2
2528,18368,20121130,20121201,769,13,532,Not Specified,Regular Air,35,1275.61,0.08,517.33,37.94,5.08,0.4055549893776312,1
2529,18368,20121130,20121202,769,13,1235,Not Specified,Delivery Truck,3,5972.59,0.06,-4852.53,2036.48,14.7,-0.8124666183347592,2
2682,19424,20110409,20110409,761,13,1134,Not Specified,Regular Air,29,60.68,0.09,-115.71,1.98,4.77,-1.906888595912986,0
2683,19424,20110409,20110410,761,13,828,Not Specified,Regular Air,37,1129.055,0.05,337.73,35.99,1.1,0.29912626045675367,1
2684,19425,20120924,20120925,770,13,1153,Not Specified,Regular Air,34,210.24,0.0,-31.67,5.68,3.6,-0.15063736681887366,1
2744,19812,20100402,20100407,766,13,1079,Low,Delivery Truck,3,1358.776,0.01,-163.2,550.98,45.7,-0.1201080972875588,5
2979,21510,20120508,20120508,769,13,847,High,Express Air,16,372.09,0.04,98.28,22.24,1.99,0.2641296460533742,0
3026,21763,20120528,20120602,771,13,440,Low,Regular Air,22,1239.4445,0.07,165.5,65.99,3.99,0.13352756012875122,5
3101,22212,20100917,20100918,772,13,986,Medium,Regular Air,19,116.22,0.01,26.89,5.98,1.49,0.23137153674066427,1
3213,23046,20101006,20101008,763,13,493,Critical,Regular Air,33,292.75,0.08,93.33,8.95,2.01,0.3188044406490179,2
3230,23172,20120424,20120429,766,13,1198,Low,Regular Air,13,1191.73,0.07,147.6,96.45,13.99,0.12385355743331122,5
3301,23585,20121031,20121101,772,13,785,Critical,Regular Air,44,192.78,0.06,4.59,4.28,1.6,0.023809523809523808,1
3340,23906,20100920,20100921,769,13,855,Critical,Express Air,37,321.02,0.1,-11.88,8.67,3.5,-0.037007040059809364,1
3449,24583,20110809,20110812,762,13,388,Critical,Regular Air,17,42.29,0.06,-85.27,2.16,6.05,-2.0163159139276425,3
3540,25191,20110330,20110330,761,13,1154,Medium,Regular Air,42,4091.152,0.05,1303.92,115.99,2.5,0.31871707528832954,0
3589,25603,20110305,20110307,769,13,635,Low,Regular Air,23,862.64,0.04,122.11,35.89,14.72,0.14155383473986832,2
3623,25861,20120807,20120808,764,13,1184,High,Delivery Truck,44,23775.56,0.03,7080.99,535.64,14.7,0.2978264234365037,1
3785,26979,20120328,20120330,765,13,515,Medium,Regular Air,43,337.01,0.05,147.2,7.98,1.25,0.43678229132666685,2
3786,26979,20120328,20120330,765,13,679,Medium,Regular Air,50,6093.242,0.09,1174.38,155.99,8.08,0.19273483639743835,2
3884,27746,20101204,20101205,75,13,982,Critical,Regular Air,3,87.09,0.1,-42.73,29.34,7.87,-0.49064186473762766,1
3885,27746,20101204,20101205,75,13,565,Critical,Regular Air,42,196.1,0.07,71.65,4.76,0.88,0.36537480877103523,1
3905,27844,20110629,20110706,232,13,770,Low,Regular Air,1,11.08,0.09,-9.69,5.8,5.59,-0.8745487364620939,7
3943,28097,20090513,20090516,768,13,299,Medium,Regular Air,43,2438.7,0.0,-1413.18,55.5,52.2,-0.5794808709558372,3
3962,28262,20101231,20110101,764,13,120,Medium,Regular Air,26,299.11,0.05,40.03,11.34,5.01,0.133830363411454,1
3998,28519,20100622,20100624,706,13,576,High,Regular Air,4,268.7105,0.09,-337.66,85.99,0.99,-1.256593992419351,2
4079,29058,20100103,20100105,571,13,186,High,Delivery Truck,33,28389.14,0.07,7132.18,880.98,44.55,0.2512291672097147,2
4094,29187,20090731,20090804,224,13,203,Low,Regular Air,5,142.3,0.03,-24.18,24.92,12.98,-0.16992269852424455,4
4095,29187,20090731,20090804,224,13,388,Low,Regular Air,8,21.93,0.09,-37.79,2.16,6.05,-1.7232102143182855,4
4096,29187,20090731,20090807,224,13,1072,Low,Delivery Truck,35,26095.13,0.03,12606.81,808.49,55.3,0.4831096836842736,7
4097,29187,20090731,20090807,224,13,78,Low,Regular Air,10,75.58,0.0,-43.26,6.48,8.19,-0.5723736438211167,7
4098,29187,20090731,20090804,224,13,341,Low,Regular Air,42,477.53,0.03,51.17,10.98,3.37,0.1071555713777145,4
4120,29317,20111002,20111004,762,13,317,Not Specified,Delivery Truck,40,7789.63,0.08,1774.53,200.98,23.76,0.2278067122571932,2
4121,29317,20111002,20111003,762,13,960,Not Specified,Delivery Truck,20,15703.82,0.06,3055.72,810.98,16.06,0.19458450236948716,1
4122,29317,20111002,20111002,762,13,288,Not Specified,Regular Air,31,140.69,0.06,-14.54,4.71,0.7,-0.10334778591228942,0
4221,29988,20090612,20090614,763,13,27,High,Delivery Truck,12,5177.4,0.06,287.5,449.99,49.0,0.055529802603623446,2
4230,30051,20120320,20120321,772,13,339,Not Specified,Regular Air,42,243.06,0.02,-1.57,5.85,2.27,-0.006459310458323048,1
4245,30211,20100607,20100608,761,13,677,Medium,Regular Air,19,141.96,0.05,38.43,7.4,1.71,0.27071005917159763,1
4271,30401,20121018,20121020,765,13,773,Medium,Regular Air,39,239.4,0.07,-57.37,5.98,5.15,-0.239640768588137,2
4316,30757,20101226,20101226,768,13,426,Medium,Express Air,5,21.32,0.08,2.2,3.38,0.85,0.10318949343339588,0
4317,30757,20101226,20101227,768,13,417,Medium,Regular Air,42,457.51,0.1,-183.75,11.66,7.95,-0.4016305654521213,1
4386,31237,20110729,20110729,773,13,875,Not Specified,Regular Air,13,589.78,0.0,225.26,42.8,2.99,0.38193902811217745,0
4523,32192,20120218,20120218,764,13,585,Not Specified,Regular Air,4,159.256,0.03,-171.17,45.99,2.5,-1.0748103682121866,0
4710,33568,20120721,20120722,773,13,299,Medium,Regular Air,10,628.73,0.02,-181.87,55.5,52.2,-0.2892656625260446,1
4711,33568,20120721,20120722,773,13,1186,Medium,Express Air,23,385.81,0.01,7.35,15.51,5.8,0.019050828127834943,1
4723,33634,20100831,20100902,764,13,60,Not Specified,Regular Air,40,271.34,0.05,-151.92,6.48,7.86,-0.5598879634407017,2
4780,33925,20110503,20110507,772,13,1218,Low,Regular Air,47,1488.86,0.03,-95.05,30.98,19.99,-0.06384079094071975,4
4830,34338,20100630,20100705,760,13,204,Low,Express Air,26,1050.16,0.04,265.09,38.76,13.26,0.2524282014169269,5
4832,34374,20090630,20090707,773,13,207,Low,Regular Air,42,344.57,0.04,37.41,8.33,1.99,0.10857010186609396,7
4857,34565,20090713,20090714,571,13,1052,Medium,Regular Air,47,4815.862,0.08,1316.79,125.99,4.2,0.27342768542786317,1
4909,34948,20100112,20100112,772,13,459,Critical,Delivery Truck,15,1057.06,0.08,-403.74,68.81,60.0,-0.3819461525362799,0
5003,35652,20100921,20100923,224,13,17,Low,Delivery Truck,21,2251.56,0.01,226.63,100.98,26.22,0.10065465721544174,2
5055,36038,20120816,20120818,766,13,685,High,Regular Air,26,95.26,0.02,-89.06,3.28,5.0,-0.9349149695570018,2
5200,36934,20091222,20091224,764,13,222,Medium,Express Air,7,1120.86,0.02,17.4,150.98,13.99,0.015523794229430973,2
5201,36934,20091222,20091224,764,13,444,Medium,Regular Air,2,11.51,0.1,-5.16,5.43,0.95,-0.4483058210251955,2
5202,36934,20091222,20091223,764,13,103,Medium,Delivery Truck,45,6668.856,0.01,871.97,179.29,29.21,0.1307525608590139,1
5259,37440,20100623,20100624,224,13,2,Not Specified,Delivery Truck,39,8407.08,0.04,629.4,208.16,68.02,0.07486547053198019,1
5278,37542,20090720,20090722,763,13,658,Medium,Express Air,26,2546.5235,0.09,210.0,125.99,7.69,0.08246536896282325,2
5367,38146,20111207,20111211,533,13,669,Low,Regular Air,45,341.39,0.03,-82.95,7.68,6.16,-0.24297724010662294,4
5370,38178,20120829,20120830,761,13,383,Medium,Regular Air,32,153.98,0.02,71.6,4.91,0.5,0.4649954539550591,1
5384,38279,20120429,20120501,765,13,378,Medium,Regular Air,1,11.64,0.05,-10.73,7.59,4.0,-0.9218213058419243,2
5460,38787,20110805,20110805,706,13,685,Low,Regular Air,22,79.04,0.05,-77.93,3.28,5.0,-0.9859564777327935,0
5463,38791,20100314,20100321,769,13,818,Low,Delivery Truck,24,1457.712,0.03,-1565.89,70.89,89.3,-1.0742108180491072,7
5464,38817,20120520,20120521,571,13,279,Not Specified,Regular Air,1,9.7,0.02,-18.03,4.98,4.62,-1.8587628865979384,1
5475,38887,20091024,20091025,706,13,853,Critical,Regular Air,25,378.9,0.02,28.46,14.45,7.17,0.07511216679862762,1
5476,38887,20091024,20091026,706,13,931,Critical,Regular Air,50,264.05,0.07,25.05,5.58,1.99,0.09486839613709525,2
5480,38914,20120530,20120531,769,13,448,Medium,Regular Air,43,447.12,0.08,-14.27,10.64,5.16,-0.03191536947575595,1
5509,39072,20090222,20090223,763,13,989,High,Regular Air,50,1633.37,0.08,144.69,34.99,7.73,0.08858372567146452,1
5593,39652,20120504,20120506,571,13,878,Low,Regular Air,5,14.61,0.03,1.17,2.88,0.5,0.08008213552361396,2
5594,39652,20120504,20120509,571,13,521,Low,Regular Air,4,665.7625,0.03,-773.34,195.99,8.99,-1.1615854001990198,5
5612,39750,20090327,20090328,763,13,169,High,Regular Air,7,140.59,0.01,-35.88,17.98,8.51,-0.2552101856462053,1
5654,40006,20090615,20090617,763,13,683,Not Specified,Regular Air,35,157.99,0.03,-105.55,4.24,5.41,-0.6680802582441926,2
5655,40006,20090615,20090616,763,13,900,Not Specified,Regular Air,48,141.59,0.04,20.26,2.94,0.7,0.14308920121477506,1
5737,40770,20110416,20110421,770,13,876,Low,Regular Air,19,217.69,0.09,-11.66,11.33,6.12,-0.053562405255179385,5
5766,40933,20120527,20120528,75,13,842,High,Regular Air,37,95.43,0.06,-103.96,2.52,4.28,-1.0893848894477627,1
5975,42370,20111121,20111123,772,13,1259,High,Regular Air,33,125.27,0.07,-105.83,3.81,4.83,-0.8448151991697933,2
5986,42436,20120809,20120810,762,13,749,Critical,Delivery Truck,30,10994.74,0.09,3612.58,400.97,48.26,0.3285734815011542,1
6047,42855,20110708,20110710,760,13,1077,Not Specified,Regular Air,17,135.38,0.05,-71.12,7.98,6.5,-0.5253360910031024,2
6166,43686,20110507,20110508,765,13,432,Medium,Regular Air,16,1313.64,0.05,284.84,83.1,6.13,0.21683261776437984,1
6260,44295,20100123,20100125,766,13,1154,Medium,Regular Air,47,4524.907,0.07,1464.87,115.99,2.5,0.32373483035120937,2
6333,44869,20120822,20120824,760,13,496,Medium,Regular Air,43,283.18,0.03,-154.95,6.48,7.49,-0.5471784730560068,2
6405,45511,20100821,20100828,760,13,465,Low,Delivery Truck,31,951.31,0.08,-1099.46,31.76,45.51,-1.1557326213326886,7
6474,46053,20120913,20120914,197,13,477,High,Regular Air,25,1458.83,0.05,392.76,60.22,3.5,0.26922945099840284,1
6531,46469,20090816,20090818,763,13,1260,Critical,Delivery Truck,17,1210.72,0.05,-382.43,70.98,30.0,-0.3158698955993128,2
6532,46469,20090816,20090818,763,13,725,Critical,Regular Air,18,93.26,0.05,-35.36,4.98,4.7,-0.37915505039674025,2
6640,47207,20091218,20091222,197,13,455,Low,Express Air,15,437.87,0.09,-111.94,30.98,6.5,-0.2556466531162217,4
6853,48801,20121013,20121013,770,13,1193,High,Regular Air,43,2387.61,0.01,527.13,54.2,11.1,0.2207772626182668,0
6994,49954,20120227,20120229,768,13,403,Critical,Regular Air,36,1921.1275,0.08,248.58,65.99,8.99,0.12939276544633296,2
7084,50563,20110716,20110717,767,13,524,High,Express Air,2,423.04,0.05,-270.7,210.55,9.99,-0.6398922087745839,1
7085,50563,20110716,20110717,767,13,45,High,Express Air,20,2197.4115,0.0,305.96,125.99,7.69,0.1392365517337103,1
7134,50882,20100831,20100831,706,13,804,High,Regular Air,37,366.84,0.08,-50.1,10.23,4.68,-0.13657180242067388,0
7223,51553,20111127,20111128,771,13,1135,Not Specified,Regular Air,3,21366.51,0.0,-11984.4,6783.02,24.49,-0.5608964683516401,1
7224,51553,20111127,20111129,771,13,277,Not Specified,Express Air,34,320.04,0.02,32.47,9.27,4.39,0.10145606799150106,2
7225,51553,20111127,20111129,771,13,1151,Not Specified,Regular Air,12,88.57,0.03,-28.25,6.68,6.15,-0.3189567573670543,2
7226,51553,20111127,20111130,771,13,443,Not Specified,Regular Air,13,73.97,0.1,-38.35,5.78,5.67,-0.5184534270650264,3
7327,52199,20110126,20110127,763,13,1138,Medium,Regular Air,19,92.24,0.05,-60.58,4.82,5.24,-0.656764960971379,1
7341,52293,20110415,20110416,197,13,76,High,Regular Air,4,31.14,0.08,-14.59,6.48,5.86,-0.46852922286448295,1
7407,52839,20100411,20100411,772,13,431,High,Regular Air,8,30.17,0.04,-22.84,3.28,3.97,-0.7570434206165064,0
7408,52839,20100411,20100412,772,13,967,High,Regular Air,25,1158.601,0.1,-155.3,55.99,2.5,-0.13404096837478993,1
7484,53443,20111008,20111009,75,13,667,Critical,Regular Air,35,1477.63,0.04,387.56,42.98,4.62,0.26228487510405174,1
7485,53443,20111008,20111010,75,13,337,Critical,Regular Air,3,19.46,0.01,-2.01,6.3,0.5,-0.10328879753340184,2
7486,53443,20111008,20111009,75,13,366,Critical,Regular Air,22,148.8,0.04,52.08,6.47,1.22,0.35,1
7527,53767,20110826,20110827,761,13,38,Not Specified,Regular Air,35,1131.15,0.03,433.87,30.98,5.76,0.38356539804623613,1
7645,54787,20110224,20110225,770,13,151,High,Regular Air,7,170.02,0.07,-56.1,22.84,16.87,-0.329961181037525,1
7671,55011,20120104,20120105,767,13,1106,Critical,Regular Air,48,452.28,0.09,-21.0,9.85,4.82,-0.046431414168214384,1
7672,55011,20120104,20120105,767,13,857,Critical,Regular Air,18,55.82,0.01,14.19,2.94,0.81,0.254209960587603,1
7754,55490,20091116,20091117,762,13,818,Medium,Delivery Truck,3,246.2,0.04,-184.16,70.89,89.3,-0.7480097481722178,1
7842,56069,20121014,20121019,762,13,474,Low,Regular Air,10,55.66,0.09,8.82,5.68,1.39,0.1584620912684154,5
7856,56163,20090811,20090813,768,13,532,Not Specified,Regular Air,3,119.9,0.03,-14.47,37.94,5.08,-0.1206839032527106,2
7963,56929,20110926,20110928,768,13,137,High,Regular Air,22,205.88,0.08,20.68,9.78,1.99,0.10044686224985429,2
8029,57378,20091228,20091229,761,13,412,Not Specified,Regular Air,9,266.27,0.02,-5.7,29.89,1.99,-0.021406842678484247,1
8030,57378,20091228,20091228,761,13,431,Not Specified,Express Air,10,38.44,0.01,-26.19,3.28,3.97,-0.6813215400624351,0
8241,58914,20090409,20090411,766,13,926,Low,Regular Air,46,99.94,0.07,-55.84,2.12,1.99,-0.5587352411446869,2
8242,58914,20090409,20090416,766,13,92,Low,Regular Air,11,18.7,0.07,-3.36,1.76,0.7,-0.17967914438502675,7
8338,59586,20120307,20120311,75,13,1192,Low,Regular Air,25,167.23,0.05,-43.17,6.68,5.41,-0.25814746157986007,4
64,359,20091218,20091219,220,13,308,Medium,Delivery Truck,30,3659.66,0.08,-500.38,124.49,51.94,-0.1367285485536908,1
129,832,20120418,20120422,774,13,543,Low,Regular Air,7,53.46,0.02,-17.58,6.48,5.9,-0.3288439955106621,4
210,1383,20100426,20100427,775,13,237,High,Regular Air,43,17129.97,0.07,5616.08,415.88,11.37,0.3278511287527065,1
349,2433,20090821,20090821,220,13,1235,Not Specified,Delivery Truck,14,24105.87,0.07,4073.25,2036.48,14.7,0.16897336623818182,0
388,2659,20101217,20101219,774,13,41,Not Specified,Regular Air,50,881.65,0.08,41.27,18.97,9.03,0.04680995860035162,2
466,3172,20120602,20120604,208,13,181,Not Specified,Regular Air,33,584.511,0.05,-95.98,20.99,3.3,-0.16420563513774764,2
614,4199,20120212,20120213,776,13,457,Critical,Express Air,43,639.71,0.01,102.53,14.2,5.3,0.16027574994919572,1
744,5347,20110221,20110223,109,13,314,Medium,Regular Air,7,525.555,0.04,-60.67,85.99,1.25,-0.11543986832967056,2
745,5347,20110221,20110224,109,13,52,Medium,Regular Air,39,276.029,0.05,-108.19,7.99,5.03,-0.39195157030601857,3
746,5347,20110221,20110222,109,13,212,Medium,Regular Air,1,187.204,0.01,-796.76,205.99,5.26,-4.256105638768402,1
803,5764,20101002,20101003,119,13,401,Not Specified,Regular Air,23,193.79,0.02,-117.16,8.04,8.94,-0.6045719593374271,1
813,5860,20120219,20120221,208,13,486,Not Specified,Regular Air,12,56.73,0.09,8.33,4.84,0.71,0.14683588930019392,2
854,6117,20121221,20121222,208,13,511,Critical,Regular Air,7,157.03,0.07,13.21,22.23,5.08,0.08412405272877795,1
974,7077,20111221,20111223,694,13,5,High,Regular Air,14,304.52,0.04,25.34,21.78,5.94,0.08321292525942467,2
991,7142,20110721,20110723,220,13,1045,Critical,Regular Air,36,132.86,0.06,57.0,3.69,0.5,0.42902303176275774,2
1011,7398,20090601,20090604,211,13,553,Not Specified,Regular Air,6,55.77,0.04,-4.37,9.11,2.25,-0.07835753989600143,3
1012,7398,20090601,20090603,211,13,809,Not Specified,Regular Air,34,2181.44,0.07,-896.34,64.65,35.0,-0.4108937215784069,2
1018,7431,20090501,20090502,694,13,402,Medium,Regular Air,33,78.81,0.03,-93.25,2.23,4.57,-1.1832254790001269,1
1088,8005,20120405,20120407,211,13,123,Critical,Regular Air,24,790.63,0.1,52.32,34.54,14.72,0.0661750755726446,2
1115,8165,20091015,20091024,220,13,877,Low,Regular Air,35,183.45,0.01,-149.66,4.98,7.44,-0.8158081221041156,9
1213,8902,20110619,20110621,694,13,772,High,Regular Air,27,180.46,0.05,-57.62,6.48,5.94,-0.3192951346558794,2
1262,9187,20090821,20090822,119,13,537,High,Regular Air,40,174.64,0.04,-143.23,4.37,5.15,-0.8201442968392121,1
1263,9187,20090821,20090823,119,13,554,High,Regular Air,8,994.228,0.09,-446.58,155.99,8.99,-0.44917262438796735,2
1265,9219,20090928,20091003,668,13,88,Low,Regular Air,24,1239.81,0.04,-13.28,50.98,6.5,-0.010711318669796178,5
1266,9219,20090928,20090930,668,13,896,Low,Regular Air,41,273.32,0.02,-48.68,6.48,5.14,-0.17810624908532124,2
1306,9573,20120613,20120614,105,13,63,Medium,Express Air,21,146.25,0.01,60.12,6.35,1.02,0.41107692307692306,1
1336,9762,20090103,20090104,777,13,1126,High,Regular Air,12,262.76,0.05,-146.05,20.98,21.2,-0.5558304155883697,1
1484,10663,20090523,20090523,105,13,282,High,Regular Air,40,104.39,0.07,38.45,2.61,0.5,0.36833029983714916,0
1510,10917,20120210,20120212,774,13,942,Critical,Express Air,14,1281.358,0.09,-90.12,115.99,5.99,-0.07033163253360888,2
1602,11648,20110409,20110416,778,13,753,Low,Regular Air,1,32.51,0.1,-90.94,35.41,1.99,-2.797293140572132,7
1603,11648,20110409,20110409,778,13,1043,Low,Regular Air,33,570.51,0.0,-142.75,16.74,7.04,-0.2502147201626615,0
1663,11972,20090103,20090105,779,13,1144,Not Specified,Delivery Truck,4,896.49,0.0,-452.27,213.45,14.7,-0.5044897321777153,2
1763,12641,20110222,20110228,208,13,938,Low,Regular Air,2,107.12,0.08,-54.87,55.98,4.86,-0.51222927557879,6
1764,12641,20110222,20110226,208,13,387,Low,Regular Air,25,676.24,0.05,219.78,26.38,5.86,0.3250029575298711,4
1765,12641,20110222,20110226,208,13,376,Low,Regular Air,24,3668.6,0.07,993.15,155.06,7.07,0.2707163495611405,4
1960,14018,20100606,20100606,208,13,651,High,Express Air,30,160.68,0.08,77.75,4.98,0.49,0.4838810057256659,0
2086,14916,20090227,20090301,220,13,626,Low,Express Air,16,1685.941,0.07,21.02,125.99,8.8,0.012467814710004679,2
2142,15300,20110208,20110210,220,13,1088,High,Express Air,42,229.88,0.05,-75.25,5.28,5.06,-0.3273447015834348,2
2154,15425,20110725,20110729,777,13,191,Low,Express Air,29,2896.14,0.08,366.63,99.99,19.99,0.12659263709627297,4
2277,16390,20120324,20120326,775,13,341,Medium,Regular Air,8,86.38,0.1,-12.61,10.98,3.37,-0.14598286640426025,2
2333,16805,20111230,20120101,774,13,604,Low,Regular Air,29,852.75,0.08,358.73,30.44,1.49,0.42067428906479043,2
2334,16805,20111230,20120101,774,13,552,Low,Regular Air,26,172.33,0.04,-52.21,6.48,5.74,-0.3029652411071781,2
2368,17155,20090128,20090129,220,13,810,Medium,Express Air,36,267.53,0.0,85.17,6.88,2.0,0.3183568197959108,1
2369,17155,20090128,20090128,220,13,358,Medium,Express Air,31,1065.26,0.03,-900.27,32.48,35.0,-0.8451176238664739,0
2554,18496,20090515,20090516,777,13,455,High,Regular Air,30,991.01,0.01,46.29,30.98,6.5,0.046709922200583245,1
2555,18496,20090515,20090518,777,13,31,High,Regular Air,29,1267.42,0.01,177.79,40.99,19.99,0.14027709835729274,3
2586,18688,20110305,20110307,105,13,880,Not Specified,Regular Air,49,14346.73,0.04,5762.52,304.99,19.99,0.4016608662740569,2
2587,18688,20110305,20110307,105,13,349,Not Specified,Regular Air,15,40.34,0.09,10.59,2.89,0.5,0.26251859196826965,2
2588,18688,20110305,20110306,105,13,1052,Not Specified,Regular Air,41,3951.6755,0.1,812.24,125.99,4.2,0.20554319300762425,1
2645,19140,20090930,20091001,779,13,578,Medium,Regular Air,47,314.0,0.07,-66.04,6.54,5.27,-0.21031847133757964,1
2646,19140,20090930,20091001,779,13,340,Medium,Regular Air,50,155.54,0.09,15.66,3.29,1.35,0.10068149672110069,1
2652,19175,20090819,20090826,775,13,306,Low,Regular Air,19,1133.4495,0.01,169.16,65.99,5.31,0.1492435260679898,7
2688,19457,20090712,20090713,774,13,337,High,Regular Air,34,203.49,0.05,90.35,6.3,0.5,0.4440021622684161,1
2689,19457,20090712,20090714,774,13,595,High,Express Air,33,5638.798,0.09,1406.05,205.99,3.0,0.24935278759764049,2
2734,19745,20121218,20121219,218,13,506,High,Regular Air,25,1071.77,0.09,262.07,45.98,4.8,0.2445207460555903,1
2735,19745,20121218,20121219,218,13,1130,High,Regular Air,29,8635.61,0.03,2733.04,300.97,7.18,0.31648488062800423,1
2736,19745,20121218,20121220,218,13,412,High,Regular Air,2,63.96,0.0,-119.36,29.89,1.99,-1.866166353971232,2
2737,19745,20121218,20121219,218,13,889,High,Regular Air,50,833.0,0.0,436.53,15.57,1.39,0.5240456182472989,1
2878,20741,20101030,20101106,775,13,672,Low,Regular Air,43,1711.02,0.1,139.63,43.98,8.99,0.08160629332211196,7
3321,23746,20101215,20101216,105,13,1066,High,Regular Air,10,408.23,0.06,52.38,40.97,1.99,0.12831002131151556,1
3469,24705,20110915,20110917,208,13,7,Critical,Regular Air,34,260.51,0.03,-127.52,7.3,7.72,-0.48950136271160416,2
3470,24705,20110915,20110917,208,13,412,Critical,Regular Air,15,466.28,0.0,92.7,29.89,1.99,0.1988075834262675,2
3512,25028,20110105,20110106,780,13,839,Critical,Delivery Truck,5,477.39,0.02,-211.36,81.94,55.81,-0.4427407360857999,1
3513,25028,20110105,20110107,780,13,532,Critical,Express Air,14,552.08,0.0,203.24,37.94,5.08,0.3681350528908854,2
3522,25063,20090629,20090629,105,13,293,Not Specified,Regular Air,24,711.875,0.04,217.33,35.99,3.3,0.30529236172080776,0
3562,25412,20110606,20110608,781,13,597,Not Specified,Regular Air,18,129.77,0.01,-99.42,6.48,9.68,-0.7661246821299221,2
3723,26627,20091030,20091030,777,13,1206,Medium,Regular Air,25,38.37,0.1,-13.88,1.6,1.29,-0.3617409434454001,0
3773,26947,20100604,20100607,776,13,351,High,Delivery Truck,4,467.15,0.01,-212.34,100.8,60.0,-0.45454350850904424,3
3810,27138,20120530,20120601,220,13,550,High,Delivery Truck,31,2976.21,0.07,-277.63,100.98,35.84,-0.0932830680630735,2
3811,27138,20120530,20120601,220,13,451,High,Regular Air,37,1894.1655,0.1,134.73,65.99,8.99,0.07112894834163118,2
3919,27939,20120410,20120412,776,13,674,Medium,Regular Air,8,60.17,0.0,-18.24,6.68,5.66,-0.3031411002160545,2
3999,28544,20120828,20120829,208,13,1224,Critical,Regular Air,24,68.5,0.07,2.69,2.78,1.49,0.03927007299270073,1
4262,30343,20120521,20120522,778,13,252,Critical,Regular Air,48,1556.42,0.0,-60.98,30.42,8.65,-0.039179655876948376,1
4263,30343,20120521,20120523,778,13,343,Critical,Regular Air,28,130.28,0.08,56.97,4.91,0.5,0.4372889161805342,2
4272,30403,20120710,20120712,105,13,7,High,Express Air,41,305.01,0.05,-160.82,7.3,7.72,-0.5272614012655322,2
4273,30403,20120710,20120711,105,13,533,High,Regular Air,24,3583.52,0.09,221.71,161.55,19.99,0.061869335178818596,1
4466,31844,20110702,20110702,218,13,208,Not Specified,Delivery Truck,14,2085.93,0.09,-517.73,150.98,66.27,-0.2482010422209758,0
4558,32449,20121209,20121210,779,13,517,Critical,Regular Air,39,277.58,0.08,-276.88,7.28,11.15,-0.997478204481591,1
4559,32449,20121209,20121210,779,13,654,Critical,Delivery Truck,12,4887.14,0.08,-694.33,424.21,110.2,-0.14207286879442782,1
4560,32449,20121209,20121210,779,13,104,Critical,Express Air,44,7195.2585,0.09,1698.16,200.99,8.08,0.2360109786187668,1
4600,32800,20090121,20090122,777,13,146,Not Specified,Delivery Truck,33,11336.37,0.04,1161.75,355.98,58.92,0.10247989435771768,1
4601,32800,20090121,20090122,777,13,471,Not Specified,Regular Air,19,354.13,0.09,8.79,19.98,8.68,0.024821393273656563,1
4602,32800,20090121,20090123,777,13,471,Not Specified,Regular Air,40,751.94,0.07,69.08,19.98,8.68,0.09186903210362528,2
4759,33824,20110302,20110303,781,13,149,Critical,Regular Air,19,50.99,0.06,-3.8,2.78,1.34,-0.07452441655226515,1
4806,34179,20111102,20111104,778,13,190,Not Specified,Regular Air,21,293.27,0.07,44.56,14.48,1.99,0.15194189654584514,2
4819,34245,20100207,20100208,272,13,647,Medium,Regular Air,42,189.22,0.05,-92.42,4.28,4.79,-0.48842617059507454,1
4926,35046,20100724,20100724,220,13,311,Medium,Express Air,21,151.86,0.1,-54.67,7.1,6.05,-0.3600026340050046,0
4927,35046,20100724,20100725,220,13,649,Medium,Delivery Truck,13,3583.87,0.07,-113.08,284.98,69.55,-0.03155248376754737,1
4928,35046,20100724,20100725,220,13,348,Medium,Express Air,45,4951.36,0.03,1759.72,107.53,5.81,0.35540134427712794,1
5004,35684,20110803,20110808,220,13,1198,Low,Regular Air,10,910.98,0.07,18.77,96.45,13.99,0.020604184504599443,5
5064,36101,20120820,20120821,779,13,86,High,Delivery Truck,3,446.05,0.09,-271.26,140.98,53.48,-0.608138101109741,1
5107,36387,20111107,20111110,778,13,188,High,Regular Air,32,616.39,0.09,148.28,20.89,1.99,0.24056198186213273,3
5120,36455,20090219,20090221,775,13,65,High,Regular Air,48,1838.19,0.03,561.43,39.48,1.99,0.3054254456829816,2
5143,36673,20100913,20100920,208,13,160,Low,Regular Air,20,984.6315,0.0,-129.14,55.99,5.0,-0.13115566585062532,7
5149,36704,20110616,20110617,208,13,1171,High,Express Air,43,134.33,0.07,25.02,3.14,1.14,0.18625772351671255,1
5150,36704,20110616,20110618,208,13,574,High,Regular Air,19,70.32,0.08,-56.07,3.57,4.17,-0.7973549488054609,2
5226,37218,20101219,20101221,775,13,1085,High,Regular Air,29,1768.13,0.0,525.54,60.97,4.5,0.29722927612788647,2
5227,37218,20101219,20101220,775,13,1170,High,Regular Air,23,147.05,0.08,-54.91,6.48,5.82,-0.3734104046242774,1
5388,38311,20110423,20110425,668,13,405,Medium,Express Air,9,1201.51,0.1,-185.48,140.85,19.99,-0.15437241471148805,2
5407,38438,20110531,20110602,105,13,701,Critical,Regular Air,16,621.93,0.08,-49.77,39.98,4.0,-0.08002508320872125,2
5408,38438,20110531,20110601,105,13,674,Critical,Regular Air,17,121.09,0.05,-30.51,6.68,5.66,-0.25196135106119416,1
5550,39301,20090322,20090324,109,13,278,Medium,Regular Air,4,33.54,0.08,-29.49,6.84,8.37,-0.8792486583184257,2
5656,40007,20120830,20120901,777,13,1041,Not Specified,Regular Air,45,188.77,0.02,21.93,4.13,1.17,0.11617312072892938,2
5660,40065,20120217,20120218,668,13,27,High,Regular Air,49,21141.07,0.06,6225.36,449.99,24.49,0.2944675931729094,1
5661,40065,20120217,20120218,668,13,164,High,Express Air,4,76.8655,0.04,-54.51,20.99,0.99,-0.7091608068639377,1
5671,40102,20110203,20110205,774,13,855,Medium,Express Air,46,412.37,0.06,2.71,8.67,3.5,0.006571768072362199,2
5707,40357,20120721,20120722,105,13,407,Not Specified,Regular Air,4,240.49,0.05,-53.9,56.96,13.22,-0.2241257432741486,1
5799,41123,20101206,20101211,655,13,120,Low,Regular Air,27,322.46,0.04,54.29,11.34,5.01,0.16836196737579856,5
5891,41794,20110527,20110528,777,13,801,Critical,Regular Air,48,836.59,0.06,-106.8,17.99,8.65,-0.12766110041956036,1
5892,41794,20110527,20110529,777,13,895,Critical,Regular Air,21,58.14,0.04,-2.23,2.78,0.97,-0.038355693154454765,2
5893,41794,20110527,20110529,777,13,591,Critical,Regular Air,49,891.6075,0.06,100.59,20.99,4.81,0.11281870105399518,2
6032,42725,20110502,20110503,775,13,167,Medium,Regular Air,18,231.06,0.04,-29.83,12.28,6.13,-0.12910066649355145,1
6110,43296,20120303,20120304,777,13,447,Medium,Regular Air,41,1665.81,0.06,557.52,40.98,7.47,0.33468402759018134,1
6257,44294,20090603,20090610,272,13,597,Low,Express Air,15,107.86,0.09,-85.29,6.48,9.68,-0.7907472649731133,7
6258,44294,20090603,20090603,272,13,436,Low,Delivery Truck,13,305.6,0.09,-445.77,20.98,45.0,-1.4586714659685862,0
6259,44294,20090603,20090605,272,13,1096,Low,Regular Air,8,447.0405,0.04,-206.15,65.99,8.99,-0.4611439008322512,2
6273,44391,20090110,20090111,779,13,1100,Not Specified,Regular Air,16,112.81,0.02,-85.23,6.48,9.17,-0.7555181278255474,1
6662,47456,20120531,20120607,778,13,952,Low,Regular Air,43,277.08,0.08,-179.11,6.48,7.91,-0.646419806554064,7
6709,47778,20100214,20100216,775,13,807,Critical,Regular Air,12,174.11,0.06,-24.52,13.73,6.85,-0.14083050944805006,2
6740,47974,20090831,20090902,775,13,149,Medium,Regular Air,6,18.02,0.01,-3.09,2.78,1.34,-0.17147613762486127,2
6812,48486,20110512,20110514,775,13,952,High,Regular Air,42,271.14,0.07,-174.74,6.48,7.91,-0.6444641144796047,2
6851,48775,20090906,20090908,211,13,684,Low,Regular Air,17,108.11,0.09,-62.23,6.48,6.86,-0.5756174266950328,2
6902,49218,20100604,20100604,779,13,983,Low,Regular Air,21,86.64,0.09,-73.07,3.98,5.26,-0.8433748845798706,0
6928,49442,20120809,20120809,778,13,275,High,Regular Air,11,131.12,0.03,-24.81,11.5,7.19,-0.18921598535692494,0
7092,50625,20090423,20090424,775,13,211,Medium,Regular Air,10,29.12,0.08,7.13,2.88,0.5,0.2448489010989011,1
7127,50849,20121004,20121009,777,13,1100,Low,Express Air,47,307.37,0.04,-249.27,6.48,9.17,-0.8109769984058302,5
7230,51557,20111031,20111102,211,13,728,High,Regular Air,36,1749.07,0.04,804.66,48.04,5.79,0.4600501981052788,2
7231,51557,20111031,20111031,211,13,270,High,Regular Air,14,37.9,0.08,-22.01,2.6,2.4,-0.5807387862796834,0
7411,52870,20090309,20090311,779,13,933,Not Specified,Regular Air,21,118.51,0.03,-948.71,3.25,49.0,-8.005316007088009,2
7417,52897,20090822,20090824,777,13,656,Medium,Regular Air,40,2055.98,0.0,1016.86,47.9,5.86,0.49458652321520635,2
7531,53798,20090419,20090426,109,13,370,Low,Regular Air,29,2317.65,0.0,568.6,78.65,13.99,0.24533471404224105,7
7532,53798,20090419,20090424,109,13,302,Low,Delivery Truck,41,4987.73,0.08,-1867.97,122.99,70.2,-0.374513055037061,5
7553,54051,20110811,20110813,774,13,229,Medium,Delivery Truck,23,3301.33,0.05,-307.46,140.98,36.09,-0.09313216188627008,2
7554,54051,20110811,20110812,774,13,367,Medium,Express Air,28,126.95,0.06,45.87,4.13,0.99,0.3613233556518314,1
7564,54116,20111103,20111104,655,13,1025,Critical,Delivery Truck,22,3329.27,0.05,350.0,150.98,16.01,0.1051281512163327,1
7747,55459,20090425,20090427,777,13,1073,Critical,Regular Air,5,126.95,0.0,-4.17,22.84,8.18,-0.03284757778653013,2
7915,56582,20090612,20090616,218,13,1064,Low,Regular Air,25,2612.89,0.04,490.99,105.29,10.12,0.18791070423936715,4
7916,56582,20090612,20090614,218,13,465,Low,Delivery Truck,47,1146.992,0.07,-1643.74,31.76,45.51,-1.4330875891026267,2
7989,57121,20111116,20111118,272,13,751,Not Specified,Regular Air,42,199.24,0.07,-84.26,4.98,4.72,-0.4229070467777555,2
7990,57121,20111116,20111118,272,13,781,Not Specified,Regular Air,3,504.6705,0.01,-800.89,195.99,4.2,-1.586956241745852,2
8203,58657,20100327,20100329,109,13,48,Critical,Regular Air,43,1338.12,0.04,519.7,31.78,1.99,0.3883807132394704,2
8273,59170,20090217,20090218,775,13,283,High,Regular Air,44,242.46,0.02,9.3,5.34,2.99,0.03835684236575106,1
8274,59170,20090217,20090219,775,13,845,High,Regular Air,10,607.77,0.04,232.0,62.18,10.84,0.3817233492933182,2
8275,59170,20090217,20090219,775,13,148,High,Regular Air,22,954.57,0.03,-380.9,41.47,34.2,-0.39902783452235036,2
8276,59170,20090217,20090219,775,13,108,High,Regular Air,5,8767.62,0.04,-1510.89,1938.02,13.99,-0.17232612727285168,2
8303,59297,20091209,20091211,208,13,735,Medium,Delivery Truck,13,1582.47,0.05,-205.02,119.99,56.14,-0.12955695842575216,2
2,6,20120220,20120221,782,13,583,Not Specified,Regular Air,2,6.93,0.01,-4.64,2.08,2.56,-0.6695526695526696,1
3,32,20110715,20110717,653,13,348,High,Regular Air,26,2808.08,0.07,1054.82,107.53,5.81,0.3756374462266032,2
4,32,20110715,20110716,653,13,818,High,Delivery Truck,24,1761.4,0.09,-1748.56,70.89,89.3,-0.99271034404451,1
5,32,20110715,20110717,653,13,52,High,Regular Air,23,160.2335,0.04,-85.13,7.99,5.03,-0.531287152811366,2
72,420,20111030,20111030,485,13,192,Not Specified,Regular Air,8,43.29,0.09,-20.69,4.98,4.86,-0.477939477939478,0
73,420,20111030,20111101,485,13,688,Not Specified,Regular Air,6,41.7,0.03,-14.56,5.78,5.37,-0.3491606714628297,2
270,1857,20100112,20100113,783,13,931,High,Regular Air,37,199.76,0.07,20.0,5.58,1.99,0.10012014417300762,1
328,2247,20120801,20120803,784,13,1248,Not Specified,Delivery Truck,6,21134.71,0.06,-4266.09,3502.14,8.73,-0.2018523083590927,2
429,2882,20110821,20110823,785,13,580,High,Delivery Truck,23,3872.87,0.03,565.34,160.98,30.0,0.14597443239767927,2
430,2882,20110821,20110822,785,13,559,High,Regular Air,9,356.72,0.07,12.61,40.98,1.99,0.03534985422740524,1
476,3297,20121102,20121103,786,13,1204,High,Regular Air,40,158.7,0.04,-196.8,3.75,7.5,-1.2400756143667298,1
544,3655,20121005,20121005,485,13,23,Critical,Regular Air,3,62.54,0.02,-30.74,15.99,13.18,-0.4915254237288135,0
545,3655,20121005,20121006,485,13,45,Critical,Regular Air,24,2750.107,0.0,600.42,125.99,7.69,0.21832605058639534,1
551,3746,20090910,20090910,787,13,42,Not Specified,Regular Air,14,1463.0965,0.0,162.67,115.99,2.5,0.1111820033743502,0
552,3746,20090910,20090911,787,13,723,Not Specified,Regular Air,38,246.3,0.02,-67.49,5.98,5.79,-0.27401542833942344,1
569,3845,20120425,20120425,788,13,445,Critical,Regular Air,9,3064.27,0.09,294.39,363.25,19.99,0.09607182134733558,0
570,3845,20120425,20120427,788,13,67,Critical,Regular Air,22,475.72,0.02,-10.4,19.98,10.49,-0.021861599260068948,2
571,3845,20120425,20120426,788,13,956,Critical,Regular Air,15,123.91,0.09,39.04,8.34,0.96,0.3150673876200468,1
640,4514,20090429,20090430,785,13,658,Medium,Regular Air,28,2841.4395,0.08,374.63,125.99,7.69,0.13184514398423758,1
666,4672,20111106,20111107,787,13,803,Critical,Regular Air,20,152.44,0.08,-16.64,7.7,3.68,-0.1091577013907111,1
673,4705,20120321,20120323,35,13,1077,Not Specified,Regular Air,16,123.85,0.09,-71.44,7.98,6.5,-0.5768268066209123,2
692,4805,20120424,20120427,485,13,673,Not Specified,Regular Air,7,55.38,0.02,-25.95,6.48,7.37,-0.46858071505958826,3
728,5222,20090526,20090527,789,13,196,Not Specified,Delivery Truck,40,14451.75,0.01,4503.63,349.45,60.0,0.3116321552753127,1
757,5441,20090720,20090722,697,13,227,Not Specified,Regular Air,34,226.83,0.02,-92.05,6.48,6.6,-0.4058105188907992,2
758,5441,20090720,20090721,697,13,1118,Not Specified,Regular Air,16,278.92,0.04,6.11,17.15,4.96,0.02190592284526029,1
902,6500,20121012,20121014,485,13,252,Critical,Regular Air,15,448.07,0.1,-141.02,30.42,8.65,-0.31472760952529744,2
903,6500,20121012,20121013,485,13,1060,Critical,Regular Air,20,38.29,0.06,-16.15,1.95,1.63,-0.421781143901802,1
914,6562,20091220,20091222,697,13,154,Critical,Delivery Truck,12,17274.87,0.02,2028.12,1360.14,14.7,0.11740290954432653,2
998,7203,20090108,20090110,782,13,318,High,Regular Air,25,21752.01,0.03,9296.35,896.99,19.99,0.4273788950998092,2
1035,7553,20100507,20100508,485,13,55,Medium,Regular Air,12,1079.19,0.07,46.8,92.23,39.61,0.0433658577266283,1
1036,7553,20100507,20100510,485,13,777,Medium,Regular Air,3,19.05,0.04,-14.81,4.28,6.72,-0.7774278215223097,3
1046,7680,20110408,20110408,116,13,1063,Not Specified,Regular Air,32,1141.37,0.04,-0.14,35.44,19.99,-0.0001226596108185777,0
1047,7719,20090321,20090323,485,13,28,Low,Regular Air,37,522.62,0.02,34.52,13.48,4.51,0.06605181585090505,2
1116,8167,20120804,20120806,116,13,731,Critical,Regular Air,4,30.95,0.1,-16.48,6.48,6.22,-0.5324717285945073,2
1117,8167,20120804,20120806,116,13,542,Critical,Regular Air,48,1449.301,0.06,432.38,35.99,1.25,0.2983369224198424,2
1146,8353,20090515,20090517,697,13,1090,Medium,Regular Air,34,286.9,0.06,-36.63,8.32,2.38,-0.12767514813523878,2
1147,8353,20090515,20090517,697,13,361,Medium,Regular Air,16,46.4,0.08,-2.12,2.94,0.96,-0.045689655172413794,2
1178,8609,20120414,20120415,783,13,33,Critical,Regular Air,4,72.0035,0.04,-108.08,20.99,2.5,-1.501038143979112,1
1232,8997,20090701,20090705,485,13,27,Low,Regular Air,40,17279.62,0.04,4176.25,449.99,24.49,0.2416864491233025,4
1233,8997,20090701,20090710,485,13,289,Low,Regular Air,20,120.3,0.01,20.38,5.84,1.2,0.16940980881130507,9
1248,9089,20100523,20100524,540,13,626,Critical,Express Air,8,822.3495,0.1,-360.31,125.99,8.8,-0.4381470408871167,1
1267,9221,20110103,20110107,790,13,933,Low,Regular Air,9,79.64,0.03,-377.74,3.25,49.0,-4.7430939226519335,4
1268,9221,20110103,20110107,790,13,600,Low,Regular Air,25,1527.42,0.04,326.4,60.98,19.99,0.21369367953804452,4
1280,9286,20110403,20110405,789,13,657,Critical,Regular Air,26,123.16,0.1,45.79,4.98,0.8,0.3717927898668399,2
1293,9476,20090525,20090527,782,13,23,Not Specified,Express Air,10,165.04,0.08,-66.59,15.99,13.18,-0.40347794474066895,2
1313,9632,20120116,20120120,311,13,352,Low,Regular Air,33,3633.03,0.09,1440.27,120.98,9.07,0.39643768424703346,4
1341,9796,20100910,20100911,787,13,1066,Critical,Regular Air,29,1222.59,0.02,501.99,40.97,1.99,0.4105955389787255,1
1377,9955,20110904,20110906,653,13,936,Critical,Regular Air,37,2912.015,0.09,698.17,95.99,4.9,0.2397549463172408,2
1379,9985,20100807,20100807,786,13,321,Low,Regular Air,12,81.9,0.08,-23.52,6.68,5.2,-0.28717948717948716,0
1405,10212,20100523,20100525,789,13,727,Low,Regular Air,14,74.02,0.02,-2.91,5.08,3.63,-0.0393136990002702,2
1406,10212,20100523,20100527,789,13,812,Low,Regular Air,22,1276.17,0.0,564.22,55.48,6.79,0.4421197802800567,4
1446,10439,20120328,20120330,786,13,695,Not Specified,Regular Air,41,823.13,0.0,384.51,18.94,1.49,0.4671315588060209,2
1447,10439,20120328,20120330,786,13,661,Not Specified,Regular Air,30,569.61,0.02,-48.44,17.98,4.0,-0.08504064184266427,2
1448,10439,20120328,20120329,786,13,349,Not Specified,Regular Air,27,75.06,0.09,26.13,2.89,0.5,0.3481215027977618,1
1449,10439,20120328,20120330,786,13,1125,Not Specified,Express Air,46,225.13,0.01,-205.75,4.48,7.24,-0.9139164038555502,2
1450,10464,20090810,20090811,697,13,232,Critical,Regular Air,23,121.73,0.01,-69.07,4.98,6.07,-0.567403269530929,1
1498,10820,20111227,20111228,791,13,608,Not Specified,Express Air,49,2072.12,0.04,365.23,40.97,8.99,0.17625909696349634,1
1499,10820,20111227,20111227,791,13,288,Not Specified,Regular Air,33,151.19,0.06,-13.45,4.71,0.7,-0.08896091011310271,0
1529,11013,20090417,20090418,782,13,713,High,Regular Air,2,226.882,0.01,-582.65,125.99,8.99,-2.568075034599483,1
1546,11169,20100521,20100522,692,13,183,Medium,Regular Air,46,398.86,0.08,-26.45,8.85,5.6,-0.06631399488542346,1
1547,11169,20100521,20100521,692,13,400,Medium,Regular Air,44,109.18,0.09,37.17,2.61,0.5,0.3404469683092141,0
1548,11169,20100521,20100522,692,13,725,Medium,Regular Air,5,28.59,0.05,-14.33,4.98,4.7,-0.5012242042672264,1
1606,11651,20110222,20110224,309,13,1188,Medium,Express Air,19,65.85,0.07,3.9,3.28,0.98,0.05922551252847381,2
1635,11840,20090814,20090815,785,13,660,Critical,Regular Air,43,181.5,0.08,-6.24,4.48,2.5,-0.0343801652892562,1
1652,11909,20091124,20091126,788,13,652,Not Specified,Regular Air,11,194.174,0.03,-20.91,20.99,0.99,-0.10768691997898791,2
1653,11910,20110615,20110617,790,13,1134,High,Regular Air,21,49.23,0.01,-77.71,1.98,4.77,-1.5785090392037375,2
1657,11943,20100407,20100414,788,13,853,Low,Regular Air,49,657.94,0.09,7.35,14.45,7.17,0.011171231419278352,7
1658,11943,20100407,20100409,788,13,665,Low,Delivery Truck,19,1270.73,0.08,-425.72,70.98,30.0,-0.3350200278580029,2
1722,12356,20121018,20121021,785,13,687,Critical,Regular Air,39,243.05,0.02,-70.85,5.98,5.35,-0.29150380580127544,3
1756,12581,20091020,20091022,540,13,421,High,Express Air,31,1768.969,0.0,341.1,65.99,5.99,0.1928241817691548,2
1818,13031,20121204,20121209,484,13,673,Low,Regular Air,34,210.06,0.08,-135.0,6.48,7.37,-0.6426735218508998,5
1831,13126,20111019,20111020,786,13,984,Not Specified,Regular Air,43,24233.54,0.07,6492.67,599.99,24.49,0.2679208237838962,1
1832,13126,20111019,20111021,786,13,334,Not Specified,Delivery Truck,45,6325.65,0.02,114.46,135.99,28.63,0.018094583165366405,2
1833,13126,20111019,20111021,786,13,103,Not Specified,Delivery Truck,2,380.62,0.02,-301.73,179.29,29.21,-0.7927329094635069,2
1844,13282,20120509,20120514,783,13,874,Low,Regular Air,22,763.85,0.09,-126.6,34.98,7.53,-0.165739346730379,5
1845,13282,20120509,20120513,783,13,337,Low,Regular Air,2,12.59,0.02,-5.92,6.3,0.5,-0.47021445591739475,4
1933,13825,20090321,20090322,790,13,1108,High,Regular Air,30,186.79,0.09,-88.6,6.48,6.35,-0.4743294608919107,1
1992,14212,20120216,20120217,791,13,864,Critical,Regular Air,4,31.18,0.0,-17.16,6.24,5.22,-0.5503527902501604,1
1993,14212,20120216,20120218,791,13,400,Critical,Regular Air,8,21.99,0.02,4.63,2.61,0.5,0.21055025011368805,2
2067,14789,20101129,20101201,484,13,226,Not Specified,Express Air,37,438.07,0.0,12.06,10.89,4.5,0.027529846828132493,2
2068,14789,20101129,20101130,484,13,686,Not Specified,Regular Air,19,116.37,0.03,-32.6,5.58,5.3,-0.28014092979290195,1
2192,15782,20120330,20120401,116,13,18,High,Regular Air,35,2339.64,0.1,-1916.71,71.37,69.0,-0.8192328734335197,2
2232,16132,20121027,20121028,784,13,954,Medium,Regular Air,26,519.96,0.07,169.44,21.38,2.99,0.3258712208631433,1
2377,17251,20091027,20091029,784,13,1232,Not Specified,Regular Air,26,2951.438,0.0,667.28,125.99,8.99,0.2260864026281426,2
2380,17253,20110817,20110819,783,13,489,Critical,Regular Air,13,50.19,0.08,-64.39,3.52,6.83,-1.2829248854353457,2
2385,17287,20110405,20110406,792,13,222,High,Regular Air,38,5793.46,0.01,2477.77,150.98,13.99,0.4276839746887007,1
2386,17287,20110405,20110407,792,13,237,High,Regular Air,11,4558.21,0.06,993.81,415.88,11.37,0.21802637438819183,2
2387,17287,20110405,20110407,792,13,781,High,Regular Air,26,4361.6985,0.05,1069.79,195.99,4.2,0.245269130821399,2
2516,18279,20090226,20090228,788,13,207,Medium,Regular Air,22,184.35,0.07,11.95,8.33,1.99,0.06482234879305668,2
2517,18279,20090226,20090227,788,13,111,Medium,Regular Air,20,10281.79,0.03,3272.9,499.99,24.49,0.31832005905586475,1
2559,18503,20110505,20110507,484,13,128,Not Specified,Delivery Truck,46,6637.63,0.03,1487.94,145.45,17.85,0.22416736094057668,2
2560,18503,20110505,20110507,484,13,700,Not Specified,Regular Air,13,928.9055,0.06,-23.93,85.99,2.79,-0.02576150103535828,2
2589,18689,20091224,20091225,540,13,311,Not Specified,Regular Air,38,281.17,0.01,-78.37,7.1,6.05,-0.2787281715688018,1
2590,18689,20091224,20091225,540,13,41,Not Specified,Regular Air,10,194.65,0.05,-3.78,18.97,9.03,-0.0194194708451066,1
2599,18758,20100420,20100422,653,13,77,Not Specified,Express Air,20,2022.18,0.09,594.44,102.3,21.26,0.29395998377988114,2
2696,19521,20091123,20091124,279,13,1244,Not Specified,Regular Air,9,351.06,0.02,-306.32,35.48,35.0,-0.8725573975958525,1
2847,20513,20090707,20090708,26,13,26,High,Express Air,13,42.27,0.01,4.56,2.84,0.93,0.10787792760823277,1
2934,21253,20120417,20120418,116,13,639,Medium,Regular Air,5,455.08,0.04,27.8,83.93,19.99,0.061088160323459616,1
3023,21735,20100309,20100311,653,13,981,Not Specified,Regular Air,23,239.49,0.04,-159.35,9.98,12.52,-0.6653722493632301,2
3024,21735,20100309,20100312,653,13,20,Not Specified,Regular Air,14,1819.153,0.02,-35.5,155.99,8.99,-0.01951457628907519,3
3116,22375,20110407,20110408,692,13,439,Not Specified,Regular Air,43,816.11,0.04,66.14,18.97,9.54,0.0810429966548627,1
3170,22817,20121121,20121123,311,13,90,Critical,Delivery Truck,27,6785.86,0.05,-740.07,262.11,62.74,-0.10906060543542014,2
3333,23842,20100917,20100924,785,13,526,Low,Regular Air,20,127.16,0.1,-74.03,6.68,6.92,-0.5821799307958477,7
3342,23911,20120601,20120602,790,13,302,Critical,Delivery Truck,21,2580.67,0.1,-1050.77,122.99,70.2,-0.407169455993986,1
3343,23911,20120601,20120602,790,13,88,Critical,Regular Air,19,955.46,0.03,-79.05,50.98,6.5,-0.08273501768781528,1
3344,23911,20120601,20120602,790,13,119,Critical,Regular Air,3,121.26,0.0,-12.52,35.44,7.5,-0.10324921655945901,1
3422,24391,20090306,20090310,786,13,1254,Low,Delivery Truck,14,3236.8,0.08,501.69,230.98,23.78,0.15499567474048442,4
3485,24802,20090123,20090125,793,13,633,Medium,Regular Air,18,1383.2,0.01,-23.44,73.98,12.14,-0.01694621168305379,2
3509,24996,20110925,20110926,783,13,234,Critical,Regular Air,36,1793.24,0.01,739.36,46.89,5.1,0.41230398608106,1
3510,24996,20110925,20110927,783,13,314,Critical,Regular Air,2,143.667,0.09,-363.55,85.99,1.25,-2.5305045695949664,2
3609,25824,20090904,20090905,692,13,788,Medium,Regular Air,5,25.27,0.01,-19.93,3.95,5.13,-0.7886822318955283,1
3610,25824,20090904,20090905,692,13,1147,Medium,Regular Air,37,14410.78,0.02,6365.58,367.99,19.99,0.44172348755584356,1
3611,25824,20090904,20090905,692,13,564,Medium,Delivery Truck,39,15341.46,0.0,394.52,376.13,85.63,0.025715935771432444,1
3612,25824,20090904,20090906,692,13,936,Medium,Regular Air,6,507.5605,0.04,-258.23,95.99,4.9,-0.5087669351732454,2
3677,26309,20120219,20120221,787,13,246,Low,Regular Air,42,128.13,0.09,32.53,3.08,0.99,0.2538827753063295,2
3738,26723,20110303,20110308,783,13,712,Low,Regular Air,8,441.8045,0.03,-201.49,65.99,7.69,-0.4560614479933998,5
3852,27463,20091113,20091115,789,13,217,Medium,Regular Air,31,835.11,0.0,213.79,25.38,8.99,0.2560022033025589,2
3853,27463,20091113,20091114,789,13,751,Medium,Regular Air,10,54.52,0.01,-20.57,4.98,4.72,-0.3772927366104182,1
3941,28069,20090521,20090526,791,13,268,Low,Express Air,1,10.17,0.02,-4.09,5.18,2.04,-0.4021632251720747,5
3942,28069,20090521,20090525,791,13,794,Low,Regular Air,4,23.58,0.09,-2.87,5.84,0.83,-0.12171331636980494,4
4066,28934,20121128,20121129,788,13,495,Medium,Regular Air,12,1272.35,0.0,297.57,100.98,7.18,0.23387432703265612,1
4067,28934,20121128,20121130,788,13,580,Medium,Delivery Truck,26,4000.35,0.07,303.39,160.98,30.0,0.07584086392440662,2
4068,28934,20121128,20121130,788,13,106,Medium,Express Air,26,3356.92,0.0,1555.9,120.97,7.11,0.46349034233761904,2
4102,29218,20120529,20120529,311,13,55,Low,Express Air,19,1823.02,0.04,80.8,92.23,39.61,0.044322059000998344,0
4103,29218,20120529,20120529,311,13,808,Low,Regular Air,26,74.02,0.04,8.13,2.88,0.7,0.10983517968116727,0
4104,29218,20120529,20120531,311,13,879,Low,Regular Air,13,2252.976,0.02,-54.36,205.99,8.99,-0.024128086584144705,2
4117,29286,20090728,20090730,787,13,1248,Critical,Delivery Truck,4,13070.2,0.07,-6923.6,3502.14,8.73,-0.5297241052164465,2
4165,29536,20120907,20120909,786,13,822,Medium,Delivery Truck,5,495.32,0.05,-72.73,100.98,15.66,-0.1468343697003957,2
4166,29536,20120907,20120909,786,13,778,Medium,Delivery Truck,11,2483.53,0.07,-176.77,220.98,64.66,-0.0711769135061787,2
4167,29536,20120907,20120909,786,13,1063,Medium,Regular Air,26,967.41,0.03,26.64,35.44,19.99,0.02753744534375291,2
4170,29569,20110703,20110704,786,13,776,High,Regular Air,46,27720.98,0.07,11984.4,599.99,24.49,0.43232237821318004,1
4171,29569,20110703,20110705,786,13,83,High,Regular Air,29,520.13,0.1,127.55,18.97,5.21,0.24522715474977408,2
4197,29827,20110714,20110715,786,13,296,Critical,Regular Air,35,926.65,0.01,-75.38,26.31,5.89,-0.08134678681271246,1
4210,29926,20120322,20120324,783,13,610,Medium,Regular Air,9,20.21,0.0,-5.14,2.08,1.49,-0.2543295398317664,2
4337,30913,20120922,20120923,783,13,986,Medium,Regular Air,23,143.1,0.01,36.75,5.98,1.49,0.2568134171907757,1
4338,30913,20120922,20120924,783,13,847,Medium,Regular Air,36,795.52,0.08,290.64,22.24,1.99,0.3653459372485921,2
4339,30913,20120922,20120924,783,13,349,Medium,Regular Air,44,126.36,0.02,50.26,2.89,0.5,0.39775245330800885,2
4340,30913,20120922,20120924,783,13,67,Medium,Express Air,24,496.62,0.07,49.86,19.98,10.49,0.10039869517941283,2
4393,31271,20110420,20110427,784,13,734,Low,Regular Air,4,43.29,0.03,-0.36,8.37,10.16,-0.008316008316008316,7
4406,31399,20111105,20111106,794,13,482,Not Specified,Regular Air,9,337.2035,0.09,-120.93,45.99,4.99,-0.35862617084342246,1
4498,32007,20110205,20110209,789,13,516,Low,Delivery Truck,41,17448.75,0.06,9.93,417.4,75.23,0.0005690952073930797,4
4518,32164,20100202,20100203,309,13,572,Not Specified,Regular Air,12,77.01,0.02,-19.04,5.78,4.96,-0.24724061810154524,1
4519,32164,20100202,20100203,309,13,431,Not Specified,Regular Air,34,111.83,0.07,-92.16,3.28,3.97,-0.8241080211034606,1
4520,32164,20100202,20100203,309,13,301,Not Specified,Delivery Truck,23,6552.9,0.1,-461.45,296.18,54.12,-0.07041920371133392,1
4531,32228,20101104,20101106,311,13,289,Critical,Regular Air,35,209.63,0.01,43.53,5.84,1.2,0.20765157658732053,2
4551,32386,20120418,20120420,790,13,108,Critical,Regular Air,1,1996.16,0.0,-3974.46,1938.02,13.99,-1.9910528214171208,2
4578,32610,20120819,20120820,785,13,278,Not Specified,Regular Air,47,316.99,0.04,-276.54,6.84,8.37,-0.8723934508975046,1
4579,32610,20120819,20120820,785,13,45,Not Specified,Regular Air,20,1991.8985,0.07,88.36,125.99,7.69,0.04435969001432553,1
4634,32994,20120916,20120916,789,13,645,Critical,Regular Air,34,226.41,0.05,-164.89,6.48,8.73,-0.7282805529791087,0
4677,33283,20100320,20100320,279,13,147,Medium,Delivery Truck,48,10462.54,0.02,-1402.68,218.75,69.64,-0.134066870951031,0
4750,33764,20110210,20110212,485,13,870,Critical,Regular Air,4,539.82,0.0,-64.78,120.33,19.99,-0.1200029639509466,2
4751,33764,20110210,20110211,485,13,1044,Critical,Express Air,6,1029.8855,0.06,-620.83,205.99,8.99,-0.6028145847281081,1
4800,34117,20120207,20120209,485,13,240,High,Regular Air,45,299.94,0.06,38.74,6.75,2.99,0.1291591651663666,2
4974,35366,20110712,20110719,786,13,1261,Low,Regular Air,23,149.31,0.06,-98.42,6.48,7.81,-0.6591654946085326,7
4979,35426,20101003,20101004,688,13,172,High,Regular Air,5,53.01,0.08,3.85,10.31,1.79,0.0726278060743256,1
4987,35490,20101207,20101209,793,13,289,High,Express Air,7,44.64,0.03,2.08,5.84,1.2,0.04659498207885305,2
4988,35490,20101207,20101209,793,13,828,High,Regular Air,41,1289.62,0.03,432.52,35.99,1.1,0.3353856174687117,2
5005,35686,20101002,20101004,311,13,1100,High,Regular Air,48,313.52,0.05,-254.68,6.48,9.17,-0.8123245725950499,2
5010,35744,20090321,20090323,789,13,377,Not Specified,Regular Air,44,2587.53,0.02,401.85,55.94,6.55,0.15530254721684386,2
5042,35936,20090121,20090122,783,13,40,Medium,Regular Air,41,312.26,0.08,-10.38,7.84,4.71,-0.033241529494651895,1
5043,35936,20090121,20090122,783,13,98,Medium,Regular Air,40,4152.55,0.03,813.33,105.34,24.49,0.19586278310917388,1
5085,36257,20120227,20120229,688,13,188,High,Regular Air,43,894.51,0.08,294.21,20.89,1.99,0.3289063286044874,2
5086,36262,20100727,20100728,26,13,1151,Not Specified,Express Air,23,164.02,0.03,-47.64,6.68,6.15,-0.2904523838556273,1
5087,36262,20100727,20100728,26,13,1153,Not Specified,Regular Air,23,136.81,0.01,-30.51,5.68,3.6,-0.2230100138878737,1
5088,36262,20100727,20100727,26,13,1038,Not Specified,Express Air,26,4701.69,0.0,1148.9,205.99,2.5,0.2443589432735889,0
5089,36292,20100207,20100208,692,13,1078,Critical,Regular Air,21,109.87,0.05,-98.17,4.98,7.54,-0.8935105124237736,1
5090,36292,20100207,20100207,692,13,151,Critical,Regular Air,37,816.65,0.09,-182.8,22.84,16.87,-0.22384130288373233,0
5103,36357,20120114,20120115,784,13,27,Not Specified,Delivery Truck,38,17605.77,0.01,-370.04,449.99,49.0,-0.021018109403905652,1
5122,36482,20110705,20110706,309,13,773,Medium,Express Air,7,55.68,0.1,-7.4,5.98,5.15,-0.13290229885057472,1
5123,36482,20110705,20110706,309,13,888,Medium,Delivery Truck,47,14588.28,0.06,861.78,328.14,91.05,0.059073448000723866,1
5124,36482,20110705,20110707,309,13,98,Medium,Express Air,27,2675.08,0.07,489.58,105.34,24.49,0.18301508739925534,2
5168,36772,20100515,20100515,279,13,1108,Medium,Regular Air,47,280.45,0.1,-143.65,6.48,6.35,-0.5122125155999288,0
5206,36998,20120929,20121004,692,13,981,Low,Regular Air,50,481.23,0.07,-409.24,9.98,12.52,-0.8504041726409409,5
5207,36998,20120929,20121006,692,13,390,Low,Regular Air,41,265.39,0.1,-237.01,6.48,9.54,-0.8930630393006519,7
5208,36998,20120929,20121001,692,13,488,Low,Regular Air,8,56.5,0.02,-17.16,6.48,5.19,-0.303716814159292,2
5213,37095,20090310,20090314,783,13,1135,Low,Regular Air,3,18888.0,0.09,-14140.7,6783.02,24.49,-0.748660525201186,4
5248,37319,20090804,20090806,793,13,226,Critical,Regular Air,37,388.9,0.1,-37.11,10.89,4.5,-0.09542298791463101,2
5474,38886,20090807,20090809,793,13,153,High,Express Air,26,172.01,0.06,27.47,6.7,1.56,0.15970001744084647,2
5523,39140,20100927,20101002,789,13,839,Low,Delivery Truck,26,2268.91,0.02,-624.29,81.94,55.81,-0.2751497415058332,5
5597,39682,20101109,20101111,26,13,381,Medium,Express Air,43,2337.89,0.09,729.34,55.48,14.3,0.3119650625136341,2
5621,39813,20120202,20120203,789,13,227,Critical,Regular Air,48,314.34,0.03,-130.5,6.48,6.6,-0.4151555640389388,1
5644,39937,20110523,20110523,786,13,428,Medium,Regular Air,42,113.33,0.07,-0.4,2.78,1.49,-0.0035295155739874704,0
5658,40034,20110310,20110311,785,13,923,Medium,Express Air,47,603.69,0.0,131.39,12.28,4.86,0.2176448177044509,1
5673,40128,20090209,20090216,692,13,885,Low,Delivery Truck,43,10318.72,0.01,1445.36,240.98,60.2,0.14007163679216025,7
5720,40519,20101221,20101223,688,13,1086,Critical,Regular Air,38,82.93,0.08,-10.32,2.18,1.38,-0.1244423007355601,2
5753,40838,20121126,20121129,794,13,1172,Not Specified,Regular Air,40,323.96,0.07,-136.82,8.09,7.96,-0.42233609087541674,3
5754,40838,20121126,20121127,794,13,174,Not Specified,Regular Air,10,175.8565,0.03,-93.26,20.99,1.25,-0.5303187542115304,1
5811,41189,20090714,20090719,788,13,795,Low,Regular Air,30,189.04,0.03,66.28,6.45,1.34,0.3506136267456623,5
5818,41255,20091018,20091025,692,13,915,Low,Regular Air,22,1333.19,0.01,331.48,60.65,12.23,0.2486367284483082,7
5882,41760,20120127,20120201,309,13,689,Low,Regular Air,21,6688.66,0.04,2648.08,315.98,19.99,0.3959059064147378,5
5883,41760,20120127,20120203,309,13,981,Low,Regular Air,22,247.45,0.0,-133.18,9.98,12.52,-0.5382097393412811,7
5884,41760,20120127,20120201,309,13,42,Low,Regular Air,7,685.7205,0.08,-278.87,115.99,2.5,-0.40668173111347844,5
5885,41760,20120127,20120201,309,13,95,Low,Regular Air,40,3232.1335,0.05,696.95,95.99,8.99,0.21563156348585233,5
6046,42852,20091220,20091222,697,13,718,Not Specified,Regular Air,13,129.9,0.02,-63.51,9.06,9.86,-0.48891454965357967,2
6069,42982,20120727,20120801,697,13,15,Low,Regular Air,42,1587.59,0.08,651.74,39.89,3.04,0.41052160822378575,5
6111,43298,20110710,20110712,789,13,473,Not Specified,Regular Air,33,5964.19,0.1,988.2,199.99,24.49,0.16568888650428643,2
6112,43298,20110710,20110712,789,13,673,Not Specified,Regular Air,15,109.2,0.03,-50.27,6.48,7.37,-0.4603479853479854,2
6288,44516,20110629,20110629,311,13,429,Critical,Regular Air,17,57.96,0.06,-47.32,3.28,3.97,-0.8164251207729468,0
6357,45088,20101122,20101129,790,13,469,Low,Regular Air,9,1418.956,0.09,-447.41,195.99,4.2,-0.31530928372690914,7
6555,46599,20100913,20100914,793,13,845,Not Specified,Express Air,4,284.0,0.01,208.31,62.18,10.84,0.7334859154929577,1
6681,47524,20100415,20100417,60,13,1123,Medium,Regular Air,8,269.14,0.1,-160.72,35.77,9.02,-0.5971613286765253,2
6741,48000,20120813,20120814,793,13,814,High,Regular Air,12,214.94,0.06,26.75,17.48,1.99,0.12445333581464595,1
6790,48385,20090918,20090920,688,13,279,Medium,Regular Air,16,88.24,0.01,-56.6,4.98,4.62,-0.6414324569356301,2
6945,49602,20120308,20120309,311,13,208,Not Specified,Delivery Truck,31,4878.64,0.03,-519.94,150.98,66.27,-0.1065747831362839,1
7026,50146,20100809,20100809,792,13,700,Not Specified,Regular Air,32,2288.642,0.05,519.59,85.99,2.79,0.22702982816884426,0
7029,50148,20120201,20120203,783,13,108,Medium,Regular Air,9,17965.45,0.0,3459.43,1938.02,13.99,0.19256016409274468,2
7090,50594,20100517,20100519,792,13,1015,Low,Regular Air,39,173.47,0.05,-4.96,4.63,1.93,-0.028592840260563787,2
7091,50594,20100517,20100526,792,13,858,Low,Regular Air,48,2832.88,0.01,668.96,65.99,8.8,0.23614131202168817,9
7109,50726,20111031,20111104,782,13,317,Low,Delivery Truck,45,9248.74,0.0,2532.0,200.98,23.76,0.2737670212374875,4
7110,50726,20111031,20111031,782,13,367,Low,Express Air,21,98.88,0.07,36.01,4.13,0.99,0.36417880258899676,0
7119,50790,20110716,20110718,790,13,1112,Critical,Regular Air,47,255.65,0.0,-148.8,4.97,5.71,-0.5820457656952865,2
7206,51424,20120109,20120110,485,13,675,Not Specified,Regular Air,48,113.98,0.1,21.29,2.62,0.8,0.18678715564134057,1
7207,51424,20120109,20120111,485,13,1043,Not Specified,Regular Air,5,88.94,0.05,-47.54,16.74,7.04,-0.5345176523498988,2
7268,51872,20120423,20120424,792,13,472,Medium,Regular Air,10,2193.93,0.09,41.83,238.4,24.49,0.0190662418582179,1
7269,51872,20120423,20120425,792,13,314,Medium,Express Air,11,812.498,0.0,128.95,85.99,1.25,0.15870808297374267,2
7270,51872,20120423,20120426,792,13,150,Medium,Regular Air,37,4657.6515,0.06,1242.85,155.99,3.9,0.26684048817306316,3
7331,52230,20120830,20120901,794,13,966,Critical,Delivery Truck,29,2700.78,0.06,-793.36,95.98,58.2,-0.29375217529750663,2
7371,52518,20120403,20120404,783,13,125,Critical,Regular Air,8,168.99,0.08,-47.37,20.95,4.0,-0.28031244452334453,1
7390,52673,20120508,20120509,782,13,484,Medium,Regular Air,14,2045.066,0.07,-4.68,175.99,8.99,-0.0022884347008849592,1
7391,52673,20120508,20120510,782,13,460,Medium,Regular Air,4,26.41,0.05,-16.53,5.18,5.74,-0.6258992805755396,2
7438,53026,20120226,20120303,794,13,935,Low,Regular Air,35,322.82,0.05,-17.58,9.31,3.98,-0.05445759246638993,6
7549,54019,20090701,20090708,26,13,362,Low,Delivery Truck,35,4233.15,0.08,1219.87,120.97,26.3,0.28817074755205935,7
7658,54913,20100703,20100705,789,13,565,High,Express Air,11,54.61,0.08,14.99,4.76,0.88,0.274491851309284,2
7738,55424,20100302,20100304,793,13,1099,Medium,Express Air,6,25.84,0.04,-4.13,1.76,4.86,-0.1598297213622291,2
7812,55874,20090216,20090216,309,13,474,Medium,Regular Air,24,129.53,0.06,33.01,5.68,1.39,0.2548444375820273,0
7878,56327,20100111,20100112,793,13,130,Medium,Regular Air,42,1767.47,0.05,331.56,40.99,17.48,0.187590171261747,1
7879,56327,20100111,20100113,793,13,414,Medium,Delivery Truck,11,2164.07,0.01,59.73,180.98,55.24,0.027600770769891914,2
7880,56327,20100111,20100112,793,13,462,Medium,Express Air,47,1276.73,0.08,357.23,29.18,8.55,0.2798007409554095,1
7933,56706,20091110,20091111,794,13,285,High,Regular Air,7,754.92,0.0,-129.57,99.99,19.99,-0.1716340804323637,1
7991,57125,20100603,20100605,786,13,848,Medium,Regular Air,19,61.02,0.0,-71.04,2.84,5.44,-1.1642084562438546,2
7992,57125,20100603,20100605,786,13,258,Medium,Regular Air,31,878.77,0.08,373.52,28.53,1.49,0.42504864754144994,2
7994,57152,20120903,20120903,790,13,161,Low,Regular Air,6,22.89,0.08,-2.66,3.8,1.49,-0.1162079510703364,0
7995,57152,20120903,20120910,790,13,889,Low,Regular Air,18,271.85,0.03,109.19,15.57,1.39,0.40165532462755194,7
8006,57216,20100729,20100729,782,13,544,High,Delivery Truck,46,12719.7,0.03,-545.82,280.98,57.0,-0.04291138941956178,0
8007,57216,20100729,20100731,782,13,1262,High,Regular Air,48,109.78,0.03,4.48,2.2,1.2,0.04080889050828931,2
8017,57281,20100420,20100420,278,13,291,High,Regular Air,26,561.66,0.07,-111.33,22.38,15.1,-0.19821600256382865,0
8018,57281,20100420,20100422,278,13,550,High,Delivery Truck,19,1851.62,0.09,-220.84,100.98,35.84,-0.11926853242025902,2
8102,57827,20090702,20090704,311,13,550,Medium,Delivery Truck,24,2453.3,0.05,-111.4,100.98,35.84,-0.04540822565523988,2
8103,57827,20090702,20090703,311,13,921,Medium,Regular Air,29,147.02,0.02,-77.03,4.98,5.49,-0.523942320772684,1
8247,58949,20121216,20121217,485,13,828,Critical,Regular Air,50,1558.9425,0.02,548.44,35.99,1.1,0.3518025841235325,1
188,1222,20100204,20100204,376,13,1124,Medium,Regular Air,48,257.39,0.08,-121.91,5.28,5.57,-0.47363922452309726,0
805,5767,20120428,20120429,535,13,310,High,Express Air,36,163.54,0.03,-95.06,4.13,5.04,-0.581264522440993,1
806,5767,20120428,20120430,535,13,432,High,Regular Air,31,2390.54,0.08,756.1,82.99,5.5,0.3162883699917174,2
1219,8961,20110628,20110703,535,13,351,Low,Delivery Truck,48,4644.87,0.08,-1291.39,100.8,60.0,-0.2780250039290659,5
1617,11712,20090426,20090428,376,13,406,Low,Regular Air,9,38.96,0.06,0.37,4.28,0.94,0.009496919917864477,2
2082,14883,20110506,20110511,548,13,171,Low,Delivery Truck,38,978.4,0.07,-211.58,25.98,14.36,-0.2162510220768602,5
2083,14883,20110506,20110515,548,13,738,Low,Regular Air,47,5126.418,0.03,1557.64,125.99,2.5,0.3038456871835266,9
2800,20193,20101107,20101109,795,13,489,Medium,Regular Air,23,82.12,0.07,-121.59,3.52,6.83,-1.4806380905991232,2
5166,36772,20100515,20100515,279,13,185,Medium,Regular Air,8,22.85,0.07,0.88,2.88,0.99,0.038512035010940915,0
5167,36772,20100515,20100517,279,13,1072,Medium,Delivery Truck,16,12007.05,0.09,2713.95,808.49,55.3,0.22602970754681626,2
5577,39492,20110417,20110420,548,13,333,Not Specified,Regular Air,31,5347.9875,0.01,1332.44,200.99,4.2,0.249147927140817,3
6492,46212,20120912,20120914,547,13,826,Not Specified,Express Air,43,322.47,0.09,72.28,7.78,2.5,0.22414488169442118,2
6526,46437,20090915,20090917,730,13,982,Medium,Regular Air,49,1488.66,0.0,385.37,29.34,7.87,0.25887039350825575,2
6657,47360,20101008,20101010,279,13,668,Not Specified,Delivery Truck,25,2200.64,0.05,-514.18,89.99,42.0,-0.23365021084775336,2
7396,52706,20120709,20120716,795,13,258,Low,Express Air,34,1041.66,0.02,480.53,28.53,1.49,0.46131175239521527,7
7586,54279,20110730,20110731,795,13,908,High,Delivery Truck,41,10071.09,0.1,1977.69,264.98,17.86,0.19637298445351992,1
7765,55558,20100809,20100809,730,13,208,Medium,Delivery Truck,8,1294.04,0.05,-323.18,150.98,66.27,-0.24974498469908196,0
7766,55558,20100809,20100811,730,13,969,Medium,Regular Air,23,392.57,0.04,22.25,17.07,8.13,0.05667778994828948,2
7906,56550,20110408,20110410,279,13,511,Not Specified,Express Air,37,823.78,0.03,343.05,22.23,5.08,0.4164339993687635,2
7907,56550,20110408,20110409,279,13,403,Not Specified,Regular Air,8,469.8375,0.0,-159.24,65.99,8.99,-0.3389256923936468,1
7914,56581,20090208,20090211,547,13,135,High,Express Air,20,2026.01,0.1,580.43,105.98,13.99,0.2864892078518862,3
